id,student_id,date,status,reason
1,1,2026-04-03,Present,
2,1,2026-04-06,Present,
3,1,2026-05-02,Present,
4,1,2026-05-03,Present,
5,1,2026-05-15,Present,
6,1,2026-05-06,Present,
7,1,2026-06-06,Present,
8,1,2026-05-03,Present,
9,1,2026-04-26,Absent,
10,1,2026-03-28,Present,
11,2,2026-04-10,Present,
12,2,2026-03-31,Present,
13,2,2026-04-29,Present,
14,2,2026-04-11,Present,
15,2,2026-03-29,Absent,Sick
16,2,2026-04-02,Absent,
17,2,2026-05-31,Present,
18,2,2026-05-20,Absent,
19,2,2026-04-12,Present,
20,2,2026-03-12,Present,
21,3,2026-04-29,Present,
22,3,2026-05-31,Present,
23,3,2026-03-25,Present,
24,3,2026-03-24,Present,
25,3,2026-04-30,Present,
26,3,2026-05-01,Present,
27,3,2026-04-11,Absent,
28,3,2026-03-20,Present,
29,3,2026-04-28,Present,
30,3,2026-04-25,Present,
31,4,2026-05-30,Present,
32,4,2026-03-14,Present,
33,4,2026-03-15,Present,
34,4,2026-05-07,Present,
35,4,2026-03-29,Present,
36,4,2026-05-20,Present,
37,4,2026-04-17,Present,
38,4,2026-06-03,Present,
39,4,2026-03-29,Present,
40,4,2026-05-23,Present,
41,5,2026-04-30,Present,
42,5,2026-05-16,Present,
43,5,2026-04-03,Present,
44,5,2026-03-29,Present,
45,5,2026-05-12,Present,
46,5,2026-05-04,Present,
47,5,2026-06-03,Present,
48,5,2026-04-27,Present,
49,5,2026-03-17,Present,
50,5,2026-03-18,Present,
51,6,2026-04-22,Present,
52,6,2026-03-21,Present,
53,6,2026-05-05,Present,
54,6,2026-03-24,Present,
55,6,2026-03-27,Present,
56,6,2026-03-17,Present,
57,6,2026-03-15,Present,
58,6,2026-05-18,Present,
59,6,2026-04-12,Present,
60,6,2026-04-03,Absent,
61,7,2026-03-24,Present,
62,7,2026-03-30,Present,
63,7,2026-05-28,Present,
64,7,2026-04-19,Present,
65,7,2026-06-03,Present,
66,7,2026-04-02,Present,
67,7,2026-04-02,Present,
68,7,2026-04-18,Present,
69,7,2026-05-03,Present,
70,7,2026-05-21,Present,
71,8,2026-04-30,Present,
72,8,2026-03-28,Present,
73,8,2026-05-18,Present,
74,8,2026-05-15,Present,
75,8,2026-05-04,Present,
76,8,2026-06-07,Present,
77,8,2026-05-15,Present,
78,8,2026-04-03,Present,
79,8,2026-03-14,Present,
80,8,2026-05-27,Present,
81,9,2026-04-25,Absent,Sick
82,9,2026-03-23,Present,
83,9,2026-05-12,Present,
84,9,2026-03-22,Present,
85,9,2026-04-01,Present,
86,9,2026-06-04,Present,
87,9,2026-04-21,Present,
88,9,2026-04-15,Present,
89,9,2026-04-25,Present,
90,9,2026-03-28,Present,
91,10,2026-05-03,Present,
92,10,2026-05-18,Present,
93,10,2026-05-04,Present,
94,10,2026-03-26,Present,
95,10,2026-05-17,Present,
96,10,2026-04-20,Present,
97,10,2026-03-26,Present,
98,10,2026-03-16,Present,
99,10,2026-06-08,Present,
100,10,2026-03-30,Present,
101,11,2026-03-31,Present,
102,11,2026-06-03,Present,
103,11,2026-04-20,Present,
104,11,2026-05-02,Present,
105,11,2026-06-03,Present,
106,11,2026-05-19,Present,
107,11,2026-03-25,Present,
108,11,2026-04-21,Present,
109,11,2026-03-26,Present,
110,11,2026-04-28,Present,
111,12,2026-05-04,Present,
112,12,2026-06-03,Present,
113,12,2026-04-11,Present,
114,12,2026-04-26,Present,
115,12,2026-05-22,Present,
116,12,2026-05-15,Absent,Sick
117,12,2026-05-08,Present,
118,12,2026-06-08,Absent,Sick
119,12,2026-04-26,Absent,Sick
120,12,2026-03-15,Present,
121,13,2026-04-24,Present,
122,13,2026-06-06,Present,
123,13,2026-05-05,Present,
124,13,2026-05-06,Present,
125,13,2026-06-08,Present,
126,13,2026-04-11,Present,
127,13,2026-05-31,Present,
128,13,2026-04-28,Present,
129,13,2026-03-21,Present,
130,13,2026-04-21,Present,
131,14,2026-05-21,Present,
132,14,2026-03-13,Present,
133,14,2026-04-27,Present,
134,14,2026-03-28,Present,
135,14,2026-04-12,Present,
136,14,2026-03-19,Present,
137,14,2026-03-27,Present,
138,14,2026-05-29,Absent,Sick
139,14,2026-03-30,Present,
140,14,2026-04-23,Present,
141,15,2026-05-06,Present,
142,15,2026-04-07,Present,
143,15,2026-05-11,Present,
144,15,2026-05-19,Present,
145,15,2026-03-25,Present,
146,15,2026-03-30,Present,
147,15,2026-04-27,Present,
148,15,2026-05-26,Present,
149,15,2026-05-27,Present,
150,15,2026-04-05,Present,
151,16,2026-05-02,Absent,Sick
152,16,2026-05-30,Present,
153,16,2026-03-25,Present,
154,16,2026-03-29,Present,
155,16,2026-04-16,Present,
156,16,2026-04-28,Present,
157,16,2026-05-09,Present,
158,16,2026-05-29,Present,
159,16,2026-06-04,Present,
160,16,2026-03-14,Present,
161,17,2026-04-23,Present,
162,17,2026-03-11,Present,
163,17,2026-04-02,Present,
164,17,2026-05-12,Present,
165,17,2026-04-07,Present,
166,17,2026-04-12,Present,
167,17,2026-05-07,Present,
168,17,2026-04-30,Present,
169,17,2026-06-05,Present,
170,17,2026-04-26,Present,
171,18,2026-05-21,Present,
172,18,2026-03-17,Absent,Sick
173,18,2026-04-03,Present,
174,18,2026-03-24,Present,
175,18,2026-05-19,Present,
176,18,2026-04-10,Present,
177,18,2026-05-07,Present,
178,18,2026-04-16,Present,
179,18,2026-04-25,Present,
180,18,2026-04-08,Present,
181,19,2026-04-06,Present,
182,19,2026-03-15,Absent,
183,19,2026-04-18,Present,
184,19,2026-05-16,Present,
185,19,2026-05-20,Present,
186,19,2026-04-23,Present,
187,19,2026-05-27,Present,
188,19,2026-04-20,Present,
189,19,2026-03-31,Present,
190,19,2026-04-03,Present,
191,20,2026-04-16,Present,
192,20,2026-03-22,Present,
193,20,2026-04-11,Present,
194,20,2026-04-30,Absent,
195,20,2026-05-01,Present,
196,20,2026-04-18,Present,
197,20,2026-03-28,Present,
198,20,2026-06-01,Absent,
199,20,2026-04-30,Absent,Sick
200,20,2026-03-16,Present,
201,21,2026-04-20,Present,
202,21,2026-03-17,Present,
203,21,2026-03-15,Present,
204,21,2026-03-26,Present,
205,21,2026-04-19,Present,
206,21,2026-05-23,Present,
207,21,2026-04-20,Present,
208,21,2026-05-31,Present,
209,21,2026-03-20,Present,
210,21,2026-03-19,Present,
211,22,2026-05-12,Present,
212,22,2026-05-01,Present,
213,22,2026-04-16,Present,
214,22,2026-04-20,Present,
215,22,2026-04-13,Present,
216,22,2026-03-14,Present,
217,22,2026-03-18,Absent,
218,22,2026-04-19,Absent,Sick
219,22,2026-04-22,Present,
220,22,2026-03-22,Present,
221,23,2026-05-20,Present,
222,23,2026-05-22,Present,
223,23,2026-03-11,Present,
224,23,2026-05-15,Present,
225,23,2026-03-25,Present,
226,23,2026-05-08,Present,
227,23,2026-05-06,Present,
228,23,2026-03-23,Present,
229,23,2026-03-24,Present,
230,23,2026-03-28,Present,
231,24,2026-05-22,Present,
232,24,2026-06-07,Present,
233,24,2026-03-26,Present,
234,24,2026-05-29,Present,
235,24,2026-04-17,Present,
236,24,2026-05-16,Present,
237,24,2026-05-13,Present,
238,24,2026-03-26,Present,
239,24,2026-05-04,Present,
240,24,2026-04-17,Present,
241,25,2026-05-14,Present,
242,25,2026-04-08,Absent,Sick
243,25,2026-05-18,Present,
244,25,2026-04-05,Present,
245,25,2026-03-26,Absent,
246,25,2026-03-26,Present,
247,25,2026-03-14,Present,
248,25,2026-03-24,Present,
249,25,2026-05-03,Present,
250,25,2026-05-29,Present,
251,26,2026-05-22,Present,
252,26,2026-04-29,Present,
253,26,2026-04-21,Present,
254,26,2026-03-17,Present,
255,26,2026-05-09,Present,
256,26,2026-04-06,Present,
257,26,2026-03-23,Present,
258,26,2026-04-27,Absent,Sick
259,26,2026-05-22,Present,
260,26,2026-04-02,Present,
261,27,2026-05-14,Present,
262,27,2026-06-07,Present,
263,27,2026-03-19,Present,
264,27,2026-05-22,Present,
265,27,2026-04-18,Present,
266,27,2026-05-13,Present,
267,27,2026-03-29,Present,
268,27,2026-03-15,Present,
269,27,2026-05-01,Present,
270,27,2026-04-25,Present,
271,28,2026-04-27,Present,
272,28,2026-04-01,Present,
273,28,2026-04-18,Present,
274,28,2026-03-27,Present,
275,28,2026-04-02,Present,
276,28,2026-05-17,Present,
277,28,2026-03-27,Present,
278,28,2026-03-30,Present,
279,28,2026-04-03,Present,
280,28,2026-05-29,Present,
281,29,2026-03-31,Present,
282,29,2026-05-13,Present,
283,29,2026-03-13,Present,
284,29,2026-03-28,Present,
285,29,2026-04-12,Present,
286,29,2026-03-25,Present,
287,29,2026-05-04,Present,
288,29,2026-03-24,Absent,
289,29,2026-06-07,Present,
290,29,2026-05-13,Present,
291,30,2026-03-16,Present,
292,30,2026-04-11,Present,
293,30,2026-05-30,Present,
294,30,2026-05-06,Present,
295,30,2026-05-21,Absent,
296,30,2026-06-04,Present,
297,30,2026-06-08,Absent,
298,30,2026-04-18,Present,
299,30,2026-05-28,Present,
300,30,2026-03-24,Present,
301,31,2026-04-19,Present,
302,31,2026-05-02,Present,
303,31,2026-05-22,Present,
304,31,2026-05-03,Present,
305,31,2026-06-03,Present,
306,31,2026-05-22,Present,
307,31,2026-03-23,Present,
308,31,2026-06-08,Present,
309,31,2026-05-01,Present,
310,31,2026-06-04,Present,
311,32,2026-05-03,Absent,Sick
312,32,2026-05-08,Present,
313,32,2026-06-08,Present,
314,32,2026-04-27,Present,
315,32,2026-04-24,Present,
316,32,2026-06-06,Present,
317,32,2026-06-06,Present,
318,32,2026-04-25,Present,
319,32,2026-05-28,Present,
320,32,2026-04-26,Present,
321,33,2026-04-20,Present,
322,33,2026-04-10,Present,
323,33,2026-05-08,Present,
324,33,2026-04-30,Present,
325,33,2026-04-06,Absent,
326,33,2026-03-16,Present,
327,33,2026-03-21,Present,
328,33,2026-04-29,Present,
329,33,2026-04-20,Present,
330,33,2026-04-29,Present,
331,34,2026-04-09,Present,
332,34,2026-04-29,Present,
333,34,2026-05-01,Present,
334,34,2026-05-16,Absent,Sick
335,34,2026-05-15,Absent,Sick
336,34,2026-04-10,Present,
337,34,2026-04-28,Present,
338,34,2026-06-05,Present,
339,34,2026-04-03,Present,
340,34,2026-03-17,Present,
341,35,2026-05-18,Present,
342,35,2026-05-24,Present,
343,35,2026-03-18,Present,
344,35,2026-03-31,Present,
345,35,2026-03-16,Present,
346,35,2026-03-22,Present,
347,35,2026-03-12,Present,
348,35,2026-03-25,Present,
349,35,2026-04-30,Present,
350,35,2026-04-06,Present,
351,36,2026-06-05,Present,
352,36,2026-06-02,Present,
353,36,2026-03-11,Present,
354,36,2026-03-19,Present,
355,36,2026-04-17,Present,
356,36,2026-06-07,Present,
357,36,2026-04-19,Present,
358,36,2026-04-08,Present,
359,36,2026-04-27,Present,
360,36,2026-04-20,Present,
361,37,2026-04-03,Present,
362,37,2026-03-15,Present,
363,37,2026-04-06,Present,
364,37,2026-04-25,Present,
365,37,2026-03-24,Present,
366,37,2026-04-07,Present,
367,37,2026-05-15,Present,
368,37,2026-05-25,Present,
369,37,2026-05-15,Present,
370,37,2026-05-28,Present,
371,38,2026-06-04,Present,
372,38,2026-03-13,Present,
373,38,2026-04-24,Present,
374,38,2026-05-28,Present,
375,38,2026-05-16,Present,
376,38,2026-04-13,Present,
377,38,2026-03-18,Present,
378,38,2026-03-12,Absent,
379,38,2026-05-12,Present,
380,38,2026-05-06,Present,
381,39,2026-03-17,Absent,
382,39,2026-04-19,Present,
383,39,2026-04-19,Present,
384,39,2026-05-21,Present,
385,39,2026-06-07,Present,
386,39,2026-04-26,Present,
387,39,2026-04-15,Present,
388,39,2026-06-06,Present,
389,39,2026-05-29,Present,
390,39,2026-05-13,Absent,Sick
391,40,2026-03-30,Present,
392,40,2026-03-30,Absent,
393,40,2026-03-29,Present,
394,40,2026-03-11,Present,
395,40,2026-05-31,Present,
396,40,2026-03-16,Present,
397,40,2026-04-24,Present,
398,40,2026-03-29,Present,
399,40,2026-05-11,Present,
400,40,2026-05-17,Present,
401,41,2026-04-24,Present,
402,41,2026-06-03,Present,
403,41,2026-05-05,Present,
404,41,2026-03-31,Present,
405,41,2026-04-28,Present,
406,41,2026-05-29,Absent,Sick
407,41,2026-03-14,Present,
408,41,2026-05-19,Present,
409,41,2026-06-02,Present,
410,41,2026-05-18,Present,
411,42,2026-04-05,Present,
412,42,2026-05-14,Present,
413,42,2026-04-03,Present,
414,42,2026-03-31,Present,
415,42,2026-04-07,Present,
416,42,2026-03-20,Present,
417,42,2026-06-08,Present,
418,42,2026-03-30,Present,
419,42,2026-03-30,Present,
420,42,2026-03-31,Present,
421,43,2026-06-03,Present,
422,43,2026-06-05,Present,
423,43,2026-03-24,Present,
424,43,2026-03-29,Present,
425,43,2026-05-27,Present,
426,43,2026-03-31,Present,
427,43,2026-04-04,Present,
428,43,2026-04-05,Absent,
429,43,2026-05-20,Present,
430,43,2026-05-17,Present,
431,44,2026-04-04,Present,
432,44,2026-05-25,Present,
433,44,2026-06-08,Present,
434,44,2026-03-25,Present,
435,44,2026-05-30,Present,
436,44,2026-04-21,Present,
437,44,2026-03-23,Present,
438,44,2026-05-31,Present,
439,44,2026-04-28,Absent,
440,44,2026-03-21,Present,
441,45,2026-05-11,Present,
442,45,2026-03-13,Present,
443,45,2026-05-29,Present,
444,45,2026-06-07,Present,
445,45,2026-03-22,Absent,
446,45,2026-04-18,Present,
447,45,2026-06-03,Present,
448,45,2026-05-22,Present,
449,45,2026-05-20,Present,
450,45,2026-03-29,Present,
451,46,2026-03-14,Present,
452,46,2026-03-29,Present,
453,46,2026-05-01,Absent,
454,46,2026-04-26,Present,
455,46,2026-05-18,Present,
456,46,2026-04-24,Present,
457,46,2026-04-13,Present,
458,46,2026-04-18,Present,
459,46,2026-06-08,Present,
460,46,2026-04-01,Present,
461,47,2026-04-06,Present,
462,47,2026-04-09,Present,
463,47,2026-05-15,Present,
464,47,2026-05-16,Present,
465,47,2026-05-09,Present,
466,47,2026-05-23,Present,
467,47,2026-05-19,Present,
468,47,2026-04-25,Present,
469,47,2026-05-22,Present,
470,47,2026-05-15,Present,
471,48,2026-05-21,Present,
472,48,2026-04-01,Present,
473,48,2026-04-07,Present,
474,48,2026-03-21,Present,
475,48,2026-05-21,Present,
476,48,2026-05-09,Present,
477,48,2026-03-20,Present,
478,48,2026-05-06,Present,
479,48,2026-04-12,Present,
480,48,2026-05-03,Present,
481,49,2026-05-31,Present,
482,49,2026-05-06,Present,
483,49,2026-04-05,Present,
484,49,2026-05-02,Present,
485,49,2026-03-25,Absent,Sick
486,49,2026-04-01,Present,
487,49,2026-04-21,Present,
488,49,2026-05-17,Present,
489,49,2026-05-10,Present,
490,49,2026-05-10,Present,
491,50,2026-04-06,Present,
492,50,2026-05-17,Present,
493,50,2026-05-22,Present,
494,50,2026-03-17,Present,
495,50,2026-03-14,Absent,Sick
496,50,2026-03-21,Present,
497,50,2026-03-12,Absent,Sick
498,50,2026-03-21,Present,
499,50,2026-05-02,Present,
500,50,2026-04-17,Present,
501,51,2026-06-08,Present,
502,51,2026-05-01,Absent,
503,51,2026-03-24,Present,
504,51,2026-04-13,Present,
505,51,2026-04-20,Present,
506,51,2026-03-29,Present,
507,51,2026-05-05,Present,
508,51,2026-04-25,Present,
509,51,2026-04-20,Present,
510,51,2026-04-28,Absent,Sick
511,52,2026-05-15,Present,
512,52,2026-05-27,Present,
513,52,2026-04-21,Present,
514,52,2026-04-30,Absent,
515,52,2026-03-28,Present,
516,52,2026-04-29,Absent,Sick
517,52,2026-05-31,Present,
518,52,2026-04-24,Present,
519,52,2026-03-24,Absent,Sick
520,52,2026-05-26,Present,
521,53,2026-04-21,Present,
522,53,2026-03-11,Absent,
523,53,2026-04-25,Present,
524,53,2026-04-14,Present,
525,53,2026-03-17,Present,
526,53,2026-05-15,Present,
527,53,2026-03-12,Absent,Sick
528,53,2026-05-04,Present,
529,53,2026-04-11,Present,
530,53,2026-06-02,Present,
531,54,2026-04-06,Present,
532,54,2026-06-02,Absent,Sick
533,54,2026-04-26,Present,
534,54,2026-05-24,Present,
535,54,2026-03-22,Present,
536,54,2026-05-21,Present,
537,54,2026-06-08,Present,
538,54,2026-03-25,Present,
539,54,2026-03-12,Present,
540,54,2026-06-04,Present,
541,55,2026-05-16,Present,
542,55,2026-04-20,Present,
543,55,2026-04-10,Present,
544,55,2026-03-27,Present,
545,55,2026-06-05,Present,
546,55,2026-05-30,Present,
547,55,2026-03-25,Present,
548,55,2026-06-03,Present,
549,55,2026-04-20,Present,
550,55,2026-04-14,Present,
551,56,2026-05-17,Present,
552,56,2026-04-29,Present,
553,56,2026-04-08,Present,
554,56,2026-05-31,Present,
555,56,2026-05-23,Present,
556,56,2026-05-28,Present,
557,56,2026-05-25,Present,
558,56,2026-03-20,Present,
559,56,2026-06-01,Present,
560,56,2026-04-24,Present,
561,57,2026-03-17,Absent,
562,57,2026-04-02,Present,
563,57,2026-04-18,Present,
564,57,2026-05-20,Absent,
565,57,2026-04-10,Present,
566,57,2026-05-30,Present,
567,57,2026-03-17,Present,
568,57,2026-06-07,Present,
569,57,2026-04-24,Present,
570,57,2026-04-14,Present,
571,58,2026-03-15,Present,
572,58,2026-03-29,Absent,
573,58,2026-04-08,Present,
574,58,2026-04-14,Present,
575,58,2026-03-31,Present,
576,58,2026-05-06,Present,
577,58,2026-04-27,Present,
578,58,2026-05-06,Present,
579,58,2026-04-13,Present,
580,58,2026-05-04,Present,
581,59,2026-05-09,Present,
582,59,2026-03-12,Present,
583,59,2026-04-14,Present,
584,59,2026-05-26,Absent,
585,59,2026-03-22,Present,
586,59,2026-03-18,Absent,
587,59,2026-03-20,Present,
588,59,2026-05-27,Present,
589,59,2026-05-10,Present,
590,59,2026-05-24,Present,
591,60,2026-03-26,Present,
592,60,2026-04-07,Present,
593,60,2026-06-04,Present,
594,60,2026-03-18,Present,
595,60,2026-03-28,Present,
596,60,2026-05-20,Present,
597,60,2026-05-26,Present,
598,60,2026-05-02,Present,
599,60,2026-03-11,Present,
600,60,2026-04-04,Present,
601,61,2026-05-10,Present,
602,61,2026-06-05,Present,
603,61,2026-03-31,Present,
604,61,2026-03-21,Present,
605,61,2026-04-14,Present,
606,61,2026-04-05,Present,
607,61,2026-03-11,Present,
608,61,2026-03-24,Present,
609,61,2026-05-16,Present,
610,61,2026-06-06,Present,
611,62,2026-05-06,Present,
612,62,2026-04-20,Present,
613,62,2026-04-13,Present,
614,62,2026-04-25,Present,
615,62,2026-03-26,Present,
616,62,2026-04-10,Present,
617,62,2026-03-11,Present,
618,62,2026-03-12,Present,
619,62,2026-05-23,Present,
620,62,2026-05-30,Present,
621,63,2026-05-10,Present,
622,63,2026-04-12,Present,
623,63,2026-05-01,Present,
624,63,2026-05-04,Present,
625,63,2026-04-11,Present,
626,63,2026-05-22,Absent,
627,63,2026-05-23,Present,
628,63,2026-03-16,Present,
629,63,2026-04-29,Present,
630,63,2026-05-19,Present,
631,64,2026-04-19,Present,
632,64,2026-04-16,Present,
633,64,2026-04-23,Present,
634,64,2026-04-04,Present,
635,64,2026-04-24,Present,
636,64,2026-05-06,Present,
637,64,2026-05-11,Present,
638,64,2026-03-19,Present,
639,64,2026-05-27,Present,
640,64,2026-04-02,Present,
641,65,2026-05-23,Present,
642,65,2026-04-10,Present,
643,65,2026-05-31,Present,
644,65,2026-03-15,Present,
645,65,2026-05-23,Present,
646,65,2026-05-07,Present,
647,65,2026-03-12,Present,
648,65,2026-04-13,Present,
649,65,2026-04-17,Present,
650,65,2026-06-08,Present,
651,66,2026-05-15,Present,
652,66,2026-05-16,Absent,Sick
653,66,2026-06-06,Absent,Sick
654,66,2026-03-25,Present,
655,66,2026-05-02,Present,
656,66,2026-04-18,Present,
657,66,2026-05-02,Present,
658,66,2026-06-05,Present,
659,66,2026-04-29,Present,
660,66,2026-04-24,Present,
661,67,2026-03-19,Present,
662,67,2026-05-19,Present,
663,67,2026-04-30,Present,
664,67,2026-03-13,Present,
665,67,2026-05-06,Present,
666,67,2026-05-26,Present,
667,67,2026-05-27,Present,
668,67,2026-06-04,Present,
669,67,2026-03-20,Present,
670,67,2026-04-03,Present,
671,68,2026-03-11,Present,
672,68,2026-06-02,Present,
673,68,2026-05-31,Present,
674,68,2026-05-17,Absent,Sick
675,68,2026-03-12,Present,
676,68,2026-05-18,Present,
677,68,2026-03-16,Absent,
678,68,2026-05-22,Present,
679,68,2026-04-08,Present,
680,68,2026-04-02,Absent,
681,69,2026-05-22,Present,
682,69,2026-05-24,Present,
683,69,2026-04-23,Absent,
684,69,2026-03-29,Present,
685,69,2026-04-28,Absent,Sick
686,69,2026-03-24,Present,
687,69,2026-05-14,Present,
688,69,2026-05-30,Present,
689,69,2026-05-25,Present,
690,69,2026-05-08,Present,
691,70,2026-05-27,Present,
692,70,2026-05-05,Present,
693,70,2026-04-12,Present,
694,70,2026-03-20,Present,
695,70,2026-04-06,Absent,
696,70,2026-04-09,Present,
697,70,2026-03-29,Present,
698,70,2026-03-31,Present,
699,70,2026-04-02,Present,
700,70,2026-05-13,Present,
701,71,2026-04-21,Present,
702,71,2026-05-31,Present,
703,71,2026-03-20,Absent,
704,71,2026-04-09,Present,
705,71,2026-04-13,Present,
706,71,2026-03-26,Present,
707,71,2026-03-30,Present,
708,71,2026-04-13,Present,
709,71,2026-05-01,Present,
710,71,2026-05-14,Present,
711,72,2026-05-03,Present,
712,72,2026-03-16,Present,
713,72,2026-05-13,Present,
714,72,2026-05-22,Present,
715,72,2026-05-26,Present,
716,72,2026-04-11,Present,
717,72,2026-05-29,Present,
718,72,2026-05-05,Present,
719,72,2026-05-17,Present,
720,72,2026-03-19,Present,
721,73,2026-03-20,Present,
722,73,2026-04-24,Present,
723,73,2026-04-03,Present,
724,73,2026-05-01,Present,
725,73,2026-03-18,Present,
726,73,2026-04-12,Present,
727,73,2026-03-12,Present,
728,73,2026-04-29,Present,
729,73,2026-04-04,Present,
730,73,2026-05-30,Present,
731,74,2026-05-08,Present,
732,74,2026-04-17,Present,
733,74,2026-04-15,Present,
734,74,2026-05-04,Present,
735,74,2026-06-05,Present,
736,74,2026-05-29,Present,
737,74,2026-03-16,Present,
738,74,2026-03-22,Present,
739,74,2026-05-20,Present,
740,74,2026-04-30,Present,
741,75,2026-05-08,Present,
742,75,2026-04-22,Present,
743,75,2026-03-21,Absent,
744,75,2026-03-28,Present,
745,75,2026-05-26,Present,
746,75,2026-04-09,Present,
747,75,2026-05-07,Present,
748,75,2026-04-15,Present,
749,75,2026-05-05,Present,
750,75,2026-04-23,Present,
751,76,2026-03-14,Present,
752,76,2026-05-03,Present,
753,76,2026-04-08,Present,
754,76,2026-05-17,Present,
755,76,2026-04-23,Present,
756,76,2026-04-04,Present,
757,76,2026-05-28,Present,
758,76,2026-05-27,Present,
759,76,2026-04-20,Present,
760,76,2026-05-11,Present,
761,77,2026-03-27,Present,
762,77,2026-03-14,Present,
763,77,2026-04-27,Present,
764,77,2026-05-03,Present,
765,77,2026-06-03,Present,
766,77,2026-03-15,Present,
767,77,2026-04-04,Present,
768,77,2026-05-01,Present,
769,77,2026-03-26,Present,
770,77,2026-04-25,Present,
771,78,2026-04-22,Absent,
772,78,2026-06-06,Absent,Sick
773,78,2026-04-05,Present,
774,78,2026-03-28,Present,
775,78,2026-05-06,Present,
776,78,2026-04-07,Absent,
777,78,2026-04-28,Present,
778,78,2026-04-15,Present,
779,78,2026-06-07,Present,
780,78,2026-05-04,Present,
781,79,2026-05-14,Present,
782,79,2026-04-12,Present,
783,79,2026-04-01,Present,
784,79,2026-06-03,Present,
785,79,2026-04-29,Present,
786,79,2026-04-21,Present,
787,79,2026-03-18,Absent,Sick
788,79,2026-03-18,Present,
789,79,2026-03-26,Present,
790,79,2026-06-08,Present,
791,80,2026-05-21,Present,
792,80,2026-04-27,Present,
793,80,2026-05-27,Absent,
794,80,2026-03-19,Present,
795,80,2026-03-12,Present,
796,80,2026-04-24,Present,
797,80,2026-04-15,Present,
798,80,2026-03-16,Present,
799,80,2026-05-24,Present,
800,80,2026-04-20,Present,
801,81,2026-06-01,Present,
802,81,2026-04-12,Absent,
803,81,2026-05-11,Present,
804,81,2026-05-31,Present,
805,81,2026-04-29,Present,
806,81,2026-05-03,Present,
807,81,2026-05-06,Present,
808,81,2026-05-27,Present,
809,81,2026-03-15,Present,
810,81,2026-03-25,Present,
811,82,2026-06-06,Absent,Sick
812,82,2026-04-10,Present,
813,82,2026-04-25,Present,
814,82,2026-03-31,Present,
815,82,2026-05-17,Present,
816,82,2026-04-13,Present,
817,82,2026-04-22,Present,
818,82,2026-05-15,Present,
819,82,2026-03-12,Present,
820,82,2026-05-23,Present,
821,83,2026-04-13,Present,
822,83,2026-05-19,Present,
823,83,2026-05-05,Present,
824,83,2026-05-29,Present,
825,83,2026-05-03,Present,
826,83,2026-03-27,Present,
827,83,2026-04-15,Absent,
828,83,2026-04-06,Absent,
829,83,2026-04-11,Present,
830,83,2026-03-22,Present,
831,84,2026-03-29,Present,
832,84,2026-04-28,Present,
833,84,2026-03-17,Present,
834,84,2026-05-01,Present,
835,84,2026-04-13,Present,
836,84,2026-06-04,Present,
837,84,2026-04-24,Absent,
838,84,2026-05-20,Present,
839,84,2026-04-29,Present,
840,84,2026-03-22,Present,
841,85,2026-04-20,Present,
842,85,2026-04-29,Present,
843,85,2026-03-21,Present,
844,85,2026-04-26,Present,
845,85,2026-03-30,Present,
846,85,2026-03-29,Present,
847,85,2026-05-05,Present,
848,85,2026-03-20,Present,
849,85,2026-04-04,Present,
850,85,2026-04-30,Present,
851,86,2026-04-23,Present,
852,86,2026-03-31,Present,
853,86,2026-03-13,Present,
854,86,2026-03-30,Present,
855,86,2026-05-02,Present,
856,86,2026-05-27,Present,
857,86,2026-03-25,Present,
858,86,2026-03-26,Present,
859,86,2026-03-15,Present,
860,86,2026-05-02,Present,
861,87,2026-04-29,Present,
862,87,2026-05-11,Present,
863,87,2026-03-17,Present,
864,87,2026-03-14,Present,
865,87,2026-04-17,Present,
866,87,2026-06-02,Present,
867,87,2026-04-07,Present,
868,87,2026-03-16,Present,
869,87,2026-05-03,Present,
870,87,2026-05-21,Present,
871,88,2026-06-01,Present,
872,88,2026-04-28,Present,
873,88,2026-06-02,Present,
874,88,2026-05-17,Present,
875,88,2026-04-10,Present,
876,88,2026-03-23,Present,
877,88,2026-03-21,Present,
878,88,2026-06-01,Present,
879,88,2026-05-20,Present,
880,88,2026-04-02,Absent,
881,89,2026-04-26,Present,
882,89,2026-03-15,Present,
883,89,2026-03-27,Absent,Sick
884,89,2026-03-24,Present,
885,89,2026-04-02,Present,
886,89,2026-03-21,Present,
887,89,2026-05-21,Absent,Sick
888,89,2026-06-01,Absent,Sick
889,89,2026-05-08,Present,
890,89,2026-05-21,Present,
891,90,2026-04-03,Present,
892,90,2026-03-15,Present,
893,90,2026-04-04,Present,
894,90,2026-05-21,Absent,Sick
895,90,2026-06-06,Present,
896,90,2026-03-29,Present,
897,90,2026-04-24,Present,
898,90,2026-03-20,Present,
899,90,2026-04-19,Present,
900,90,2026-03-17,Present,
901,91,2026-04-16,Absent,Sick
902,91,2026-04-21,Present,
903,91,2026-03-30,Present,
904,91,2026-03-15,Present,
905,91,2026-03-25,Present,
906,91,2026-03-24,Present,
907,91,2026-03-21,Absent,Sick
908,91,2026-05-05,Present,
909,91,2026-04-18,Present,
910,91,2026-05-01,Present,
911,92,2026-05-08,Absent,Sick
912,92,2026-05-30,Present,
913,92,2026-04-06,Present,
914,92,2026-05-21,Present,
915,92,2026-03-13,Present,
916,92,2026-04-27,Present,
917,92,2026-04-22,Present,
918,92,2026-04-11,Absent,
919,92,2026-05-09,Present,
920,92,2026-05-09,Present,
921,93,2026-03-14,Present,
922,93,2026-05-16,Absent,Sick
923,93,2026-04-07,Present,
924,93,2026-05-08,Present,
925,93,2026-05-26,Present,
926,93,2026-05-26,Present,
927,93,2026-05-09,Present,
928,93,2026-05-30,Present,
929,93,2026-05-01,Present,
930,93,2026-05-30,Present,
931,94,2026-03-12,Present,
932,94,2026-04-08,Present,
933,94,2026-03-28,Present,
934,94,2026-05-23,Present,
935,94,2026-03-29,Present,
936,94,2026-04-24,Present,
937,94,2026-05-23,Absent,
938,94,2026-04-18,Present,
939,94,2026-05-07,Present,
940,94,2026-03-16,Present,
941,95,2026-04-29,Present,
942,95,2026-03-13,Present,
943,95,2026-03-12,Present,
944,95,2026-05-09,Present,
945,95,2026-06-08,Present,
946,95,2026-06-08,Present,
947,95,2026-05-11,Present,
948,95,2026-03-11,Present,
949,95,2026-04-01,Absent,Sick
950,95,2026-04-14,Present,
951,96,2026-05-14,Present,
952,96,2026-04-13,Present,
953,96,2026-04-03,Present,
954,96,2026-05-14,Present,
955,96,2026-04-29,Present,
956,96,2026-05-09,Present,
957,96,2026-03-24,Present,
958,96,2026-03-21,Present,
959,96,2026-04-15,Present,
960,96,2026-05-09,Present,
961,97,2026-05-11,Present,
962,97,2026-05-12,Present,
963,97,2026-04-10,Present,
964,97,2026-05-30,Present,
965,97,2026-04-20,Present,
966,97,2026-04-08,Present,
967,97,2026-05-12,Absent,Sick
968,97,2026-04-04,Present,
969,97,2026-04-25,Present,
970,97,2026-04-17,Present,
971,98,2026-05-13,Present,
972,98,2026-04-25,Present,
973,98,2026-05-16,Present,
974,98,2026-04-13,Present,
975,98,2026-03-26,Absent,Sick
976,98,2026-04-19,Present,
977,98,2026-04-27,Present,
978,98,2026-04-26,Present,
979,98,2026-05-03,Present,
980,98,2026-05-29,Present,
981,99,2026-04-08,Present,
982,99,2026-03-29,Present,
983,99,2026-03-17,Present,
984,99,2026-03-11,Present,
985,99,2026-05-01,Present,
986,99,2026-05-10,Present,
987,99,2026-05-25,Present,
988,99,2026-05-28,Present,
989,99,2026-05-18,Present,
990,99,2026-05-31,Present,
991,100,2026-05-21,Present,
992,100,2026-03-17,Present,
993,100,2026-03-31,Present,
994,100,2026-05-19,Present,
995,100,2026-05-01,Present,
996,100,2026-06-08,Present,
997,100,2026-03-21,Present,
998,100,2026-05-23,Present,
999,100,2026-05-05,Present,
1000,100,2026-05-16,Absent,Sick
1001,101,2026-03-14,Present,
1002,101,2026-05-29,Present,
1003,101,2026-06-08,Present,
1004,101,2026-03-18,Present,
1005,101,2026-03-13,Present,
1006,101,2026-04-12,Present,
1007,101,2026-06-08,Present,
1008,101,2026-05-30,Present,
1009,101,2026-05-01,Present,
1010,101,2026-05-14,Present,
1011,102,2026-03-19,Present,
1012,102,2026-03-31,Present,
1013,102,2026-05-09,Present,
1014,102,2026-06-04,Present,
1015,102,2026-04-05,Present,
1016,102,2026-05-18,Present,
1017,102,2026-06-04,Absent,
1018,102,2026-03-26,Present,
1019,102,2026-04-15,Present,
1020,102,2026-04-03,Present,
1021,103,2026-03-26,Present,
1022,103,2026-05-12,Present,
1023,103,2026-04-02,Present,
1024,103,2026-03-15,Present,
1025,103,2026-03-23,Present,
1026,103,2026-03-28,Present,
1027,103,2026-05-31,Present,
1028,103,2026-04-14,Present,
1029,103,2026-04-12,Present,
1030,103,2026-05-15,Present,
1031,104,2026-04-03,Present,
1032,104,2026-04-24,Present,
1033,104,2026-05-07,Present,
1034,104,2026-04-15,Present,
1035,104,2026-04-10,Present,
1036,104,2026-05-03,Present,
1037,104,2026-04-16,Present,
1038,104,2026-05-07,Present,
1039,104,2026-05-11,Absent,
1040,104,2026-05-11,Present,
1041,105,2026-03-30,Present,
1042,105,2026-03-23,Present,
1043,105,2026-05-20,Absent,Sick
1044,105,2026-05-21,Present,
1045,105,2026-05-01,Absent,
1046,105,2026-05-31,Present,
1047,105,2026-04-30,Present,
1048,105,2026-04-11,Present,
1049,105,2026-03-31,Absent,Sick
1050,105,2026-04-16,Present,
1051,106,2026-03-29,Present,
1052,106,2026-05-01,Present,
1053,106,2026-03-21,Present,
1054,106,2026-04-27,Present,
1055,106,2026-03-28,Present,
1056,106,2026-03-16,Present,
1057,106,2026-04-10,Present,
1058,106,2026-06-07,Present,
1059,106,2026-05-02,Present,
1060,106,2026-03-28,Present,
1061,107,2026-05-25,Present,
1062,107,2026-05-31,Present,
1063,107,2026-06-08,Present,
1064,107,2026-04-20,Present,
1065,107,2026-03-18,Present,
1066,107,2026-05-18,Present,
1067,107,2026-06-08,Present,
1068,107,2026-03-26,Present,
1069,107,2026-05-09,Present,
1070,107,2026-04-27,Present,
1071,108,2026-05-08,Absent,Sick
1072,108,2026-05-11,Present,
1073,108,2026-06-03,Present,
1074,108,2026-03-23,Present,
1075,108,2026-04-27,Absent,
1076,108,2026-04-30,Present,
1077,108,2026-05-06,Present,
1078,108,2026-06-05,Present,
1079,108,2026-05-23,Present,
1080,108,2026-03-12,Present,
1081,109,2026-05-30,Present,
1082,109,2026-05-14,Present,
1083,109,2026-04-24,Present,
1084,109,2026-05-03,Present,
1085,109,2026-04-18,Present,
1086,109,2026-04-18,Present,
1087,109,2026-05-14,Present,
1088,109,2026-05-07,Present,
1089,109,2026-05-28,Absent,Sick
1090,109,2026-05-05,Present,
1091,110,2026-03-30,Present,
1092,110,2026-05-01,Present,
1093,110,2026-04-21,Absent,Sick
1094,110,2026-03-25,Present,
1095,110,2026-04-04,Present,
1096,110,2026-05-16,Present,
1097,110,2026-04-08,Present,
1098,110,2026-05-20,Present,
1099,110,2026-05-05,Present,
1100,110,2026-04-03,Present,
1101,111,2026-04-10,Present,
1102,111,2026-06-06,Present,
1103,111,2026-04-01,Absent,Sick
1104,111,2026-05-18,Present,
1105,111,2026-03-29,Present,
1106,111,2026-06-07,Present,
1107,111,2026-04-02,Present,
1108,111,2026-03-16,Present,
1109,111,2026-05-19,Present,
1110,111,2026-05-11,Present,
1111,112,2026-03-27,Present,
1112,112,2026-04-01,Present,
1113,112,2026-04-17,Absent,Sick
1114,112,2026-03-23,Present,
1115,112,2026-05-01,Present,
1116,112,2026-03-23,Present,
1117,112,2026-05-12,Present,
1118,112,2026-03-18,Absent,
1119,112,2026-04-20,Present,
1120,112,2026-04-20,Present,
1121,113,2026-04-06,Present,
1122,113,2026-05-17,Absent,Sick
1123,113,2026-04-08,Present,
1124,113,2026-04-27,Present,
1125,113,2026-04-08,Present,
1126,113,2026-03-31,Present,
1127,113,2026-04-24,Present,
1128,113,2026-06-06,Present,
1129,113,2026-03-23,Present,
1130,113,2026-03-23,Present,
1131,114,2026-05-01,Present,
1132,114,2026-05-04,Present,
1133,114,2026-05-17,Present,
1134,114,2026-04-08,Present,
1135,114,2026-05-01,Present,
1136,114,2026-05-12,Present,
1137,114,2026-05-26,Present,
1138,114,2026-04-21,Present,
1139,114,2026-05-30,Present,
1140,114,2026-04-13,Present,
1141,115,2026-04-19,Present,
1142,115,2026-05-14,Present,
1143,115,2026-04-29,Present,
1144,115,2026-04-04,Present,
1145,115,2026-04-17,Present,
1146,115,2026-05-01,Present,
1147,115,2026-06-07,Present,
1148,115,2026-03-22,Present,
1149,115,2026-03-24,Present,
1150,115,2026-03-28,Present,
1151,116,2026-03-21,Present,
1152,116,2026-05-14,Present,
1153,116,2026-06-07,Present,
1154,116,2026-05-22,Present,
1155,116,2026-04-06,Present,
1156,116,2026-03-28,Present,
1157,116,2026-03-28,Present,
1158,116,2026-05-09,Present,
1159,116,2026-05-02,Present,
1160,116,2026-03-16,Present,
1161,117,2026-06-01,Present,
1162,117,2026-06-05,Present,
1163,117,2026-03-23,Present,
1164,117,2026-05-10,Present,
1165,117,2026-03-29,Absent,Sick
1166,117,2026-04-01,Present,
1167,117,2026-05-30,Present,
1168,117,2026-05-30,Present,
1169,117,2026-05-14,Present,
1170,117,2026-06-04,Present,
1171,118,2026-05-30,Absent,Sick
1172,118,2026-05-04,Absent,
1173,118,2026-04-15,Present,
1174,118,2026-03-28,Present,
1175,118,2026-03-22,Present,
1176,118,2026-04-02,Present,
1177,118,2026-03-11,Present,
1178,118,2026-05-15,Present,
1179,118,2026-05-31,Present,
1180,118,2026-04-28,Present,
1181,119,2026-04-25,Present,
1182,119,2026-03-31,Present,
1183,119,2026-06-02,Present,
1184,119,2026-04-04,Present,
1185,119,2026-04-22,Present,
1186,119,2026-03-25,Present,
1187,119,2026-05-24,Present,
1188,119,2026-04-08,Present,
1189,119,2026-03-26,Present,
1190,119,2026-03-13,Present,
1191,120,2026-04-06,Present,
1192,120,2026-06-03,Present,
1193,120,2026-05-14,Present,
1194,120,2026-06-08,Present,
1195,120,2026-05-27,Present,
1196,120,2026-05-13,Present,
1197,120,2026-05-11,Present,
1198,120,2026-03-30,Present,
1199,120,2026-03-26,Present,
1200,120,2026-04-20,Present,
1201,121,2026-05-16,Present,
1202,121,2026-06-05,Present,
1203,121,2026-03-12,Present,
1204,121,2026-05-27,Present,
1205,121,2026-05-14,Present,
1206,121,2026-05-12,Present,
1207,121,2026-04-25,Present,
1208,121,2026-05-25,Present,
1209,121,2026-05-25,Absent,
1210,121,2026-04-06,Present,
1211,122,2026-04-01,Present,
1212,122,2026-03-15,Present,
1213,122,2026-04-22,Present,
1214,122,2026-03-27,Present,
1215,122,2026-05-01,Present,
1216,122,2026-04-12,Present,
1217,122,2026-03-29,Present,
1218,122,2026-03-20,Present,
1219,122,2026-03-16,Present,
1220,122,2026-04-05,Present,
1221,123,2026-03-12,Present,
1222,123,2026-03-16,Absent,
1223,123,2026-04-23,Present,
1224,123,2026-04-22,Present,
1225,123,2026-04-13,Present,
1226,123,2026-05-14,Present,
1227,123,2026-04-19,Present,
1228,123,2026-05-31,Present,
1229,123,2026-03-29,Present,
1230,123,2026-05-21,Present,
1231,124,2026-05-24,Present,
1232,124,2026-05-16,Present,
1233,124,2026-03-27,Present,
1234,124,2026-04-10,Present,
1235,124,2026-03-22,Present,
1236,124,2026-04-06,Present,
1237,124,2026-06-03,Present,
1238,124,2026-05-06,Present,
1239,124,2026-04-24,Present,
1240,124,2026-05-12,Present,
1241,125,2026-05-07,Present,
1242,125,2026-04-05,Present,
1243,125,2026-05-20,Present,
1244,125,2026-05-29,Absent,Sick
1245,125,2026-05-23,Present,
1246,125,2026-04-05,Present,
1247,125,2026-05-17,Present,
1248,125,2026-05-03,Present,
1249,125,2026-04-08,Present,
1250,125,2026-05-15,Present,
1251,126,2026-05-22,Present,
1252,126,2026-03-15,Present,
1253,126,2026-03-20,Present,
1254,126,2026-03-13,Present,
1255,126,2026-05-02,Present,
1256,126,2026-04-04,Present,
1257,126,2026-05-22,Present,
1258,126,2026-04-27,Present,
1259,126,2026-04-12,Present,
1260,126,2026-03-28,Present,
1261,127,2026-05-14,Present,
1262,127,2026-04-07,Present,
1263,127,2026-04-09,Present,
1264,127,2026-05-25,Absent,
1265,127,2026-03-24,Present,
1266,127,2026-05-20,Present,
1267,127,2026-06-03,Present,
1268,127,2026-03-17,Present,
1269,127,2026-05-20,Present,
1270,127,2026-04-10,Present,
1271,128,2026-05-04,Absent,
1272,128,2026-03-31,Present,
1273,128,2026-06-07,Present,
1274,128,2026-05-05,Present,
1275,128,2026-04-19,Present,
1276,128,2026-03-27,Present,
1277,128,2026-05-07,Present,
1278,128,2026-04-08,Present,
1279,128,2026-03-13,Present,
1280,128,2026-05-31,Present,
1281,129,2026-04-11,Present,
1282,129,2026-03-31,Present,
1283,129,2026-05-28,Present,
1284,129,2026-04-24,Present,
1285,129,2026-04-09,Present,
1286,129,2026-04-10,Present,
1287,129,2026-04-21,Present,
1288,129,2026-04-08,Present,
1289,129,2026-05-08,Present,
1290,129,2026-04-28,Present,
1291,130,2026-04-23,Present,
1292,130,2026-05-15,Present,
1293,130,2026-04-18,Present,
1294,130,2026-03-25,Present,
1295,130,2026-04-27,Absent,
1296,130,2026-06-05,Present,
1297,130,2026-04-16,Present,
1298,130,2026-03-28,Present,
1299,130,2026-05-13,Absent,Sick
1300,130,2026-04-20,Present,
1301,131,2026-03-24,Present,
1302,131,2026-03-16,Present,
1303,131,2026-05-30,Present,
1304,131,2026-05-31,Present,
1305,131,2026-04-21,Present,
1306,131,2026-03-19,Present,
1307,131,2026-05-01,Present,
1308,131,2026-03-27,Present,
1309,131,2026-05-03,Present,
1310,131,2026-05-11,Present,
1311,132,2026-06-04,Present,
1312,132,2026-06-08,Present,
1313,132,2026-04-04,Present,
1314,132,2026-06-05,Absent,Sick
1315,132,2026-05-10,Present,
1316,132,2026-03-28,Present,
1317,132,2026-05-06,Present,
1318,132,2026-04-27,Present,
1319,132,2026-03-23,Absent,Sick
1320,132,2026-05-01,Present,
1321,133,2026-04-05,Present,
1322,133,2026-05-15,Present,
1323,133,2026-03-27,Present,
1324,133,2026-03-29,Present,
1325,133,2026-04-29,Present,
1326,133,2026-05-13,Present,
1327,133,2026-03-24,Present,
1328,133,2026-05-16,Present,
1329,133,2026-06-07,Present,
1330,133,2026-04-27,Present,
1331,134,2026-04-25,Present,
1332,134,2026-05-22,Present,
1333,134,2026-04-05,Present,
1334,134,2026-05-01,Present,
1335,134,2026-03-16,Present,
1336,134,2026-04-01,Present,
1337,134,2026-05-30,Present,
1338,134,2026-05-15,Absent,
1339,134,2026-03-25,Present,
1340,134,2026-04-21,Absent,
1341,135,2026-06-08,Present,
1342,135,2026-03-22,Present,
1343,135,2026-03-31,Present,
1344,135,2026-06-02,Present,
1345,135,2026-03-30,Present,
1346,135,2026-03-23,Present,
1347,135,2026-04-10,Present,
1348,135,2026-03-19,Absent,Sick
1349,135,2026-03-29,Present,
1350,135,2026-03-26,Present,
1351,136,2026-03-21,Present,
1352,136,2026-03-25,Present,
1353,136,2026-05-09,Present,
1354,136,2026-05-03,Present,
1355,136,2026-05-19,Present,
1356,136,2026-04-03,Present,
1357,136,2026-04-24,Present,
1358,136,2026-03-17,Present,
1359,136,2026-04-09,Present,
1360,136,2026-04-29,Present,
1361,137,2026-04-07,Present,
1362,137,2026-03-29,Present,
1363,137,2026-05-12,Absent,Sick
1364,137,2026-05-30,Present,
1365,137,2026-05-15,Present,
1366,137,2026-05-05,Present,
1367,137,2026-04-18,Present,
1368,137,2026-03-31,Present,
1369,137,2026-04-21,Present,
1370,137,2026-03-17,Present,
1371,138,2026-04-04,Present,
1372,138,2026-05-22,Present,
1373,138,2026-04-14,Present,
1374,138,2026-04-28,Present,
1375,138,2026-04-07,Present,
1376,138,2026-03-11,Present,
1377,138,2026-03-17,Present,
1378,138,2026-05-16,Present,
1379,138,2026-04-24,Present,
1380,138,2026-05-09,Present,
1381,139,2026-03-14,Present,
1382,139,2026-04-15,Present,
1383,139,2026-06-05,Present,
1384,139,2026-04-07,Present,
1385,139,2026-04-26,Present,
1386,139,2026-05-01,Present,
1387,139,2026-03-12,Present,
1388,139,2026-03-21,Present,
1389,139,2026-05-08,Present,
1390,139,2026-04-07,Present,
1391,140,2026-03-24,Present,
1392,140,2026-04-12,Present,
1393,140,2026-05-24,Present,
1394,140,2026-06-02,Present,
1395,140,2026-05-31,Absent,
1396,140,2026-04-21,Present,
1397,140,2026-05-02,Present,
1398,140,2026-04-24,Present,
1399,140,2026-03-18,Present,
1400,140,2026-03-12,Present,
1401,141,2026-04-02,Present,
1402,141,2026-05-14,Present,
1403,141,2026-05-07,Present,
1404,141,2026-03-14,Present,
1405,141,2026-04-15,Present,
1406,141,2026-03-14,Present,
1407,141,2026-05-04,Present,
1408,141,2026-04-05,Absent,Sick
1409,141,2026-03-22,Present,
1410,141,2026-04-06,Present,
1411,142,2026-04-06,Present,
1412,142,2026-04-19,Present,
1413,142,2026-04-11,Absent,Sick
1414,142,2026-06-01,Present,
1415,142,2026-05-18,Present,
1416,142,2026-04-10,Present,
1417,142,2026-04-28,Present,
1418,142,2026-05-18,Present,
1419,142,2026-04-16,Present,
1420,142,2026-05-30,Present,
1421,143,2026-05-23,Present,
1422,143,2026-05-20,Present,
1423,143,2026-04-07,Present,
1424,143,2026-03-30,Present,
1425,143,2026-04-28,Present,
1426,143,2026-05-17,Present,
1427,143,2026-05-12,Present,
1428,143,2026-04-12,Absent,
1429,143,2026-03-11,Present,
1430,143,2026-03-15,Present,
1431,144,2026-05-10,Present,
1432,144,2026-05-28,Present,
1433,144,2026-05-13,Present,
1434,144,2026-05-23,Present,
1435,144,2026-06-06,Present,
1436,144,2026-05-11,Present,
1437,144,2026-04-20,Absent,Sick
1438,144,2026-04-26,Present,
1439,144,2026-03-31,Present,
1440,144,2026-05-02,Present,
1441,145,2026-04-11,Absent,
1442,145,2026-03-11,Present,
1443,145,2026-04-13,Present,
1444,145,2026-03-18,Present,
1445,145,2026-04-06,Present,
1446,145,2026-04-29,Present,
1447,145,2026-03-12,Present,
1448,145,2026-04-28,Present,
1449,145,2026-03-15,Present,
1450,145,2026-04-22,Present,
1451,146,2026-03-13,Present,
1452,146,2026-04-12,Absent,
1453,146,2026-04-30,Present,
1454,146,2026-03-15,Present,
1455,146,2026-05-08,Present,
1456,146,2026-05-27,Present,
1457,146,2026-03-21,Present,
1458,146,2026-04-09,Present,
1459,146,2026-05-14,Present,
1460,146,2026-04-08,Present,
1461,147,2026-05-27,Absent,Sick
1462,147,2026-05-30,Present,
1463,147,2026-06-06,Present,
1464,147,2026-03-29,Present,
1465,147,2026-05-07,Present,
1466,147,2026-04-20,Present,
1467,147,2026-05-07,Present,
1468,147,2026-05-19,Present,
1469,147,2026-04-07,Present,
1470,147,2026-04-23,Present,
1471,148,2026-04-24,Present,
1472,148,2026-03-18,Present,
1473,148,2026-06-05,Present,
1474,148,2026-05-25,Present,
1475,148,2026-06-05,Present,
1476,148,2026-04-02,Present,
1477,148,2026-04-11,Present,
1478,148,2026-03-18,Present,
1479,148,2026-03-21,Absent,Sick
1480,148,2026-05-09,Present,
1481,149,2026-04-13,Present,
1482,149,2026-05-19,Present,
1483,149,2026-06-08,Present,
1484,149,2026-06-01,Present,
1485,149,2026-04-20,Present,
1486,149,2026-03-30,Present,
1487,149,2026-05-24,Present,
1488,149,2026-03-15,Present,
1489,149,2026-03-17,Present,
1490,149,2026-05-10,Present,
1491,150,2026-03-19,Present,
1492,150,2026-05-04,Present,
1493,150,2026-04-15,Present,
1494,150,2026-04-07,Present,
1495,150,2026-05-19,Present,
1496,150,2026-06-07,Present,
1497,150,2026-05-06,Present,
1498,150,2026-04-07,Present,
1499,150,2026-03-31,Present,
1500,150,2026-05-06,Absent,
1501,151,2026-05-17,Present,
1502,151,2026-04-20,Present,
1503,151,2026-03-16,Present,
1504,151,2026-03-22,Present,
1505,151,2026-05-09,Present,
1506,151,2026-03-29,Present,
1507,151,2026-03-16,Present,
1508,151,2026-05-27,Present,
1509,151,2026-04-06,Present,
1510,151,2026-05-23,Present,
1511,152,2026-03-21,Present,
1512,152,2026-06-04,Present,
1513,152,2026-05-14,Present,
1514,152,2026-04-26,Present,
1515,152,2026-05-15,Present,
1516,152,2026-05-24,Present,
1517,152,2026-05-25,Present,
1518,152,2026-05-17,Present,
1519,152,2026-03-19,Present,
1520,152,2026-03-23,Absent,
1521,153,2026-05-25,Present,
1522,153,2026-03-22,Present,
1523,153,2026-06-01,Present,
1524,153,2026-04-30,Present,
1525,153,2026-05-24,Present,
1526,153,2026-04-15,Present,
1527,153,2026-03-27,Present,
1528,153,2026-05-20,Present,
1529,153,2026-05-21,Present,
1530,153,2026-03-13,Present,
1531,154,2026-06-01,Present,
1532,154,2026-04-28,Present,
1533,154,2026-05-20,Present,
1534,154,2026-03-17,Absent,
1535,154,2026-04-07,Present,
1536,154,2026-03-31,Present,
1537,154,2026-03-12,Present,
1538,154,2026-05-20,Present,
1539,154,2026-05-08,Present,
1540,154,2026-05-16,Present,
1541,155,2026-04-10,Present,
1542,155,2026-05-29,Present,
1543,155,2026-05-08,Present,
1544,155,2026-04-10,Present,
1545,155,2026-05-11,Present,
1546,155,2026-05-17,Present,
1547,155,2026-05-16,Absent,Sick
1548,155,2026-04-16,Present,
1549,155,2026-06-02,Present,
1550,155,2026-05-27,Present,
1551,156,2026-06-04,Present,
1552,156,2026-04-25,Present,
1553,156,2026-04-25,Present,
1554,156,2026-04-22,Present,
1555,156,2026-04-18,Present,
1556,156,2026-04-04,Present,
1557,156,2026-03-14,Present,
1558,156,2026-04-03,Absent,
1559,156,2026-04-09,Present,
1560,156,2026-05-06,Present,
1561,157,2026-05-23,Present,
1562,157,2026-04-19,Present,
1563,157,2026-03-27,Present,
1564,157,2026-03-22,Present,
1565,157,2026-05-31,Present,
1566,157,2026-03-23,Present,
1567,157,2026-05-02,Present,
1568,157,2026-03-29,Present,
1569,157,2026-04-26,Present,
1570,157,2026-04-20,Present,
1571,158,2026-05-16,Present,
1572,158,2026-03-31,Present,
1573,158,2026-06-05,Present,
1574,158,2026-03-25,Present,
1575,158,2026-05-25,Absent,Sick
1576,158,2026-04-05,Present,
1577,158,2026-03-15,Present,
1578,158,2026-03-31,Present,
1579,158,2026-05-10,Present,
1580,158,2026-05-18,Present,
1581,159,2026-03-25,Present,
1582,159,2026-04-17,Present,
1583,159,2026-06-08,Present,
1584,159,2026-04-19,Present,
1585,159,2026-03-28,Absent,
1586,159,2026-05-10,Absent,Sick
1587,159,2026-03-18,Present,
1588,159,2026-05-04,Present,
1589,159,2026-03-27,Present,
1590,159,2026-03-16,Present,
1591,160,2026-04-07,Present,
1592,160,2026-04-24,Present,
1593,160,2026-03-28,Present,
1594,160,2026-04-23,Present,
1595,160,2026-06-05,Absent,
1596,160,2026-05-01,Present,
1597,160,2026-05-01,Absent,Sick
1598,160,2026-03-20,Present,
1599,160,2026-04-23,Present,
1600,160,2026-05-22,Present,
1601,161,2026-06-04,Present,
1602,161,2026-05-18,Present,
1603,161,2026-04-12,Present,
1604,161,2026-04-12,Present,
1605,161,2026-03-29,Present,
1606,161,2026-03-26,Present,
1607,161,2026-06-01,Present,
1608,161,2026-05-21,Present,
1609,161,2026-04-06,Absent,Sick
1610,161,2026-05-28,Present,
1611,162,2026-03-29,Present,
1612,162,2026-06-07,Present,
1613,162,2026-05-03,Present,
1614,162,2026-04-06,Present,
1615,162,2026-05-30,Present,
1616,162,2026-05-11,Present,
1617,162,2026-03-24,Present,
1618,162,2026-04-07,Present,
1619,162,2026-06-03,Present,
1620,162,2026-05-04,Present,
1621,163,2026-04-24,Present,
1622,163,2026-06-08,Present,
1623,163,2026-04-08,Absent,Sick
1624,163,2026-04-07,Present,
1625,163,2026-04-03,Absent,
1626,163,2026-05-27,Absent,Sick
1627,163,2026-05-15,Present,
1628,163,2026-03-11,Present,
1629,163,2026-05-28,Present,
1630,163,2026-05-17,Present,
1631,164,2026-03-17,Present,
1632,164,2026-04-29,Present,
1633,164,2026-03-18,Present,
1634,164,2026-04-18,Absent,
1635,164,2026-04-15,Present,
1636,164,2026-06-04,Present,
1637,164,2026-04-08,Present,
1638,164,2026-05-06,Present,
1639,164,2026-05-24,Present,
1640,164,2026-03-31,Present,
1641,165,2026-05-05,Present,
1642,165,2026-05-15,Present,
1643,165,2026-04-04,Absent,
1644,165,2026-04-19,Present,
1645,165,2026-04-29,Present,
1646,165,2026-05-08,Present,
1647,165,2026-04-13,Present,
1648,165,2026-05-10,Present,
1649,165,2026-04-19,Present,
1650,165,2026-05-15,Present,
1651,166,2026-03-14,Present,
1652,166,2026-04-26,Present,
1653,166,2026-04-17,Present,
1654,166,2026-05-28,Present,
1655,166,2026-04-20,Present,
1656,166,2026-05-29,Present,
1657,166,2026-04-01,Present,
1658,166,2026-04-10,Present,
1659,166,2026-05-23,Present,
1660,166,2026-05-01,Absent,
1661,167,2026-04-24,Present,
1662,167,2026-04-14,Present,
1663,167,2026-04-03,Present,
1664,167,2026-05-23,Present,
1665,167,2026-05-02,Present,
1666,167,2026-04-01,Present,
1667,167,2026-04-30,Present,
1668,167,2026-05-04,Present,
1669,167,2026-04-06,Present,
1670,167,2026-03-18,Present,
1671,168,2026-04-01,Present,
1672,168,2026-03-12,Present,
1673,168,2026-03-13,Present,
1674,168,2026-05-08,Present,
1675,168,2026-03-22,Absent,Sick
1676,168,2026-03-11,Present,
1677,168,2026-03-23,Present,
1678,168,2026-04-08,Present,
1679,168,2026-06-04,Present,
1680,168,2026-05-12,Present,
1681,169,2026-04-09,Present,
1682,169,2026-05-23,Present,
1683,169,2026-04-10,Present,
1684,169,2026-05-24,Present,
1685,169,2026-03-21,Present,
1686,169,2026-04-13,Present,
1687,169,2026-03-24,Present,
1688,169,2026-04-11,Present,
1689,169,2026-03-16,Present,
1690,169,2026-04-07,Present,
1691,170,2026-06-01,Present,
1692,170,2026-03-19,Present,
1693,170,2026-06-07,Present,
1694,170,2026-04-11,Absent,
1695,170,2026-03-18,Present,
1696,170,2026-03-25,Present,
1697,170,2026-06-01,Present,
1698,170,2026-04-11,Present,
1699,170,2026-04-04,Present,
1700,170,2026-04-23,Present,
1701,171,2026-05-13,Present,
1702,171,2026-03-24,Present,
1703,171,2026-03-16,Present,
1704,171,2026-04-25,Present,
1705,171,2026-04-10,Present,
1706,171,2026-04-25,Present,
1707,171,2026-04-18,Present,
1708,171,2026-05-26,Present,
1709,171,2026-05-21,Present,
1710,171,2026-04-08,Present,
1711,172,2026-04-18,Present,
1712,172,2026-05-05,Present,
1713,172,2026-04-18,Present,
1714,172,2026-03-20,Present,
1715,172,2026-04-14,Present,
1716,172,2026-04-29,Present,
1717,172,2026-05-17,Present,
1718,172,2026-03-11,Present,
1719,172,2026-04-14,Present,
1720,172,2026-05-16,Present,
1721,173,2026-03-25,Present,
1722,173,2026-03-25,Present,
1723,173,2026-05-17,Present,
1724,173,2026-05-12,Present,
1725,173,2026-03-20,Present,
1726,173,2026-05-24,Present,
1727,173,2026-03-18,Present,
1728,173,2026-03-16,Present,
1729,173,2026-05-20,Present,
1730,173,2026-04-25,Present,
1731,174,2026-05-13,Present,
1732,174,2026-05-11,Absent,Sick
1733,174,2026-04-23,Present,
1734,174,2026-06-01,Present,
1735,174,2026-03-29,Present,
1736,174,2026-03-24,Present,
1737,174,2026-04-12,Present,
1738,174,2026-03-31,Absent,
1739,174,2026-05-17,Present,
1740,174,2026-05-22,Present,
1741,175,2026-04-12,Present,
1742,175,2026-04-19,Present,
1743,175,2026-04-11,Present,
1744,175,2026-03-15,Present,
1745,175,2026-03-27,Present,
1746,175,2026-05-07,Present,
1747,175,2026-03-29,Present,
1748,175,2026-06-01,Present,
1749,175,2026-03-14,Present,
1750,175,2026-04-06,Present,
1751,176,2026-05-17,Present,
1752,176,2026-06-08,Present,
1753,176,2026-05-13,Present,
1754,176,2026-04-18,Present,
1755,176,2026-04-20,Present,
1756,176,2026-05-10,Present,
1757,176,2026-04-04,Present,
1758,176,2026-04-27,Present,
1759,176,2026-05-04,Present,
1760,176,2026-04-11,Present,
1761,177,2026-04-03,Present,
1762,177,2026-04-05,Present,
1763,177,2026-04-22,Present,
1764,177,2026-03-16,Present,
1765,177,2026-05-12,Present,
1766,177,2026-03-30,Present,
1767,177,2026-03-24,Present,
1768,177,2026-05-02,Present,
1769,177,2026-04-05,Present,
1770,177,2026-06-05,Present,
1771,178,2026-03-15,Present,
1772,178,2026-05-04,Present,
1773,178,2026-04-24,Present,
1774,178,2026-04-09,Present,
1775,178,2026-04-25,Present,
1776,178,2026-04-23,Present,
1777,178,2026-04-28,Present,
1778,178,2026-05-29,Present,
1779,178,2026-03-22,Present,
1780,178,2026-06-01,Present,
1781,179,2026-05-04,Present,
1782,179,2026-03-18,Present,
1783,179,2026-05-29,Present,
1784,179,2026-04-27,Present,
1785,179,2026-04-01,Present,
1786,179,2026-06-07,Present,
1787,179,2026-06-04,Present,
1788,179,2026-05-11,Present,
1789,179,2026-03-12,Present,
1790,179,2026-04-14,Present,
1791,180,2026-04-09,Absent,Sick
1792,180,2026-05-05,Present,
1793,180,2026-04-10,Present,
1794,180,2026-03-17,Present,
1795,180,2026-04-08,Present,
1796,180,2026-04-28,Present,
1797,180,2026-05-09,Present,
1798,180,2026-04-27,Present,
1799,180,2026-06-04,Present,
1800,180,2026-04-06,Present,
1801,181,2026-06-06,Present,
1802,181,2026-06-04,Present,
1803,181,2026-04-30,Present,
1804,181,2026-04-26,Present,
1805,181,2026-05-23,Present,
1806,181,2026-03-20,Present,
1807,181,2026-06-06,Present,
1808,181,2026-04-01,Present,
1809,181,2026-03-28,Present,
1810,181,2026-04-13,Present,
1811,182,2026-03-20,Absent,
1812,182,2026-05-27,Absent,Sick
1813,182,2026-04-26,Present,
1814,182,2026-05-15,Present,
1815,182,2026-03-22,Present,
1816,182,2026-03-23,Present,
1817,182,2026-05-07,Present,
1818,182,2026-05-28,Present,
1819,182,2026-05-16,Present,
1820,182,2026-03-29,Absent,
1821,183,2026-04-20,Absent,Sick
1822,183,2026-04-23,Present,
1823,183,2026-04-30,Present,
1824,183,2026-06-05,Present,
1825,183,2026-04-15,Present,
1826,183,2026-05-22,Present,
1827,183,2026-06-07,Present,
1828,183,2026-05-05,Present,
1829,183,2026-03-22,Absent,
1830,183,2026-05-19,Present,
1831,184,2026-03-25,Present,
1832,184,2026-05-17,Present,
1833,184,2026-03-19,Present,
1834,184,2026-05-30,Present,
1835,184,2026-04-26,Present,
1836,184,2026-03-25,Present,
1837,184,2026-05-04,Present,
1838,184,2026-03-11,Present,
1839,184,2026-05-16,Absent,
1840,184,2026-06-04,Absent,Sick
1841,185,2026-04-09,Present,
1842,185,2026-05-17,Present,
1843,185,2026-04-27,Present,
1844,185,2026-04-08,Present,
1845,185,2026-05-31,Present,
1846,185,2026-03-25,Absent,Sick
1847,185,2026-05-28,Present,
1848,185,2026-04-20,Present,
1849,185,2026-05-24,Present,
1850,185,2026-04-04,Present,
1851,186,2026-04-21,Absent,Sick
1852,186,2026-05-26,Present,
1853,186,2026-03-27,Present,
1854,186,2026-05-16,Present,
1855,186,2026-04-03,Present,
1856,186,2026-05-07,Present,
1857,186,2026-03-25,Present,
1858,186,2026-05-27,Present,
1859,186,2026-05-05,Absent,Sick
1860,186,2026-03-13,Present,
1861,187,2026-04-09,Present,
1862,187,2026-04-22,Present,
1863,187,2026-04-08,Absent,
1864,187,2026-03-21,Present,
1865,187,2026-05-29,Present,
1866,187,2026-05-28,Present,
1867,187,2026-05-04,Present,
1868,187,2026-03-21,Present,
1869,187,2026-04-01,Present,
1870,187,2026-06-03,Present,
1871,188,2026-04-22,Present,
1872,188,2026-03-25,Present,
1873,188,2026-05-04,Present,
1874,188,2026-05-11,Present,
1875,188,2026-03-26,Absent,Sick
1876,188,2026-05-20,Present,
1877,188,2026-04-27,Present,
1878,188,2026-04-02,Present,
1879,188,2026-06-07,Present,
1880,188,2026-05-24,Absent,
1881,189,2026-06-03,Absent,Sick
1882,189,2026-04-10,Present,
1883,189,2026-05-26,Present,
1884,189,2026-04-02,Present,
1885,189,2026-04-06,Present,
1886,189,2026-05-11,Present,
1887,189,2026-05-13,Present,
1888,189,2026-04-04,Present,
1889,189,2026-04-26,Present,
1890,189,2026-05-14,Present,
1891,190,2026-05-26,Present,
1892,190,2026-04-15,Present,
1893,190,2026-04-02,Present,
1894,190,2026-04-01,Present,
1895,190,2026-04-16,Present,
1896,190,2026-06-05,Present,
1897,190,2026-03-15,Present,
1898,190,2026-05-29,Present,
1899,190,2026-04-10,Present,
1900,190,2026-03-13,Present,
1901,191,2026-04-05,Present,
1902,191,2026-04-12,Present,
1903,191,2026-04-28,Present,
1904,191,2026-05-24,Present,
1905,191,2026-06-05,Present,
1906,191,2026-05-02,Present,
1907,191,2026-04-19,Present,
1908,191,2026-05-23,Present,
1909,191,2026-03-19,Present,
1910,191,2026-05-24,Absent,Sick
1911,192,2026-03-30,Present,
1912,192,2026-03-22,Present,
1913,192,2026-03-23,Present,
1914,192,2026-03-18,Present,
1915,192,2026-05-26,Present,
1916,192,2026-05-10,Present,
1917,192,2026-04-13,Present,
1918,192,2026-04-08,Present,
1919,192,2026-04-10,Present,
1920,192,2026-05-05,Present,
1921,193,2026-04-10,Present,
1922,193,2026-04-17,Present,
1923,193,2026-05-20,Present,
1924,193,2026-04-06,Absent,Sick
1925,193,2026-05-05,Present,
1926,193,2026-04-26,Present,
1927,193,2026-03-26,Present,
1928,193,2026-05-05,Absent,
1929,193,2026-03-28,Absent,Sick
1930,193,2026-03-29,Present,
1931,194,2026-04-11,Present,
1932,194,2026-06-04,Present,
1933,194,2026-05-30,Present,
1934,194,2026-04-16,Present,
1935,194,2026-05-08,Present,
1936,194,2026-05-26,Present,
1937,194,2026-04-07,Present,
1938,194,2026-06-04,Present,
1939,194,2026-04-29,Present,
1940,194,2026-04-07,Present,
1941,195,2026-05-07,Present,
1942,195,2026-05-24,Present,
1943,195,2026-04-05,Present,
1944,195,2026-03-20,Present,
1945,195,2026-04-18,Present,
1946,195,2026-05-28,Present,
1947,195,2026-05-11,Present,
1948,195,2026-03-11,Present,
1949,195,2026-04-14,Present,
1950,195,2026-04-17,Present,
1951,196,2026-04-25,Present,
1952,196,2026-04-03,Present,
1953,196,2026-03-25,Present,
1954,196,2026-05-06,Absent,Sick
1955,196,2026-06-06,Present,
1956,196,2026-05-03,Present,
1957,196,2026-05-25,Present,
1958,196,2026-04-15,Present,
1959,196,2026-04-21,Present,
1960,196,2026-05-27,Present,
1961,197,2026-03-19,Absent,Sick
1962,197,2026-06-07,Absent,
1963,197,2026-05-15,Absent,
1964,197,2026-03-22,Present,
1965,197,2026-04-13,Absent,Sick
1966,197,2026-03-25,Present,
1967,197,2026-05-26,Present,
1968,197,2026-03-17,Present,
1969,197,2026-03-27,Present,
1970,197,2026-03-28,Present,
1971,198,2026-05-02,Present,
1972,198,2026-05-29,Present,
1973,198,2026-05-06,Present,
1974,198,2026-06-07,Present,
1975,198,2026-03-18,Present,
1976,198,2026-05-23,Present,
1977,198,2026-04-03,Present,
1978,198,2026-03-25,Present,
1979,198,2026-05-26,Present,
1980,198,2026-04-28,Present,
1981,199,2026-05-27,Present,
1982,199,2026-04-26,Present,
1983,199,2026-04-04,Present,
1984,199,2026-05-08,Present,
1985,199,2026-03-12,Present,
1986,199,2026-04-16,Absent,Sick
1987,199,2026-04-28,Present,
1988,199,2026-05-10,Present,
1989,199,2026-04-18,Present,
1990,199,2026-06-01,Present,
1991,200,2026-05-31,Present,
1992,200,2026-04-30,Present,
1993,200,2026-06-02,Present,
1994,200,2026-06-02,Present,
1995,200,2026-04-29,Present,
1996,200,2026-05-25,Present,
1997,200,2026-04-14,Present,
1998,200,2026-04-15,Present,
1999,200,2026-05-02,Present,
2000,200,2026-04-03,Present,
2001,201,2026-05-07,Absent,Sick
2002,201,2026-03-13,Present,
2003,201,2026-05-22,Absent,Sick
2004,201,2026-05-06,Present,
2005,201,2026-05-19,Absent,
2006,201,2026-05-15,Present,
2007,201,2026-05-07,Present,
2008,201,2026-04-04,Present,
2009,201,2026-04-21,Absent,
2010,201,2026-05-09,Present,
2011,202,2026-05-11,Present,
2012,202,2026-04-12,Present,
2013,202,2026-06-06,Absent,Sick
2014,202,2026-05-21,Present,
2015,202,2026-04-23,Present,
2016,202,2026-06-08,Present,
2017,202,2026-03-17,Present,
2018,202,2026-03-26,Present,
2019,202,2026-04-07,Present,
2020,202,2026-05-14,Present,
2021,203,2026-05-19,Present,
2022,203,2026-03-21,Present,
2023,203,2026-05-19,Present,
2024,203,2026-04-30,Present,
2025,203,2026-05-18,Present,
2026,203,2026-05-19,Present,
2027,203,2026-04-23,Present,
2028,203,2026-04-03,Present,
2029,203,2026-05-21,Present,
2030,203,2026-05-31,Present,
2031,204,2026-03-30,Present,
2032,204,2026-05-16,Present,
2033,204,2026-05-12,Present,
2034,204,2026-05-21,Present,
2035,204,2026-03-25,Present,
2036,204,2026-04-01,Present,
2037,204,2026-05-29,Present,
2038,204,2026-05-15,Absent,Sick
2039,204,2026-06-02,Present,
2040,204,2026-04-10,Present,
2041,205,2026-03-31,Present,
2042,205,2026-05-31,Present,
2043,205,2026-06-03,Present,
2044,205,2026-05-24,Present,
2045,205,2026-05-27,Present,
2046,205,2026-03-15,Present,
2047,205,2026-04-25,Absent,
2048,205,2026-05-30,Present,
2049,205,2026-05-01,Present,
2050,205,2026-05-25,Present,
2051,206,2026-03-20,Present,
2052,206,2026-05-06,Present,
2053,206,2026-05-12,Present,
2054,206,2026-03-25,Present,
2055,206,2026-05-26,Present,
2056,206,2026-05-27,Present,
2057,206,2026-05-07,Present,
2058,206,2026-04-15,Present,
2059,206,2026-05-25,Present,
2060,206,2026-05-10,Present,
2061,207,2026-05-30,Present,
2062,207,2026-03-13,Present,
2063,207,2026-04-18,Present,
2064,207,2026-05-10,Absent,
2065,207,2026-05-03,Present,
2066,207,2026-04-11,Absent,Sick
2067,207,2026-05-17,Present,
2068,207,2026-03-27,Present,
2069,207,2026-06-02,Present,
2070,207,2026-05-23,Present,
2071,208,2026-04-05,Present,
2072,208,2026-04-21,Present,
2073,208,2026-05-08,Present,
2074,208,2026-03-18,Present,
2075,208,2026-04-02,Present,
2076,208,2026-04-25,Present,
2077,208,2026-04-14,Present,
2078,208,2026-04-19,Present,
2079,208,2026-05-26,Present,
2080,208,2026-04-02,Present,
2081,209,2026-04-29,Present,
2082,209,2026-03-18,Present,
2083,209,2026-04-27,Present,
2084,209,2026-05-07,Absent,Sick
2085,209,2026-04-03,Present,
2086,209,2026-05-15,Present,
2087,209,2026-06-04,Present,
2088,209,2026-04-06,Present,
2089,209,2026-06-07,Present,
2090,209,2026-05-24,Present,
2091,210,2026-06-01,Present,
2092,210,2026-04-26,Present,
2093,210,2026-06-04,Absent,Sick
2094,210,2026-03-19,Present,
2095,210,2026-03-17,Present,
2096,210,2026-05-30,Present,
2097,210,2026-04-29,Present,
2098,210,2026-05-28,Present,
2099,210,2026-05-22,Present,
2100,210,2026-06-01,Present,
2101,211,2026-04-17,Present,
2102,211,2026-03-27,Present,
2103,211,2026-03-24,Present,
2104,211,2026-04-11,Present,
2105,211,2026-06-03,Present,
2106,211,2026-06-08,Present,
2107,211,2026-04-21,Present,
2108,211,2026-05-16,Present,
2109,211,2026-05-14,Present,
2110,211,2026-03-12,Present,
2111,212,2026-04-24,Present,
2112,212,2026-04-19,Present,
2113,212,2026-05-15,Present,
2114,212,2026-05-08,Present,
2115,212,2026-04-15,Present,
2116,212,2026-05-07,Present,
2117,212,2026-03-22,Present,
2118,212,2026-04-20,Present,
2119,212,2026-03-25,Present,
2120,212,2026-03-27,Present,
2121,213,2026-05-01,Absent,Sick
2122,213,2026-05-30,Present,
2123,213,2026-04-07,Present,
2124,213,2026-04-20,Present,
2125,213,2026-05-06,Present,
2126,213,2026-05-29,Absent,
2127,213,2026-04-03,Present,
2128,213,2026-04-09,Present,
2129,213,2026-05-08,Present,
2130,213,2026-04-23,Present,
2131,214,2026-05-29,Present,
2132,214,2026-04-02,Present,
2133,214,2026-05-20,Present,
2134,214,2026-04-29,Present,
2135,214,2026-05-22,Present,
2136,214,2026-04-10,Present,
2137,214,2026-03-26,Present,
2138,214,2026-03-27,Present,
2139,214,2026-03-23,Present,
2140,214,2026-05-06,Present,
2141,215,2026-04-12,Present,
2142,215,2026-05-20,Present,
2143,215,2026-04-24,Present,
2144,215,2026-03-16,Present,
2145,215,2026-05-22,Present,
2146,215,2026-04-20,Present,
2147,215,2026-04-26,Present,
2148,215,2026-03-21,Present,
2149,215,2026-05-29,Present,
2150,215,2026-03-24,Present,
2151,216,2026-06-04,Present,
2152,216,2026-05-12,Absent,
2153,216,2026-06-06,Present,
2154,216,2026-05-31,Present,
2155,216,2026-04-12,Absent,
2156,216,2026-04-25,Present,
2157,216,2026-05-03,Absent,Sick
2158,216,2026-04-16,Present,
2159,216,2026-06-01,Present,
2160,216,2026-06-02,Present,
2161,217,2026-06-02,Present,
2162,217,2026-03-17,Present,
2163,217,2026-03-11,Present,
2164,217,2026-05-29,Present,
2165,217,2026-05-02,Present,
2166,217,2026-05-04,Present,
2167,217,2026-03-22,Present,
2168,217,2026-03-26,Present,
2169,217,2026-04-13,Present,
2170,217,2026-03-15,Present,
2171,218,2026-05-25,Present,
2172,218,2026-05-02,Present,
2173,218,2026-04-25,Present,
2174,218,2026-04-05,Present,
2175,218,2026-06-01,Present,
2176,218,2026-05-08,Present,
2177,218,2026-05-12,Present,
2178,218,2026-04-07,Present,
2179,218,2026-04-01,Present,
2180,218,2026-04-07,Present,
2181,219,2026-04-29,Present,
2182,219,2026-04-18,Present,
2183,219,2026-05-03,Present,
2184,219,2026-04-13,Present,
2185,219,2026-04-26,Present,
2186,219,2026-03-26,Present,
2187,219,2026-04-27,Present,
2188,219,2026-04-26,Present,
2189,219,2026-05-02,Present,
2190,219,2026-04-19,Present,
2191,220,2026-03-18,Present,
2192,220,2026-05-16,Present,
2193,220,2026-05-25,Present,
2194,220,2026-05-10,Present,
2195,220,2026-04-26,Present,
2196,220,2026-06-04,Present,
2197,220,2026-04-13,Absent,Sick
2198,220,2026-05-12,Present,
2199,220,2026-05-28,Absent,Sick
2200,220,2026-03-18,Present,
2201,221,2026-06-01,Present,
2202,221,2026-04-19,Present,
2203,221,2026-05-07,Present,
2204,221,2026-03-12,Present,
2205,221,2026-03-22,Present,
2206,221,2026-04-27,Present,
2207,221,2026-05-13,Present,
2208,221,2026-05-28,Present,
2209,221,2026-04-29,Absent,
2210,221,2026-03-18,Present,
2211,222,2026-04-09,Present,
2212,222,2026-04-22,Present,
2213,222,2026-06-07,Present,
2214,222,2026-03-31,Present,
2215,222,2026-03-30,Present,
2216,222,2026-05-30,Present,
2217,222,2026-03-20,Absent,Sick
2218,222,2026-05-08,Present,
2219,222,2026-03-20,Present,
2220,222,2026-03-27,Present,
2221,223,2026-05-17,Present,
2222,223,2026-05-01,Present,
2223,223,2026-04-20,Present,
2224,223,2026-03-11,Present,
2225,223,2026-05-09,Present,
2226,223,2026-03-18,Present,
2227,223,2026-04-26,Present,
2228,223,2026-05-30,Present,
2229,223,2026-03-17,Present,
2230,223,2026-05-26,Present,
2231,224,2026-04-26,Present,
2232,224,2026-04-20,Absent,
2233,224,2026-05-02,Present,
2234,224,2026-05-09,Present,
2235,224,2026-04-13,Present,
2236,224,2026-05-19,Present,
2237,224,2026-06-08,Present,
2238,224,2026-04-29,Present,
2239,224,2026-04-23,Present,
2240,224,2026-05-11,Present,
2241,225,2026-04-08,Present,
2242,225,2026-04-02,Present,
2243,225,2026-06-01,Present,
2244,225,2026-05-05,Present,
2245,225,2026-05-15,Present,
2246,225,2026-03-31,Present,
2247,225,2026-06-07,Present,
2248,225,2026-03-13,Present,
2249,225,2026-04-09,Present,
2250,225,2026-05-03,Present,
2251,226,2026-05-17,Present,
2252,226,2026-03-19,Present,
2253,226,2026-04-27,Present,
2254,226,2026-03-11,Present,
2255,226,2026-04-06,Present,
2256,226,2026-05-01,Present,
2257,226,2026-06-03,Present,
2258,226,2026-05-14,Present,
2259,226,2026-05-03,Present,
2260,226,2026-04-18,Present,
2261,227,2026-06-02,Present,
2262,227,2026-06-06,Present,
2263,227,2026-05-10,Absent,
2264,227,2026-03-21,Present,
2265,227,2026-06-08,Present,
2266,227,2026-05-25,Present,
2267,227,2026-03-31,Present,
2268,227,2026-03-30,Present,
2269,227,2026-03-30,Present,
2270,227,2026-05-30,Present,
2271,228,2026-03-20,Present,
2272,228,2026-03-16,Present,
2273,228,2026-04-22,Present,
2274,228,2026-05-10,Present,
2275,228,2026-04-20,Present,
2276,228,2026-03-24,Present,
2277,228,2026-04-14,Present,
2278,228,2026-05-05,Present,
2279,228,2026-05-29,Present,
2280,228,2026-03-24,Present,
2281,229,2026-06-05,Present,
2282,229,2026-05-10,Present,
2283,229,2026-03-22,Present,
2284,229,2026-04-16,Present,
2285,229,2026-03-21,Present,
2286,229,2026-04-23,Present,
2287,229,2026-05-01,Absent,Sick
2288,229,2026-03-11,Present,
2289,229,2026-05-11,Present,
2290,229,2026-04-04,Present,
2291,230,2026-04-28,Present,
2292,230,2026-05-20,Present,
2293,230,2026-04-20,Present,
2294,230,2026-05-06,Present,
2295,230,2026-04-20,Present,
2296,230,2026-05-12,Absent,Sick
2297,230,2026-04-25,Present,
2298,230,2026-04-02,Present,
2299,230,2026-03-26,Present,
2300,230,2026-04-20,Present,
2301,231,2026-04-08,Present,
2302,231,2026-04-01,Present,
2303,231,2026-04-26,Present,
2304,231,2026-03-29,Absent,Sick
2305,231,2026-04-28,Present,
2306,231,2026-03-11,Present,
2307,231,2026-05-19,Present,
2308,231,2026-06-06,Present,
2309,231,2026-06-03,Present,
2310,231,2026-05-30,Absent,Sick
2311,232,2026-03-25,Present,
2312,232,2026-04-30,Present,
2313,232,2026-05-25,Present,
2314,232,2026-03-26,Present,
2315,232,2026-05-20,Absent,
2316,232,2026-05-28,Present,
2317,232,2026-04-16,Present,
2318,232,2026-04-26,Present,
2319,232,2026-04-09,Present,
2320,232,2026-05-01,Present,
2321,233,2026-05-17,Present,
2322,233,2026-04-08,Present,
2323,233,2026-05-02,Absent,Sick
2324,233,2026-06-03,Present,
2325,233,2026-05-25,Present,
2326,233,2026-05-15,Present,
2327,233,2026-03-24,Present,
2328,233,2026-04-01,Present,
2329,233,2026-04-05,Present,
2330,233,2026-05-19,Present,
2331,234,2026-06-05,Present,
2332,234,2026-04-23,Present,
2333,234,2026-04-03,Present,
2334,234,2026-04-09,Present,
2335,234,2026-04-07,Present,
2336,234,2026-03-28,Present,
2337,234,2026-03-17,Present,
2338,234,2026-06-08,Present,
2339,234,2026-04-28,Present,
2340,234,2026-04-02,Present,
2341,235,2026-04-08,Present,
2342,235,2026-04-18,Present,
2343,235,2026-05-29,Present,
2344,235,2026-06-02,Present,
2345,235,2026-05-06,Present,
2346,235,2026-04-21,Absent,
2347,235,2026-05-06,Present,
2348,235,2026-05-08,Present,
2349,235,2026-04-08,Present,
2350,235,2026-04-27,Present,
2351,236,2026-06-04,Present,
2352,236,2026-04-15,Present,
2353,236,2026-04-14,Present,
2354,236,2026-05-06,Absent,
2355,236,2026-03-25,Absent,Sick
2356,236,2026-04-18,Present,
2357,236,2026-03-21,Present,
2358,236,2026-06-07,Present,
2359,236,2026-03-21,Present,
2360,236,2026-03-19,Present,
2361,237,2026-05-16,Present,
2362,237,2026-05-15,Present,
2363,237,2026-05-14,Present,
2364,237,2026-05-26,Present,
2365,237,2026-06-05,Present,
2366,237,2026-04-14,Present,
2367,237,2026-03-11,Absent,Sick
2368,237,2026-05-20,Present,
2369,237,2026-04-02,Present,
2370,237,2026-04-07,Present,
2371,238,2026-04-11,Present,
2372,238,2026-03-31,Present,
2373,238,2026-04-29,Present,
2374,238,2026-05-31,Present,
2375,238,2026-05-22,Present,
2376,238,2026-05-22,Present,
2377,238,2026-05-13,Absent,Sick
2378,238,2026-04-16,Present,
2379,238,2026-04-12,Present,
2380,238,2026-05-16,Present,
2381,239,2026-04-24,Absent,Sick
2382,239,2026-04-28,Present,
2383,239,2026-03-31,Present,
2384,239,2026-04-12,Present,
2385,239,2026-04-14,Present,
2386,239,2026-05-25,Present,
2387,239,2026-04-30,Absent,Sick
2388,239,2026-03-14,Present,
2389,239,2026-04-21,Present,
2390,239,2026-05-10,Present,
2391,240,2026-04-18,Absent,Sick
2392,240,2026-03-29,Present,
2393,240,2026-03-11,Present,
2394,240,2026-06-03,Present,
2395,240,2026-03-23,Present,
2396,240,2026-05-10,Absent,
2397,240,2026-05-07,Present,
2398,240,2026-05-12,Present,
2399,240,2026-05-05,Absent,
2400,240,2026-05-28,Present,
2401,241,2026-04-10,Present,
2402,241,2026-03-14,Present,
2403,241,2026-04-10,Present,
2404,241,2026-04-22,Present,
2405,241,2026-04-03,Present,
2406,241,2026-05-07,Present,
2407,241,2026-03-19,Present,
2408,241,2026-04-11,Present,
2409,241,2026-04-27,Absent,
2410,241,2026-03-19,Present,
2411,242,2026-05-01,Present,
2412,242,2026-04-20,Present,
2413,242,2026-05-07,Present,
2414,242,2026-04-04,Present,
2415,242,2026-03-30,Present,
2416,242,2026-05-14,Present,
2417,242,2026-04-01,Present,
2418,242,2026-03-28,Present,
2419,242,2026-05-03,Present,
2420,242,2026-04-23,Present,
2421,243,2026-04-08,Present,
2422,243,2026-05-11,Present,
2423,243,2026-06-07,Present,
2424,243,2026-06-05,Present,
2425,243,2026-04-09,Present,
2426,243,2026-05-11,Present,
2427,243,2026-03-23,Present,
2428,243,2026-04-28,Present,
2429,243,2026-03-15,Present,
2430,243,2026-05-22,Present,
2431,244,2026-04-13,Present,
2432,244,2026-05-15,Present,
2433,244,2026-04-13,Present,
2434,244,2026-03-29,Present,
2435,244,2026-05-21,Present,
2436,244,2026-04-15,Present,
2437,244,2026-05-20,Present,
2438,244,2026-05-12,Present,
2439,244,2026-03-12,Present,
2440,244,2026-06-07,Absent,
2441,245,2026-03-13,Present,
2442,245,2026-04-03,Present,
2443,245,2026-03-26,Present,
2444,245,2026-04-07,Present,
2445,245,2026-05-10,Present,
2446,245,2026-04-23,Present,
2447,245,2026-04-29,Present,
2448,245,2026-05-25,Absent,Sick
2449,245,2026-03-25,Absent,Sick
2450,245,2026-03-14,Present,
2451,246,2026-04-01,Present,
2452,246,2026-03-30,Present,
2453,246,2026-06-02,Present,
2454,246,2026-03-17,Present,
2455,246,2026-05-19,Present,
2456,246,2026-05-08,Absent,
2457,246,2026-04-19,Present,
2458,246,2026-04-16,Present,
2459,246,2026-03-24,Present,
2460,246,2026-03-11,Present,
2461,247,2026-03-25,Present,
2462,247,2026-05-21,Present,
2463,247,2026-05-14,Absent,
2464,247,2026-05-22,Present,
2465,247,2026-04-26,Present,
2466,247,2026-04-27,Present,
2467,247,2026-03-16,Absent,Sick
2468,247,2026-05-01,Present,
2469,247,2026-04-18,Present,
2470,247,2026-03-13,Present,
2471,248,2026-04-09,Present,
2472,248,2026-05-13,Present,
2473,248,2026-06-08,Present,
2474,248,2026-04-21,Present,
2475,248,2026-05-05,Present,
2476,248,2026-05-21,Present,
2477,248,2026-05-05,Present,
2478,248,2026-04-23,Present,
2479,248,2026-04-02,Present,
2480,248,2026-03-18,Present,
2481,249,2026-05-29,Present,
2482,249,2026-05-15,Absent,Sick
2483,249,2026-06-05,Present,
2484,249,2026-05-05,Present,
2485,249,2026-04-03,Present,
2486,249,2026-04-29,Present,
2487,249,2026-05-05,Present,
2488,249,2026-03-30,Present,
2489,249,2026-05-02,Present,
2490,249,2026-05-14,Present,
2491,250,2026-05-31,Present,
2492,250,2026-04-22,Present,
2493,250,2026-05-17,Present,
2494,250,2026-05-12,Absent,
2495,250,2026-04-20,Present,
2496,250,2026-03-12,Present,
2497,250,2026-03-13,Present,
2498,250,2026-03-11,Present,
2499,250,2026-05-21,Present,
2500,250,2026-05-16,Present,
2501,251,2026-04-24,Present,
2502,251,2026-05-28,Present,
2503,251,2026-06-06,Absent,
2504,251,2026-04-26,Present,
2505,251,2026-06-08,Present,
2506,251,2026-05-09,Present,
2507,251,2026-03-25,Present,
2508,251,2026-04-29,Present,
2509,251,2026-03-11,Present,
2510,251,2026-03-14,Present,
2511,252,2026-04-24,Present,
2512,252,2026-03-31,Present,
2513,252,2026-04-15,Present,
2514,252,2026-06-03,Present,
2515,252,2026-04-25,Present,
2516,252,2026-06-01,Present,
2517,252,2026-04-08,Present,
2518,252,2026-03-11,Present,
2519,252,2026-06-02,Present,
2520,252,2026-04-24,Absent,
2521,253,2026-03-12,Absent,Sick
2522,253,2026-03-14,Present,
2523,253,2026-03-13,Present,
2524,253,2026-05-08,Present,
2525,253,2026-03-24,Present,
2526,253,2026-04-13,Present,
2527,253,2026-04-30,Present,
2528,253,2026-03-12,Present,
2529,253,2026-04-25,Present,
2530,253,2026-03-21,Present,
2531,254,2026-04-28,Present,
2532,254,2026-05-29,Present,
2533,254,2026-04-10,Present,
2534,254,2026-04-13,Present,
2535,254,2026-03-19,Present,
2536,254,2026-04-14,Present,
2537,254,2026-03-20,Present,
2538,254,2026-05-31,Present,
2539,254,2026-06-07,Present,
2540,254,2026-03-26,Present,
2541,255,2026-04-07,Present,
2542,255,2026-05-17,Present,
2543,255,2026-05-22,Present,
2544,255,2026-04-06,Present,
2545,255,2026-05-23,Absent,
2546,255,2026-05-27,Present,
2547,255,2026-05-28,Present,
2548,255,2026-03-27,Present,
2549,255,2026-04-02,Present,
2550,255,2026-04-14,Absent,Sick
2551,256,2026-05-16,Present,
2552,256,2026-04-01,Present,
2553,256,2026-03-17,Present,
2554,256,2026-06-02,Present,
2555,256,2026-05-14,Present,
2556,256,2026-05-24,Absent,
2557,256,2026-03-25,Present,
2558,256,2026-05-25,Present,
2559,256,2026-03-11,Present,
2560,256,2026-03-13,Present,
2561,257,2026-06-05,Present,
2562,257,2026-06-02,Present,
2563,257,2026-03-30,Present,
2564,257,2026-05-16,Present,
2565,257,2026-05-01,Present,
2566,257,2026-05-24,Present,
2567,257,2026-04-26,Present,
2568,257,2026-03-13,Present,
2569,257,2026-04-23,Present,
2570,257,2026-03-18,Present,
2571,258,2026-04-01,Present,
2572,258,2026-05-31,Present,
2573,258,2026-03-25,Present,
2574,258,2026-05-19,Present,
2575,258,2026-05-25,Absent,
2576,258,2026-05-01,Present,
2577,258,2026-05-01,Present,
2578,258,2026-03-30,Present,
2579,258,2026-04-27,Present,
2580,258,2026-05-11,Present,
2581,259,2026-04-23,Present,
2582,259,2026-05-19,Present,
2583,259,2026-06-03,Present,
2584,259,2026-05-12,Present,
2585,259,2026-04-30,Present,
2586,259,2026-05-10,Present,
2587,259,2026-04-30,Present,
2588,259,2026-04-14,Absent,Sick
2589,259,2026-05-29,Present,
2590,259,2026-04-24,Present,
2591,260,2026-04-24,Present,
2592,260,2026-05-31,Present,
2593,260,2026-03-18,Present,
2594,260,2026-04-25,Present,
2595,260,2026-05-25,Present,
2596,260,2026-05-22,Present,
2597,260,2026-04-13,Present,
2598,260,2026-06-07,Present,
2599,260,2026-05-23,Present,
2600,260,2026-05-15,Present,
2601,261,2026-05-05,Present,
2602,261,2026-04-17,Present,
2603,261,2026-03-31,Present,
2604,261,2026-04-25,Present,
2605,261,2026-05-19,Present,
2606,261,2026-05-04,Present,
2607,261,2026-05-29,Present,
2608,261,2026-05-03,Present,
2609,261,2026-05-24,Present,
2610,261,2026-04-26,Present,
2611,262,2026-03-21,Present,
2612,262,2026-03-14,Present,
2613,262,2026-05-03,Absent,Sick
2614,262,2026-05-19,Present,
2615,262,2026-04-24,Present,
2616,262,2026-05-30,Present,
2617,262,2026-03-30,Present,
2618,262,2026-03-18,Present,
2619,262,2026-05-27,Absent,
2620,262,2026-05-05,Present,
2621,263,2026-03-27,Present,
2622,263,2026-04-09,Present,
2623,263,2026-04-19,Present,
2624,263,2026-05-03,Present,
2625,263,2026-04-24,Present,
2626,263,2026-04-26,Absent,Sick
2627,263,2026-06-04,Present,
2628,263,2026-06-02,Present,
2629,263,2026-04-19,Present,
2630,263,2026-06-07,Present,
2631,264,2026-06-08,Present,
2632,264,2026-04-02,Present,
2633,264,2026-04-15,Present,
2634,264,2026-03-30,Present,
2635,264,2026-03-30,Present,
2636,264,2026-05-25,Present,
2637,264,2026-05-14,Present,
2638,264,2026-05-11,Present,
2639,264,2026-03-18,Present,
2640,264,2026-05-16,Present,
2641,265,2026-06-02,Present,
2642,265,2026-03-22,Present,
2643,265,2026-04-18,Present,
2644,265,2026-03-25,Present,
2645,265,2026-04-13,Present,
2646,265,2026-03-16,Present,
2647,265,2026-03-29,Present,
2648,265,2026-03-20,Present,
2649,265,2026-03-28,Present,
2650,265,2026-04-22,Present,
2651,266,2026-03-28,Present,
2652,266,2026-03-29,Present,
2653,266,2026-03-14,Present,
2654,266,2026-05-19,Present,
2655,266,2026-04-27,Present,
2656,266,2026-03-25,Present,
2657,266,2026-05-23,Absent,Sick
2658,266,2026-05-16,Present,
2659,266,2026-05-08,Present,
2660,266,2026-05-01,Absent,
2661,267,2026-05-22,Present,
2662,267,2026-04-21,Present,
2663,267,2026-05-07,Present,
2664,267,2026-06-08,Present,
2665,267,2026-05-10,Present,
2666,267,2026-06-01,Present,
2667,267,2026-05-12,Present,
2668,267,2026-03-28,Present,
2669,267,2026-06-06,Present,
2670,267,2026-05-04,Absent,Sick
2671,268,2026-04-15,Absent,Sick
2672,268,2026-04-11,Present,
2673,268,2026-04-18,Absent,
2674,268,2026-04-24,Present,
2675,268,2026-04-10,Present,
2676,268,2026-04-17,Present,
2677,268,2026-04-20,Present,
2678,268,2026-04-20,Present,
2679,268,2026-03-22,Present,
2680,268,2026-04-20,Present,
2681,269,2026-05-30,Present,
2682,269,2026-05-13,Present,
2683,269,2026-04-13,Present,
2684,269,2026-03-17,Present,
2685,269,2026-03-28,Present,
2686,269,2026-04-08,Present,
2687,269,2026-03-18,Present,
2688,269,2026-05-09,Present,
2689,269,2026-06-04,Present,
2690,269,2026-04-14,Present,
2691,270,2026-05-10,Present,
2692,270,2026-03-15,Present,
2693,270,2026-03-31,Present,
2694,270,2026-05-19,Present,
2695,270,2026-04-04,Absent,
2696,270,2026-04-04,Present,
2697,270,2026-05-01,Present,
2698,270,2026-03-28,Absent,Sick
2699,270,2026-04-13,Present,
2700,270,2026-05-22,Absent,
2701,271,2026-04-14,Present,
2702,271,2026-04-19,Present,
2703,271,2026-04-11,Present,
2704,271,2026-04-28,Present,
2705,271,2026-04-07,Present,
2706,271,2026-03-26,Present,
2707,271,2026-04-03,Present,
2708,271,2026-03-18,Present,
2709,271,2026-05-23,Present,
2710,271,2026-03-28,Absent,Sick
2711,272,2026-04-01,Present,
2712,272,2026-05-03,Present,
2713,272,2026-03-22,Present,
2714,272,2026-04-07,Present,
2715,272,2026-04-30,Present,
2716,272,2026-04-01,Present,
2717,272,2026-03-29,Present,
2718,272,2026-05-06,Present,
2719,272,2026-03-17,Present,
2720,272,2026-05-08,Present,
2721,273,2026-03-20,Present,
2722,273,2026-04-27,Present,
2723,273,2026-05-27,Present,
2724,273,2026-04-14,Present,
2725,273,2026-06-06,Present,
2726,273,2026-03-20,Present,
2727,273,2026-04-20,Present,
2728,273,2026-05-09,Present,
2729,273,2026-05-20,Present,
2730,273,2026-05-03,Present,
2731,274,2026-04-11,Present,
2732,274,2026-04-16,Present,
2733,274,2026-05-10,Present,
2734,274,2026-05-20,Present,
2735,274,2026-05-09,Present,
2736,274,2026-04-26,Present,
2737,274,2026-05-02,Present,
2738,274,2026-04-17,Present,
2739,274,2026-04-04,Present,
2740,274,2026-03-18,Present,
2741,275,2026-06-05,Present,
2742,275,2026-04-16,Present,
2743,275,2026-03-11,Present,
2744,275,2026-03-30,Present,
2745,275,2026-04-21,Present,
2746,275,2026-05-07,Absent,
2747,275,2026-04-09,Present,
2748,275,2026-04-27,Absent,Sick
2749,275,2026-06-06,Present,
2750,275,2026-04-23,Present,
2751,276,2026-03-29,Present,
2752,276,2026-05-10,Present,
2753,276,2026-06-08,Present,
2754,276,2026-05-15,Present,
2755,276,2026-03-12,Present,
2756,276,2026-04-01,Present,
2757,276,2026-04-03,Present,
2758,276,2026-03-22,Present,
2759,276,2026-03-12,Present,
2760,276,2026-06-01,Present,
2761,277,2026-05-05,Present,
2762,277,2026-03-19,Present,
2763,277,2026-06-07,Present,
2764,277,2026-04-16,Present,
2765,277,2026-03-12,Present,
2766,277,2026-06-02,Present,
2767,277,2026-03-18,Present,
2768,277,2026-03-27,Present,
2769,277,2026-05-05,Present,
2770,277,2026-05-09,Present,
2771,278,2026-06-02,Present,
2772,278,2026-05-11,Present,
2773,278,2026-03-20,Present,
2774,278,2026-04-19,Present,
2775,278,2026-05-04,Present,
2776,278,2026-03-26,Present,
2777,278,2026-03-23,Present,
2778,278,2026-05-17,Present,
2779,278,2026-03-23,Absent,Sick
2780,278,2026-04-16,Present,
2781,279,2026-06-02,Present,
2782,279,2026-05-06,Present,
2783,279,2026-06-08,Present,
2784,279,2026-05-07,Absent,Sick
2785,279,2026-03-22,Present,
2786,279,2026-04-18,Present,
2787,279,2026-05-23,Absent,Sick
2788,279,2026-04-12,Present,
2789,279,2026-05-06,Present,
2790,279,2026-03-18,Present,
2791,280,2026-04-18,Present,
2792,280,2026-06-06,Present,
2793,280,2026-03-23,Present,
2794,280,2026-03-12,Present,
2795,280,2026-03-22,Present,
2796,280,2026-04-07,Present,
2797,280,2026-04-26,Present,
2798,280,2026-05-17,Present,
2799,280,2026-04-01,Present,
2800,280,2026-03-27,Present,
2801,281,2026-03-18,Present,
2802,281,2026-04-13,Present,
2803,281,2026-04-21,Present,
2804,281,2026-04-21,Present,
2805,281,2026-05-06,Present,
2806,281,2026-04-29,Present,
2807,281,2026-03-15,Present,
2808,281,2026-05-18,Present,
2809,281,2026-04-13,Present,
2810,281,2026-04-02,Present,
2811,282,2026-04-22,Present,
2812,282,2026-05-11,Present,
2813,282,2026-05-12,Present,
2814,282,2026-06-08,Present,
2815,282,2026-04-06,Present,
2816,282,2026-05-13,Present,
2817,282,2026-03-31,Present,
2818,282,2026-05-05,Present,
2819,282,2026-06-08,Present,
2820,282,2026-05-09,Present,
2821,283,2026-05-21,Present,
2822,283,2026-05-30,Present,
2823,283,2026-05-24,Present,
2824,283,2026-03-18,Present,
2825,283,2026-06-08,Present,
2826,283,2026-04-03,Present,
2827,283,2026-04-18,Present,
2828,283,2026-04-12,Present,
2829,283,2026-04-06,Present,
2830,283,2026-06-06,Absent,
2831,284,2026-04-25,Present,
2832,284,2026-04-17,Present,
2833,284,2026-03-30,Present,
2834,284,2026-05-10,Present,
2835,284,2026-04-14,Present,
2836,284,2026-04-12,Present,
2837,284,2026-04-02,Present,
2838,284,2026-04-17,Present,
2839,284,2026-03-18,Present,
2840,284,2026-03-20,Present,
2841,285,2026-05-16,Present,
2842,285,2026-05-02,Present,
2843,285,2026-03-23,Present,
2844,285,2026-03-25,Present,
2845,285,2026-04-03,Present,
2846,285,2026-05-27,Present,
2847,285,2026-03-12,Present,
2848,285,2026-06-06,Present,
2849,285,2026-05-21,Present,
2850,285,2026-04-06,Present,
2851,286,2026-03-11,Present,
2852,286,2026-04-11,Present,
2853,286,2026-04-13,Present,
2854,286,2026-05-08,Present,
2855,286,2026-04-28,Present,
2856,286,2026-05-23,Present,
2857,286,2026-05-11,Present,
2858,286,2026-03-13,Present,
2859,286,2026-04-26,Absent,Sick
2860,286,2026-03-27,Present,
2861,287,2026-04-27,Present,
2862,287,2026-05-19,Absent,
2863,287,2026-04-27,Present,
2864,287,2026-05-23,Present,
2865,287,2026-04-10,Present,
2866,287,2026-03-24,Present,
2867,287,2026-04-30,Present,
2868,287,2026-06-05,Present,
2869,287,2026-04-02,Present,
2870,287,2026-04-26,Present,
2871,288,2026-03-30,Present,
2872,288,2026-05-31,Present,
2873,288,2026-04-06,Present,
2874,288,2026-05-24,Present,
2875,288,2026-03-31,Present,
2876,288,2026-06-05,Present,
2877,288,2026-04-01,Present,
2878,288,2026-04-15,Absent,Sick
2879,288,2026-04-01,Present,
2880,288,2026-05-06,Present,
2881,289,2026-04-06,Present,
2882,289,2026-03-21,Present,
2883,289,2026-05-04,Present,
2884,289,2026-03-23,Present,
2885,289,2026-05-29,Present,
2886,289,2026-03-19,Present,
2887,289,2026-03-29,Present,
2888,289,2026-03-25,Present,
2889,289,2026-04-23,Present,
2890,289,2026-05-26,Absent,Sick
2891,290,2026-05-29,Present,
2892,290,2026-04-24,Present,
2893,290,2026-05-29,Present,
2894,290,2026-05-20,Present,
2895,290,2026-03-27,Present,
2896,290,2026-05-16,Present,
2897,290,2026-04-04,Absent,Sick
2898,290,2026-05-17,Absent,Sick
2899,290,2026-04-15,Absent,Sick
2900,290,2026-05-08,Present,
2901,291,2026-04-08,Present,
2902,291,2026-05-27,Present,
2903,291,2026-03-23,Present,
2904,291,2026-03-24,Present,
2905,291,2026-04-22,Present,
2906,291,2026-05-09,Absent,
2907,291,2026-05-28,Present,
2908,291,2026-03-18,Present,
2909,291,2026-04-27,Present,
2910,291,2026-03-14,Present,
2911,292,2026-03-24,Present,
2912,292,2026-04-15,Present,
2913,292,2026-05-04,Present,
2914,292,2026-03-17,Present,
2915,292,2026-05-01,Present,
2916,292,2026-04-10,Present,
2917,292,2026-06-08,Present,
2918,292,2026-03-11,Present,
2919,292,2026-04-01,Present,
2920,292,2026-05-25,Present,
2921,293,2026-03-22,Present,
2922,293,2026-04-19,Present,
2923,293,2026-03-18,Present,
2924,293,2026-04-15,Absent,
2925,293,2026-03-22,Present,
2926,293,2026-04-01,Present,
2927,293,2026-03-28,Present,
2928,293,2026-05-28,Present,
2929,293,2026-06-03,Present,
2930,293,2026-03-29,Present,
2931,294,2026-06-05,Present,
2932,294,2026-04-19,Present,
2933,294,2026-05-16,Present,
2934,294,2026-05-31,Present,
2935,294,2026-06-08,Present,
2936,294,2026-03-21,Present,
2937,294,2026-05-28,Present,
2938,294,2026-03-27,Present,
2939,294,2026-05-12,Present,
2940,294,2026-04-23,Present,
2941,295,2026-05-07,Absent,
2942,295,2026-05-16,Present,
2943,295,2026-04-10,Absent,Sick
2944,295,2026-04-06,Present,
2945,295,2026-03-30,Present,
2946,295,2026-03-22,Present,
2947,295,2026-05-27,Present,
2948,295,2026-03-20,Present,
2949,295,2026-03-30,Present,
2950,295,2026-03-27,Present,
2951,296,2026-03-25,Present,
2952,296,2026-05-01,Present,
2953,296,2026-04-29,Present,
2954,296,2026-04-04,Present,
2955,296,2026-06-03,Present,
2956,296,2026-04-16,Present,
2957,296,2026-06-07,Present,
2958,296,2026-03-21,Present,
2959,296,2026-05-20,Present,
2960,296,2026-05-10,Present,
2961,297,2026-05-24,Present,
2962,297,2026-03-27,Present,
2963,297,2026-05-02,Present,
2964,297,2026-03-25,Present,
2965,297,2026-03-23,Present,
2966,297,2026-06-01,Absent,
2967,297,2026-03-25,Present,
2968,297,2026-04-05,Present,
2969,297,2026-05-17,Present,
2970,297,2026-04-24,Present,
2971,298,2026-03-12,Present,
2972,298,2026-06-04,Present,
2973,298,2026-05-07,Present,
2974,298,2026-06-04,Present,
2975,298,2026-04-29,Present,
2976,298,2026-05-05,Absent,
2977,298,2026-04-18,Present,
2978,298,2026-04-11,Present,
2979,298,2026-05-23,Present,
2980,298,2026-05-24,Present,
2981,299,2026-05-20,Absent,
2982,299,2026-06-05,Present,
2983,299,2026-05-01,Present,
2984,299,2026-06-05,Present,
2985,299,2026-06-06,Present,
2986,299,2026-05-19,Present,
2987,299,2026-04-22,Present,
2988,299,2026-04-05,Present,
2989,299,2026-04-10,Absent,
2990,299,2026-04-16,Present,
2991,300,2026-05-03,Present,
2992,300,2026-05-13,Present,
2993,300,2026-03-22,Present,
2994,300,2026-05-09,Absent,
2995,300,2026-04-09,Present,
2996,300,2026-05-03,Present,
2997,300,2026-04-20,Present,
2998,300,2026-03-18,Present,
2999,300,2026-06-07,Absent,
3000,300,2026-06-06,Present,
3001,301,2026-05-16,Present,
3002,301,2026-03-15,Present,
3003,301,2026-03-24,Present,
3004,301,2026-04-19,Present,
3005,301,2026-05-17,Present,
3006,301,2026-04-18,Present,
3007,301,2026-06-04,Present,
3008,301,2026-03-29,Present,
3009,301,2026-03-15,Present,
3010,301,2026-03-14,Present,
3011,302,2026-03-12,Present,
3012,302,2026-05-26,Absent,
3013,302,2026-06-07,Present,
3014,302,2026-04-04,Present,
3015,302,2026-05-07,Present,
3016,302,2026-05-28,Present,
3017,302,2026-05-28,Present,
3018,302,2026-04-23,Present,
3019,302,2026-03-31,Present,
3020,302,2026-03-16,Present,
3021,303,2026-06-05,Present,
3022,303,2026-05-18,Present,
3023,303,2026-06-02,Present,
3024,303,2026-05-22,Present,
3025,303,2026-04-03,Present,
3026,303,2026-03-13,Present,
3027,303,2026-04-02,Present,
3028,303,2026-05-20,Present,
3029,303,2026-06-05,Present,
3030,303,2026-04-23,Present,
3031,304,2026-04-16,Present,
3032,304,2026-05-12,Present,
3033,304,2026-05-10,Absent,
3034,304,2026-04-16,Present,
3035,304,2026-05-18,Present,
3036,304,2026-06-03,Present,
3037,304,2026-06-01,Present,
3038,304,2026-06-02,Present,
3039,304,2026-05-02,Present,
3040,304,2026-05-02,Absent,Sick
3041,305,2026-05-16,Present,
3042,305,2026-04-08,Present,
3043,305,2026-05-21,Present,
3044,305,2026-05-29,Present,
3045,305,2026-03-27,Absent,Sick
3046,305,2026-04-17,Present,
3047,305,2026-03-27,Present,
3048,305,2026-03-12,Present,
3049,305,2026-05-10,Present,
3050,305,2026-03-20,Present,
3051,306,2026-03-22,Present,
3052,306,2026-04-15,Present,
3053,306,2026-05-11,Present,
3054,306,2026-04-29,Present,
3055,306,2026-06-07,Present,
3056,306,2026-06-01,Present,
3057,306,2026-05-01,Present,
3058,306,2026-03-15,Present,
3059,306,2026-05-24,Present,
3060,306,2026-04-28,Present,
3061,307,2026-05-26,Present,
3062,307,2026-03-23,Present,
3063,307,2026-04-24,Present,
3064,307,2026-03-11,Present,
3065,307,2026-03-22,Present,
3066,307,2026-05-19,Present,
3067,307,2026-03-22,Present,
3068,307,2026-05-26,Present,
3069,307,2026-04-12,Present,
3070,307,2026-03-27,Present,
3071,308,2026-04-09,Present,
3072,308,2026-06-04,Absent,
3073,308,2026-05-08,Present,
3074,308,2026-05-01,Present,
3075,308,2026-03-15,Absent,
3076,308,2026-03-30,Present,
3077,308,2026-06-06,Present,
3078,308,2026-03-17,Present,
3079,308,2026-05-23,Present,
3080,308,2026-06-07,Present,
3081,309,2026-05-15,Present,
3082,309,2026-05-18,Present,
3083,309,2026-04-18,Present,
3084,309,2026-04-29,Present,
3085,309,2026-05-13,Present,
3086,309,2026-04-02,Present,
3087,309,2026-04-18,Present,
3088,309,2026-04-26,Present,
3089,309,2026-05-02,Present,
3090,309,2026-04-24,Absent,Sick
3091,310,2026-04-30,Present,
3092,310,2026-05-27,Present,
3093,310,2026-03-14,Present,
3094,310,2026-04-17,Present,
3095,310,2026-04-24,Present,
3096,310,2026-03-16,Present,
3097,310,2026-04-30,Present,
3098,310,2026-05-01,Present,
3099,310,2026-03-21,Present,
3100,310,2026-03-21,Present,
3101,311,2026-06-04,Present,
3102,311,2026-05-14,Present,
3103,311,2026-03-27,Present,
3104,311,2026-05-12,Present,
3105,311,2026-04-28,Present,
3106,311,2026-04-25,Present,
3107,311,2026-05-11,Present,
3108,311,2026-04-06,Present,
3109,311,2026-04-10,Absent,
3110,311,2026-05-11,Present,
3111,312,2026-03-26,Present,
3112,312,2026-03-19,Present,
3113,312,2026-05-05,Present,
3114,312,2026-05-01,Absent,Sick
3115,312,2026-05-05,Present,
3116,312,2026-05-03,Present,
3117,312,2026-05-24,Present,
3118,312,2026-06-02,Present,
3119,312,2026-03-16,Present,
3120,312,2026-03-28,Present,
3121,313,2026-03-31,Present,
3122,313,2026-05-15,Absent,
3123,313,2026-05-02,Present,
3124,313,2026-05-15,Present,
3125,313,2026-04-14,Present,
3126,313,2026-04-03,Present,
3127,313,2026-05-02,Present,
3128,313,2026-05-03,Present,
3129,313,2026-05-27,Present,
3130,313,2026-03-27,Present,
3131,314,2026-04-29,Present,
3132,314,2026-03-14,Present,
3133,314,2026-03-22,Present,
3134,314,2026-04-10,Present,
3135,314,2026-06-03,Present,
3136,314,2026-05-16,Present,
3137,314,2026-04-15,Present,
3138,314,2026-05-28,Present,
3139,314,2026-04-03,Present,
3140,314,2026-05-12,Present,
3141,315,2026-05-11,Present,
3142,315,2026-03-23,Present,
3143,315,2026-03-18,Present,
3144,315,2026-05-25,Present,
3145,315,2026-05-04,Absent,Sick
3146,315,2026-05-16,Present,
3147,315,2026-03-19,Present,
3148,315,2026-05-02,Present,
3149,315,2026-06-04,Absent,
3150,315,2026-04-18,Present,
3151,316,2026-03-20,Present,
3152,316,2026-06-03,Present,
3153,316,2026-03-28,Present,
3154,316,2026-05-04,Present,
3155,316,2026-03-28,Present,
3156,316,2026-03-15,Present,
3157,316,2026-04-09,Present,
3158,316,2026-03-26,Present,
3159,316,2026-03-20,Present,
3160,316,2026-05-09,Present,
3161,317,2026-04-15,Present,
3162,317,2026-03-15,Present,
3163,317,2026-04-19,Present,
3164,317,2026-05-15,Present,
3165,317,2026-04-08,Present,
3166,317,2026-03-23,Present,
3167,317,2026-03-25,Absent,
3168,317,2026-03-18,Present,
3169,317,2026-03-26,Present,
3170,317,2026-04-22,Present,
3171,318,2026-03-18,Present,
3172,318,2026-04-14,Present,
3173,318,2026-04-07,Present,
3174,318,2026-03-31,Present,
3175,318,2026-05-17,Present,
3176,318,2026-03-18,Present,
3177,318,2026-04-21,Present,
3178,318,2026-05-20,Present,
3179,318,2026-04-21,Present,
3180,318,2026-03-16,Present,
3181,319,2026-05-08,Present,
3182,319,2026-04-01,Present,
3183,319,2026-03-18,Present,
3184,319,2026-04-26,Present,
3185,319,2026-05-21,Present,
3186,319,2026-05-02,Present,
3187,319,2026-04-10,Present,
3188,319,2026-04-03,Present,
3189,319,2026-05-17,Present,
3190,319,2026-05-14,Present,
3191,320,2026-05-12,Present,
3192,320,2026-05-21,Present,
3193,320,2026-04-26,Present,
3194,320,2026-03-14,Present,
3195,320,2026-04-22,Present,
3196,320,2026-05-20,Present,
3197,320,2026-05-06,Present,
3198,320,2026-05-04,Absent,
3199,320,2026-04-04,Present,
3200,320,2026-03-18,Present,
3201,321,2026-05-12,Present,
3202,321,2026-03-28,Present,
3203,321,2026-04-22,Present,
3204,321,2026-03-13,Present,
3205,321,2026-05-24,Present,
3206,321,2026-06-05,Present,
3207,321,2026-05-18,Present,
3208,321,2026-05-24,Absent,Sick
3209,321,2026-05-22,Present,
3210,321,2026-05-04,Present,
3211,322,2026-04-21,Absent,Sick
3212,322,2026-05-22,Present,
3213,322,2026-03-18,Absent,
3214,322,2026-06-07,Present,
3215,322,2026-06-04,Present,
3216,322,2026-03-20,Absent,Sick
3217,322,2026-04-02,Absent,Sick
3218,322,2026-05-30,Present,
3219,322,2026-05-25,Present,
3220,322,2026-05-30,Present,
3221,323,2026-04-20,Present,
3222,323,2026-04-26,Present,
3223,323,2026-04-03,Absent,
3224,323,2026-05-27,Present,
3225,323,2026-04-03,Present,
3226,323,2026-03-17,Present,
3227,323,2026-05-21,Present,
3228,323,2026-04-16,Present,
3229,323,2026-04-10,Present,
3230,323,2026-04-12,Absent,Sick
3231,324,2026-03-22,Present,
3232,324,2026-03-31,Present,
3233,324,2026-03-13,Present,
3234,324,2026-04-03,Present,
3235,324,2026-05-04,Present,
3236,324,2026-05-13,Present,
3237,324,2026-05-22,Present,
3238,324,2026-04-27,Present,
3239,324,2026-04-12,Present,
3240,324,2026-04-27,Present,
3241,325,2026-05-12,Present,
3242,325,2026-05-26,Present,
3243,325,2026-03-23,Present,
3244,325,2026-06-05,Present,
3245,325,2026-04-11,Present,
3246,325,2026-04-03,Present,
3247,325,2026-05-09,Present,
3248,325,2026-05-18,Present,
3249,325,2026-05-25,Present,
3250,325,2026-05-06,Present,
3251,326,2026-04-09,Present,
3252,326,2026-06-06,Present,
3253,326,2026-03-29,Present,
3254,326,2026-05-14,Absent,Sick
3255,326,2026-05-10,Present,
3256,326,2026-04-10,Absent,
3257,326,2026-03-25,Present,
3258,326,2026-04-07,Present,
3259,326,2026-03-25,Present,
3260,326,2026-05-30,Present,
3261,327,2026-05-07,Present,
3262,327,2026-04-24,Absent,
3263,327,2026-03-15,Present,
3264,327,2026-04-15,Present,
3265,327,2026-05-25,Present,
3266,327,2026-04-05,Present,
3267,327,2026-03-17,Present,
3268,327,2026-05-08,Absent,Sick
3269,327,2026-06-08,Present,
3270,327,2026-04-01,Present,
3271,328,2026-05-29,Present,
3272,328,2026-04-26,Present,
3273,328,2026-04-21,Present,
3274,328,2026-03-30,Present,
3275,328,2026-03-29,Present,
3276,328,2026-05-19,Present,
3277,328,2026-05-25,Absent,Sick
3278,328,2026-05-12,Present,
3279,328,2026-05-21,Present,
3280,328,2026-03-29,Present,
3281,329,2026-05-26,Present,
3282,329,2026-03-23,Present,
3283,329,2026-06-05,Present,
3284,329,2026-03-11,Present,
3285,329,2026-04-17,Present,
3286,329,2026-05-21,Present,
3287,329,2026-05-23,Present,
3288,329,2026-05-22,Present,
3289,329,2026-03-27,Present,
3290,329,2026-03-17,Present,
3291,330,2026-06-02,Present,
3292,330,2026-05-07,Present,
3293,330,2026-03-28,Present,
3294,330,2026-04-10,Present,
3295,330,2026-04-12,Present,
3296,330,2026-05-14,Present,
3297,330,2026-06-08,Present,
3298,330,2026-04-16,Present,
3299,330,2026-05-20,Present,
3300,330,2026-05-24,Present,
3301,331,2026-05-28,Present,
3302,331,2026-04-23,Present,
3303,331,2026-04-25,Present,
3304,331,2026-06-07,Present,
3305,331,2026-04-05,Present,
3306,331,2026-05-26,Present,
3307,331,2026-04-19,Present,
3308,331,2026-05-20,Present,
3309,331,2026-05-16,Present,
3310,331,2026-06-06,Present,
3311,332,2026-03-20,Present,
3312,332,2026-06-04,Present,
3313,332,2026-04-22,Present,
3314,332,2026-05-18,Present,
3315,332,2026-04-24,Absent,Sick
3316,332,2026-05-08,Present,
3317,332,2026-04-10,Present,
3318,332,2026-03-15,Present,
3319,332,2026-03-24,Present,
3320,332,2026-05-09,Present,
3321,333,2026-05-25,Present,
3322,333,2026-03-30,Present,
3323,333,2026-04-09,Present,
3324,333,2026-04-19,Present,
3325,333,2026-06-08,Present,
3326,333,2026-04-16,Present,
3327,333,2026-04-17,Present,
3328,333,2026-03-29,Present,
3329,333,2026-06-06,Absent,Sick
3330,333,2026-03-27,Present,
3331,334,2026-05-16,Present,
3332,334,2026-05-16,Present,
3333,334,2026-03-22,Present,
3334,334,2026-05-26,Present,
3335,334,2026-05-01,Present,
3336,334,2026-03-14,Present,
3337,334,2026-05-14,Present,
3338,334,2026-05-11,Present,
3339,334,2026-05-22,Present,
3340,334,2026-04-10,Present,
3341,335,2026-06-05,Present,
3342,335,2026-03-28,Present,
3343,335,2026-03-31,Present,
3344,335,2026-03-15,Present,
3345,335,2026-04-27,Present,
3346,335,2026-03-26,Absent,
3347,335,2026-06-07,Present,
3348,335,2026-03-15,Present,
3349,335,2026-03-16,Present,
3350,335,2026-03-24,Present,
3351,336,2026-04-16,Present,
3352,336,2026-04-08,Present,
3353,336,2026-05-17,Present,
3354,336,2026-06-07,Present,
3355,336,2026-03-15,Present,
3356,336,2026-04-25,Present,
3357,336,2026-05-21,Present,
3358,336,2026-06-02,Present,
3359,336,2026-04-05,Present,
3360,336,2026-04-30,Present,
3361,337,2026-04-15,Present,
3362,337,2026-05-11,Present,
3363,337,2026-03-29,Present,
3364,337,2026-03-30,Present,
3365,337,2026-03-31,Present,
3366,337,2026-05-07,Present,
3367,337,2026-05-29,Present,
3368,337,2026-03-28,Present,
3369,337,2026-05-19,Absent,
3370,337,2026-04-15,Present,
3371,338,2026-05-09,Present,
3372,338,2026-05-25,Present,
3373,338,2026-05-15,Present,
3374,338,2026-05-02,Present,
3375,338,2026-06-06,Present,
3376,338,2026-03-12,Present,
3377,338,2026-04-21,Present,
3378,338,2026-04-09,Present,
3379,338,2026-03-20,Present,
3380,338,2026-03-16,Present,
3381,339,2026-04-25,Present,
3382,339,2026-04-20,Present,
3383,339,2026-06-02,Present,
3384,339,2026-06-07,Present,
3385,339,2026-04-11,Present,
3386,339,2026-04-28,Present,
3387,339,2026-05-01,Present,
3388,339,2026-04-22,Present,
3389,339,2026-03-30,Present,
3390,339,2026-06-07,Present,
3391,340,2026-04-07,Present,
3392,340,2026-05-03,Absent,
3393,340,2026-04-30,Present,
3394,340,2026-05-05,Present,
3395,340,2026-05-10,Present,
3396,340,2026-05-15,Present,
3397,340,2026-06-01,Absent,Sick
3398,340,2026-05-24,Present,
3399,340,2026-05-13,Present,
3400,340,2026-04-29,Present,
3401,341,2026-05-31,Present,
3402,341,2026-03-16,Present,
3403,341,2026-04-20,Present,
3404,341,2026-05-31,Present,
3405,341,2026-04-19,Present,
3406,341,2026-06-06,Present,
3407,341,2026-03-18,Present,
3408,341,2026-05-27,Present,
3409,341,2026-03-18,Present,
3410,341,2026-03-15,Present,
3411,342,2026-05-28,Present,
3412,342,2026-05-17,Present,
3413,342,2026-03-22,Present,
3414,342,2026-03-23,Present,
3415,342,2026-06-02,Present,
3416,342,2026-05-08,Present,
3417,342,2026-05-01,Present,
3418,342,2026-03-16,Present,
3419,342,2026-05-21,Present,
3420,342,2026-04-11,Present,
3421,343,2026-06-07,Present,
3422,343,2026-04-12,Present,
3423,343,2026-06-04,Present,
3424,343,2026-04-04,Present,
3425,343,2026-05-15,Present,
3426,343,2026-04-19,Present,
3427,343,2026-03-11,Present,
3428,343,2026-04-08,Present,
3429,343,2026-04-09,Present,
3430,343,2026-05-03,Present,
3431,344,2026-04-10,Present,
3432,344,2026-05-02,Present,
3433,344,2026-03-13,Absent,
3434,344,2026-03-23,Present,
3435,344,2026-04-09,Present,
3436,344,2026-04-29,Present,
3437,344,2026-04-19,Present,
3438,344,2026-03-14,Present,
3439,344,2026-05-17,Absent,
3440,344,2026-04-13,Present,
3441,345,2026-05-29,Absent,
3442,345,2026-06-06,Present,
3443,345,2026-05-17,Present,
3444,345,2026-04-26,Present,
3445,345,2026-03-21,Present,
3446,345,2026-03-19,Present,
3447,345,2026-04-20,Present,
3448,345,2026-04-20,Present,
3449,345,2026-04-24,Present,
3450,345,2026-04-12,Absent,Sick
3451,346,2026-05-21,Present,
3452,346,2026-04-02,Present,
3453,346,2026-05-02,Present,
3454,346,2026-05-28,Present,
3455,346,2026-05-27,Present,
3456,346,2026-05-20,Present,
3457,346,2026-04-19,Present,
3458,346,2026-04-17,Present,
3459,346,2026-05-29,Present,
3460,346,2026-05-01,Present,
3461,347,2026-04-09,Present,
3462,347,2026-05-09,Present,
3463,347,2026-05-29,Present,
3464,347,2026-04-05,Present,
3465,347,2026-04-13,Present,
3466,347,2026-03-25,Present,
3467,347,2026-06-02,Present,
3468,347,2026-06-06,Present,
3469,347,2026-04-07,Present,
3470,347,2026-04-08,Present,
3471,348,2026-06-03,Present,
3472,348,2026-05-31,Present,
3473,348,2026-03-12,Present,
3474,348,2026-05-20,Present,
3475,348,2026-03-22,Present,
3476,348,2026-04-18,Present,
3477,348,2026-06-01,Present,
3478,348,2026-03-27,Present,
3479,348,2026-06-07,Present,
3480,348,2026-06-06,Present,
3481,349,2026-04-22,Present,
3482,349,2026-04-23,Present,
3483,349,2026-04-18,Present,
3484,349,2026-04-14,Present,
3485,349,2026-05-31,Present,
3486,349,2026-04-15,Present,
3487,349,2026-04-07,Present,
3488,349,2026-03-28,Present,
3489,349,2026-03-19,Present,
3490,349,2026-05-03,Present,
3491,350,2026-05-20,Present,
3492,350,2026-05-14,Present,
3493,350,2026-04-09,Present,
3494,350,2026-03-18,Present,
3495,350,2026-05-14,Present,
3496,350,2026-04-11,Present,
3497,350,2026-05-05,Present,
3498,350,2026-04-04,Present,
3499,350,2026-03-12,Present,
3500,350,2026-04-26,Present,
3501,351,2026-03-23,Present,
3502,351,2026-05-13,Absent,
3503,351,2026-04-17,Present,
3504,351,2026-04-08,Present,
3505,351,2026-05-31,Present,
3506,351,2026-04-27,Present,
3507,351,2026-04-28,Present,
3508,351,2026-04-23,Present,
3509,351,2026-06-05,Present,
3510,351,2026-05-18,Present,
3511,352,2026-04-25,Present,
3512,352,2026-03-18,Present,
3513,352,2026-05-02,Present,
3514,352,2026-03-19,Present,
3515,352,2026-06-05,Present,
3516,352,2026-05-12,Present,
3517,352,2026-05-06,Present,
3518,352,2026-03-30,Absent,
3519,352,2026-05-09,Present,
3520,352,2026-06-07,Present,
3521,353,2026-04-27,Present,
3522,353,2026-05-15,Present,
3523,353,2026-04-12,Present,
3524,353,2026-06-08,Present,
3525,353,2026-04-02,Present,
3526,353,2026-04-02,Present,
3527,353,2026-04-12,Present,
3528,353,2026-04-07,Present,
3529,353,2026-04-15,Present,
3530,353,2026-04-18,Present,
3531,354,2026-04-07,Present,
3532,354,2026-05-08,Present,
3533,354,2026-06-01,Absent,
3534,354,2026-04-29,Present,
3535,354,2026-04-03,Present,
3536,354,2026-03-29,Present,
3537,354,2026-03-29,Present,
3538,354,2026-05-12,Present,
3539,354,2026-05-02,Present,
3540,354,2026-04-01,Present,
3541,355,2026-04-13,Present,
3542,355,2026-03-19,Present,
3543,355,2026-05-29,Present,
3544,355,2026-03-16,Present,
3545,355,2026-04-21,Present,
3546,355,2026-05-04,Present,
3547,355,2026-05-31,Present,
3548,355,2026-05-14,Present,
3549,355,2026-05-19,Present,
3550,355,2026-05-24,Present,
3551,356,2026-06-01,Present,
3552,356,2026-03-12,Present,
3553,356,2026-06-01,Present,
3554,356,2026-04-12,Present,
3555,356,2026-05-22,Present,
3556,356,2026-05-19,Present,
3557,356,2026-03-12,Present,
3558,356,2026-04-02,Present,
3559,356,2026-05-28,Present,
3560,356,2026-05-21,Absent,Sick
3561,357,2026-04-03,Present,
3562,357,2026-03-16,Present,
3563,357,2026-05-30,Present,
3564,357,2026-03-23,Present,
3565,357,2026-03-19,Absent,
3566,357,2026-05-04,Absent,Sick
3567,357,2026-05-09,Present,
3568,357,2026-04-09,Present,
3569,357,2026-03-20,Absent,Sick
3570,357,2026-03-26,Present,
3571,358,2026-05-01,Present,
3572,358,2026-05-02,Present,
3573,358,2026-05-26,Present,
3574,358,2026-05-19,Present,
3575,358,2026-05-15,Present,
3576,358,2026-04-07,Present,
3577,358,2026-06-03,Present,
3578,358,2026-05-21,Present,
3579,358,2026-05-05,Present,
3580,358,2026-06-05,Present,
3581,359,2026-04-05,Present,
3582,359,2026-03-21,Present,
3583,359,2026-03-14,Present,
3584,359,2026-04-29,Present,
3585,359,2026-06-07,Present,
3586,359,2026-04-26,Present,
3587,359,2026-04-25,Absent,Sick
3588,359,2026-04-13,Present,
3589,359,2026-03-27,Present,
3590,359,2026-04-10,Present,
3591,360,2026-05-13,Present,
3592,360,2026-06-05,Present,
3593,360,2026-05-08,Present,
3594,360,2026-03-13,Present,
3595,360,2026-04-26,Present,
3596,360,2026-04-08,Present,
3597,360,2026-04-17,Present,
3598,360,2026-05-25,Present,
3599,360,2026-05-16,Present,
3600,360,2026-04-23,Present,
3601,361,2026-03-17,Present,
3602,361,2026-03-26,Present,
3603,361,2026-06-01,Present,
3604,361,2026-04-05,Present,
3605,361,2026-06-04,Present,
3606,361,2026-04-25,Present,
3607,361,2026-04-04,Present,
3608,361,2026-05-14,Present,
3609,361,2026-04-18,Present,
3610,361,2026-04-02,Present,
3611,362,2026-04-20,Present,
3612,362,2026-05-25,Present,
3613,362,2026-04-16,Present,
3614,362,2026-04-19,Present,
3615,362,2026-04-19,Present,
3616,362,2026-04-01,Present,
3617,362,2026-06-07,Present,
3618,362,2026-05-11,Present,
3619,362,2026-04-09,Present,
3620,362,2026-05-27,Present,
3621,363,2026-04-14,Present,
3622,363,2026-03-18,Present,
3623,363,2026-04-04,Present,
3624,363,2026-04-10,Present,
3625,363,2026-05-18,Present,
3626,363,2026-05-27,Absent,Sick
3627,363,2026-05-27,Present,
3628,363,2026-04-29,Present,
3629,363,2026-03-25,Present,
3630,363,2026-03-19,Present,
3631,364,2026-05-28,Present,
3632,364,2026-04-09,Absent,Sick
3633,364,2026-04-24,Absent,Sick
3634,364,2026-03-12,Present,
3635,364,2026-05-23,Absent,
3636,364,2026-03-15,Present,
3637,364,2026-03-30,Absent,Sick
3638,364,2026-03-28,Present,
3639,364,2026-03-22,Absent,
3640,364,2026-04-20,Absent,
3641,365,2026-05-20,Present,
3642,365,2026-05-19,Absent,
3643,365,2026-05-13,Present,
3644,365,2026-04-25,Absent,
3645,365,2026-05-29,Absent,
3646,365,2026-03-13,Present,
3647,365,2026-03-23,Present,
3648,365,2026-04-24,Present,
3649,365,2026-04-06,Present,
3650,365,2026-03-16,Present,
3651,366,2026-04-29,Present,
3652,366,2026-03-13,Present,
3653,366,2026-04-15,Present,
3654,366,2026-03-19,Present,
3655,366,2026-04-15,Present,
3656,366,2026-04-02,Present,
3657,366,2026-06-06,Present,
3658,366,2026-03-24,Present,
3659,366,2026-04-14,Present,
3660,366,2026-05-10,Absent,Sick
3661,367,2026-05-02,Present,
3662,367,2026-05-04,Present,
3663,367,2026-03-28,Absent,Sick
3664,367,2026-05-01,Present,
3665,367,2026-05-04,Present,
3666,367,2026-03-23,Present,
3667,367,2026-05-03,Present,
3668,367,2026-04-10,Present,
3669,367,2026-04-21,Present,
3670,367,2026-04-07,Present,
3671,368,2026-04-22,Present,
3672,368,2026-04-23,Present,
3673,368,2026-03-21,Present,
3674,368,2026-03-24,Present,
3675,368,2026-04-05,Present,
3676,368,2026-03-29,Present,
3677,368,2026-03-12,Present,
3678,368,2026-04-21,Present,
3679,368,2026-03-11,Present,
3680,368,2026-04-25,Present,
3681,369,2026-05-20,Present,
3682,369,2026-04-21,Present,
3683,369,2026-04-23,Present,
3684,369,2026-03-18,Present,
3685,369,2026-06-08,Present,
3686,369,2026-04-30,Present,
3687,369,2026-06-08,Present,
3688,369,2026-03-14,Present,
3689,369,2026-05-11,Absent,
3690,369,2026-04-15,Present,
3691,370,2026-04-02,Present,
3692,370,2026-04-18,Present,
3693,370,2026-03-21,Present,
3694,370,2026-04-08,Present,
3695,370,2026-04-20,Present,
3696,370,2026-04-24,Present,
3697,370,2026-04-11,Present,
3698,370,2026-04-21,Present,
3699,370,2026-03-12,Present,
3700,370,2026-03-20,Present,
3701,371,2026-05-22,Present,
3702,371,2026-05-07,Present,
3703,371,2026-05-31,Present,
3704,371,2026-06-06,Present,
3705,371,2026-04-14,Present,
3706,371,2026-05-15,Absent,
3707,371,2026-05-17,Present,
3708,371,2026-04-30,Present,
3709,371,2026-05-25,Present,
3710,371,2026-03-22,Absent,Sick
3711,372,2026-05-18,Present,
3712,372,2026-05-09,Present,
3713,372,2026-04-18,Present,
3714,372,2026-05-09,Present,
3715,372,2026-03-23,Absent,
3716,372,2026-03-24,Absent,Sick
3717,372,2026-06-05,Present,
3718,372,2026-05-10,Present,
3719,372,2026-05-16,Present,
3720,372,2026-04-13,Present,
3721,373,2026-05-12,Present,
3722,373,2026-05-26,Present,
3723,373,2026-05-15,Present,
3724,373,2026-04-20,Present,
3725,373,2026-03-23,Present,
3726,373,2026-04-06,Present,
3727,373,2026-04-01,Present,
3728,373,2026-05-04,Present,
3729,373,2026-05-26,Present,
3730,373,2026-04-15,Present,
3731,374,2026-04-27,Present,
3732,374,2026-04-15,Present,
3733,374,2026-03-28,Present,
3734,374,2026-06-04,Present,
3735,374,2026-05-24,Present,
3736,374,2026-05-13,Present,
3737,374,2026-05-25,Present,
3738,374,2026-03-24,Present,
3739,374,2026-03-16,Present,
3740,374,2026-05-27,Present,
3741,375,2026-05-23,Present,
3742,375,2026-05-31,Present,
3743,375,2026-04-24,Absent,
3744,375,2026-04-24,Absent,
3745,375,2026-03-26,Present,
3746,375,2026-04-10,Present,
3747,375,2026-05-21,Present,
3748,375,2026-05-13,Absent,Sick
3749,375,2026-05-20,Present,
3750,375,2026-06-02,Present,
3751,376,2026-04-23,Present,
3752,376,2026-04-14,Present,
3753,376,2026-03-12,Absent,Sick
3754,376,2026-05-12,Present,
3755,376,2026-04-20,Present,
3756,376,2026-04-07,Absent,Sick
3757,376,2026-04-23,Present,
3758,376,2026-04-02,Present,
3759,376,2026-04-19,Absent,Sick
3760,376,2026-03-17,Present,
3761,377,2026-03-26,Present,
3762,377,2026-06-08,Present,
3763,377,2026-05-20,Present,
3764,377,2026-05-21,Present,
3765,377,2026-03-15,Present,
3766,377,2026-03-28,Present,
3767,377,2026-04-19,Present,
3768,377,2026-03-11,Present,
3769,377,2026-06-05,Present,
3770,377,2026-03-29,Present,
3771,378,2026-04-28,Present,
3772,378,2026-03-25,Present,
3773,378,2026-03-19,Present,
3774,378,2026-05-14,Absent,Sick
3775,378,2026-05-07,Present,
3776,378,2026-03-28,Present,
3777,378,2026-05-04,Absent,
3778,378,2026-04-12,Present,
3779,378,2026-04-28,Present,
3780,378,2026-04-04,Absent,Sick
3781,379,2026-04-17,Present,
3782,379,2026-03-17,Present,
3783,379,2026-05-26,Present,
3784,379,2026-03-18,Present,
3785,379,2026-05-03,Present,
3786,379,2026-04-05,Present,
3787,379,2026-05-02,Present,
3788,379,2026-04-10,Present,
3789,379,2026-05-08,Present,
3790,379,2026-05-17,Present,
3791,380,2026-04-07,Present,
3792,380,2026-04-20,Present,
3793,380,2026-04-28,Present,
3794,380,2026-03-11,Present,
3795,380,2026-04-06,Present,
3796,380,2026-05-10,Present,
3797,380,2026-04-24,Present,
3798,380,2026-03-11,Present,
3799,380,2026-04-27,Present,
3800,380,2026-03-17,Present,
3801,381,2026-04-28,Present,
3802,381,2026-05-15,Present,
3803,381,2026-03-30,Present,
3804,381,2026-05-08,Present,
3805,381,2026-03-21,Present,
3806,381,2026-06-03,Present,
3807,381,2026-03-28,Absent,Sick
3808,381,2026-03-28,Present,
3809,381,2026-04-24,Present,
3810,381,2026-03-16,Present,
3811,382,2026-06-02,Present,
3812,382,2026-04-09,Present,
3813,382,2026-06-08,Absent,
3814,382,2026-03-27,Present,
3815,382,2026-04-26,Present,
3816,382,2026-06-04,Present,
3817,382,2026-04-18,Present,
3818,382,2026-04-29,Present,
3819,382,2026-05-14,Present,
3820,382,2026-05-02,Present,
3821,383,2026-03-27,Present,
3822,383,2026-05-28,Present,
3823,383,2026-03-31,Present,
3824,383,2026-04-21,Present,
3825,383,2026-06-02,Present,
3826,383,2026-05-30,Present,
3827,383,2026-04-22,Absent,Sick
3828,383,2026-04-08,Present,
3829,383,2026-05-22,Present,
3830,383,2026-03-22,Present,
3831,384,2026-05-10,Present,
3832,384,2026-04-19,Present,
3833,384,2026-03-20,Present,
3834,384,2026-03-19,Present,
3835,384,2026-05-18,Present,
3836,384,2026-05-29,Present,
3837,384,2026-04-13,Present,
3838,384,2026-04-28,Present,
3839,384,2026-03-27,Present,
3840,384,2026-03-31,Present,
3841,385,2026-04-15,Present,
3842,385,2026-05-17,Present,
3843,385,2026-04-07,Present,
3844,385,2026-03-17,Present,
3845,385,2026-03-30,Present,
3846,385,2026-03-24,Present,
3847,385,2026-04-08,Present,
3848,385,2026-06-07,Present,
3849,385,2026-06-05,Present,
3850,385,2026-05-06,Present,
3851,386,2026-05-15,Present,
3852,386,2026-06-04,Present,
3853,386,2026-04-16,Present,
3854,386,2026-03-24,Present,
3855,386,2026-05-21,Present,
3856,386,2026-03-25,Present,
3857,386,2026-04-19,Present,
3858,386,2026-04-16,Present,
3859,386,2026-05-16,Present,
3860,386,2026-05-15,Absent,
3861,387,2026-05-09,Present,
3862,387,2026-05-10,Present,
3863,387,2026-04-06,Present,
3864,387,2026-03-26,Present,
3865,387,2026-04-25,Present,
3866,387,2026-06-05,Present,
3867,387,2026-04-28,Present,
3868,387,2026-05-30,Present,
3869,387,2026-04-24,Present,
3870,387,2026-03-22,Present,
3871,388,2026-03-28,Present,
3872,388,2026-06-03,Present,
3873,388,2026-03-19,Present,
3874,388,2026-04-23,Present,
3875,388,2026-05-15,Present,
3876,388,2026-04-12,Present,
3877,388,2026-06-08,Present,
3878,388,2026-03-11,Present,
3879,388,2026-03-25,Present,
3880,388,2026-04-16,Present,
3881,389,2026-06-05,Present,
3882,389,2026-04-27,Present,
3883,389,2026-05-14,Present,
3884,389,2026-04-12,Present,
3885,389,2026-05-05,Present,
3886,389,2026-04-23,Present,
3887,389,2026-06-06,Present,
3888,389,2026-04-12,Present,
3889,389,2026-04-15,Present,
3890,389,2026-05-27,Present,
3891,390,2026-05-17,Present,
3892,390,2026-05-19,Present,
3893,390,2026-03-20,Present,
3894,390,2026-06-07,Present,
3895,390,2026-03-22,Present,
3896,390,2026-03-31,Present,
3897,390,2026-03-12,Present,
3898,390,2026-03-28,Present,
3899,390,2026-04-07,Present,
3900,390,2026-03-22,Present,
3901,391,2026-03-17,Present,
3902,391,2026-03-21,Present,
3903,391,2026-06-03,Present,
3904,391,2026-03-27,Present,
3905,391,2026-05-09,Present,
3906,391,2026-05-22,Present,
3907,391,2026-04-02,Present,
3908,391,2026-04-05,Present,
3909,391,2026-04-15,Present,
3910,391,2026-05-19,Present,
3911,392,2026-03-26,Present,
3912,392,2026-03-25,Present,
3913,392,2026-04-18,Present,
3914,392,2026-04-29,Present,
3915,392,2026-04-21,Present,
3916,392,2026-03-12,Present,
3917,392,2026-04-17,Present,
3918,392,2026-04-05,Present,
3919,392,2026-04-30,Present,
3920,392,2026-03-24,Present,
3921,393,2026-05-05,Absent,
3922,393,2026-04-28,Present,
3923,393,2026-05-30,Present,
3924,393,2026-03-11,Absent,Sick
3925,393,2026-05-26,Present,
3926,393,2026-05-12,Present,
3927,393,2026-05-13,Present,
3928,393,2026-05-10,Present,
3929,393,2026-05-24,Absent,Sick
3930,393,2026-05-31,Present,
3931,394,2026-04-08,Present,
3932,394,2026-03-28,Present,
3933,394,2026-04-19,Absent,
3934,394,2026-03-23,Present,
3935,394,2026-03-20,Present,
3936,394,2026-03-16,Present,
3937,394,2026-05-18,Present,
3938,394,2026-03-18,Absent,Sick
3939,394,2026-04-15,Present,
3940,394,2026-04-05,Present,
3941,395,2026-03-13,Present,
3942,395,2026-04-24,Present,
3943,395,2026-04-12,Absent,
3944,395,2026-06-06,Absent,
3945,395,2026-04-21,Present,
3946,395,2026-03-22,Present,
3947,395,2026-05-01,Present,
3948,395,2026-05-03,Present,
3949,395,2026-04-24,Absent,
3950,395,2026-03-18,Absent,
3951,396,2026-05-23,Present,
3952,396,2026-03-31,Present,
3953,396,2026-06-03,Present,
3954,396,2026-05-25,Present,
3955,396,2026-05-23,Present,
3956,396,2026-03-17,Present,
3957,396,2026-05-07,Present,
3958,396,2026-05-29,Present,
3959,396,2026-04-17,Present,
3960,396,2026-04-06,Absent,
3961,397,2026-05-26,Present,
3962,397,2026-04-29,Absent,Sick
3963,397,2026-04-24,Present,
3964,397,2026-05-16,Present,
3965,397,2026-04-23,Present,
3966,397,2026-06-02,Present,
3967,397,2026-03-30,Present,
3968,397,2026-05-05,Present,
3969,397,2026-05-31,Present,
3970,397,2026-05-29,Absent,Sick
3971,398,2026-04-17,Present,
3972,398,2026-04-24,Present,
3973,398,2026-05-11,Present,
3974,398,2026-04-20,Present,
3975,398,2026-04-16,Present,
3976,398,2026-05-25,Present,
3977,398,2026-04-19,Present,
3978,398,2026-05-20,Present,
3979,398,2026-04-10,Present,
3980,398,2026-06-08,Present,
3981,399,2026-05-25,Present,
3982,399,2026-05-15,Present,
3983,399,2026-03-16,Absent,
3984,399,2026-05-28,Present,
3985,399,2026-04-01,Present,
3986,399,2026-05-30,Present,
3987,399,2026-04-06,Absent,Sick
3988,399,2026-05-07,Present,
3989,399,2026-03-14,Present,
3990,399,2026-05-07,Present,
3991,400,2026-03-30,Present,
3992,400,2026-05-16,Present,
3993,400,2026-03-24,Present,
3994,400,2026-05-10,Absent,Sick
3995,400,2026-05-13,Absent,Sick
3996,400,2026-04-22,Present,
3997,400,2026-05-28,Present,
3998,400,2026-05-24,Present,
3999,400,2026-04-20,Present,
4000,400,2026-05-06,Present,
4001,401,2026-04-14,Present,
4002,401,2026-04-04,Present,
4003,401,2026-03-14,Present,
4004,401,2026-04-09,Present,
4005,401,2026-04-22,Present,
4006,401,2026-04-21,Present,
4007,401,2026-05-09,Present,
4008,401,2026-06-05,Present,
4009,401,2026-05-27,Present,
4010,401,2026-05-25,Present,
4011,402,2026-05-10,Present,
4012,402,2026-05-22,Present,
4013,402,2026-03-13,Present,
4014,402,2026-04-24,Present,
4015,402,2026-04-24,Present,
4016,402,2026-04-29,Present,
4017,402,2026-03-27,Present,
4018,402,2026-03-23,Present,
4019,402,2026-05-02,Present,
4020,402,2026-04-05,Present,
4021,403,2026-06-08,Present,
4022,403,2026-03-18,Present,
4023,403,2026-05-19,Present,
4024,403,2026-03-20,Present,
4025,403,2026-04-14,Present,
4026,403,2026-05-13,Present,
4027,403,2026-05-25,Present,
4028,403,2026-03-13,Present,
4029,403,2026-03-23,Present,
4030,403,2026-03-22,Present,
4031,404,2026-03-14,Present,
4032,404,2026-04-01,Present,
4033,404,2026-05-30,Absent,Sick
4034,404,2026-04-10,Present,
4035,404,2026-04-10,Present,
4036,404,2026-04-02,Absent,Sick
4037,404,2026-06-07,Present,
4038,404,2026-05-21,Present,
4039,404,2026-05-23,Present,
4040,404,2026-04-18,Present,
4041,405,2026-04-08,Present,
4042,405,2026-03-13,Present,
4043,405,2026-03-27,Present,
4044,405,2026-06-01,Present,
4045,405,2026-04-30,Present,
4046,405,2026-04-21,Present,
4047,405,2026-03-16,Present,
4048,405,2026-04-06,Present,
4049,405,2026-05-16,Present,
4050,405,2026-04-30,Present,
4051,406,2026-05-14,Present,
4052,406,2026-05-15,Present,
4053,406,2026-04-02,Present,
4054,406,2026-05-20,Present,
4055,406,2026-03-22,Present,
4056,406,2026-04-30,Present,
4057,406,2026-05-01,Present,
4058,406,2026-05-25,Present,
4059,406,2026-04-12,Present,
4060,406,2026-03-31,Present,
4061,407,2026-04-24,Present,
4062,407,2026-05-08,Present,
4063,407,2026-03-22,Present,
4064,407,2026-05-10,Present,
4065,407,2026-04-16,Present,
4066,407,2026-05-19,Present,
4067,407,2026-04-12,Present,
4068,407,2026-03-19,Present,
4069,407,2026-03-15,Present,
4070,407,2026-05-08,Present,
4071,408,2026-05-09,Present,
4072,408,2026-05-10,Present,
4073,408,2026-04-11,Present,
4074,408,2026-05-09,Present,
4075,408,2026-04-18,Present,
4076,408,2026-03-27,Present,
4077,408,2026-04-27,Present,
4078,408,2026-03-18,Present,
4079,408,2026-06-04,Present,
4080,408,2026-04-12,Present,
4081,409,2026-05-10,Present,
4082,409,2026-05-19,Present,
4083,409,2026-03-26,Present,
4084,409,2026-04-19,Absent,Sick
4085,409,2026-03-19,Absent,
4086,409,2026-03-24,Present,
4087,409,2026-04-08,Present,
4088,409,2026-04-02,Present,
4089,409,2026-04-19,Present,
4090,409,2026-05-09,Present,
4091,410,2026-04-12,Present,
4092,410,2026-05-31,Present,
4093,410,2026-06-07,Present,
4094,410,2026-04-16,Present,
4095,410,2026-06-07,Present,
4096,410,2026-04-25,Present,
4097,410,2026-04-02,Present,
4098,410,2026-03-20,Present,
4099,410,2026-06-02,Present,
4100,410,2026-04-30,Present,
4101,411,2026-03-16,Present,
4102,411,2026-05-24,Present,
4103,411,2026-04-15,Present,
4104,411,2026-03-14,Present,
4105,411,2026-03-16,Present,
4106,411,2026-03-31,Absent,
4107,411,2026-03-21,Present,
4108,411,2026-04-18,Present,
4109,411,2026-05-31,Present,
4110,411,2026-03-13,Present,
4111,412,2026-04-20,Present,
4112,412,2026-04-16,Present,
4113,412,2026-03-14,Present,
4114,412,2026-03-17,Present,
4115,412,2026-04-23,Present,
4116,412,2026-06-07,Present,
4117,412,2026-03-30,Present,
4118,412,2026-05-28,Present,
4119,412,2026-05-10,Present,
4120,412,2026-05-13,Present,
4121,413,2026-05-19,Present,
4122,413,2026-05-10,Present,
4123,413,2026-04-11,Present,
4124,413,2026-03-26,Present,
4125,413,2026-06-06,Present,
4126,413,2026-03-27,Present,
4127,413,2026-03-25,Present,
4128,413,2026-05-30,Present,
4129,413,2026-06-08,Present,
4130,413,2026-04-21,Present,
4131,414,2026-04-20,Present,
4132,414,2026-04-19,Present,
4133,414,2026-05-12,Present,
4134,414,2026-05-26,Present,
4135,414,2026-05-20,Present,
4136,414,2026-05-19,Present,
4137,414,2026-04-24,Present,
4138,414,2026-04-11,Present,
4139,414,2026-03-17,Present,
4140,414,2026-05-21,Present,
4141,415,2026-04-01,Present,
4142,415,2026-06-06,Present,
4143,415,2026-04-25,Present,
4144,415,2026-06-08,Present,
4145,415,2026-04-24,Present,
4146,415,2026-06-05,Absent,Sick
4147,415,2026-04-12,Present,
4148,415,2026-05-24,Present,
4149,415,2026-04-15,Present,
4150,415,2026-06-05,Present,
4151,416,2026-06-05,Present,
4152,416,2026-04-09,Present,
4153,416,2026-06-07,Present,
4154,416,2026-05-12,Present,
4155,416,2026-05-11,Present,
4156,416,2026-04-28,Present,
4157,416,2026-05-25,Present,
4158,416,2026-04-26,Present,
4159,416,2026-03-26,Present,
4160,416,2026-05-04,Present,
4161,417,2026-03-20,Present,
4162,417,2026-05-29,Present,
4163,417,2026-04-20,Present,
4164,417,2026-05-14,Present,
4165,417,2026-05-14,Present,
4166,417,2026-05-02,Present,
4167,417,2026-05-12,Present,
4168,417,2026-05-04,Present,
4169,417,2026-04-30,Present,
4170,417,2026-06-06,Absent,
4171,418,2026-04-20,Present,
4172,418,2026-05-05,Present,
4173,418,2026-03-12,Present,
4174,418,2026-05-09,Present,
4175,418,2026-04-21,Present,
4176,418,2026-04-08,Absent,
4177,418,2026-03-27,Present,
4178,418,2026-06-07,Present,
4179,418,2026-03-19,Present,
4180,418,2026-04-08,Present,
4181,419,2026-03-24,Present,
4182,419,2026-03-30,Present,
4183,419,2026-03-13,Present,
4184,419,2026-06-04,Present,
4185,419,2026-05-08,Present,
4186,419,2026-04-26,Present,
4187,419,2026-03-13,Present,
4188,419,2026-05-01,Present,
4189,419,2026-04-01,Absent,
4190,419,2026-04-18,Present,
4191,420,2026-03-15,Present,
4192,420,2026-05-05,Present,
4193,420,2026-05-03,Present,
4194,420,2026-05-02,Present,
4195,420,2026-05-08,Present,
4196,420,2026-05-01,Present,
4197,420,2026-04-08,Absent,Sick
4198,420,2026-05-19,Present,
4199,420,2026-04-17,Present,
4200,420,2026-05-20,Present,
4201,421,2026-05-19,Present,
4202,421,2026-04-13,Present,
4203,421,2026-03-22,Present,
4204,421,2026-05-14,Present,
4205,421,2026-03-24,Present,
4206,421,2026-06-01,Present,
4207,421,2026-03-25,Absent,Sick
4208,421,2026-04-30,Present,
4209,421,2026-05-05,Present,
4210,421,2026-04-24,Absent,Sick
4211,422,2026-03-27,Present,
4212,422,2026-05-30,Present,
4213,422,2026-04-05,Present,
4214,422,2026-04-21,Present,
4215,422,2026-04-14,Present,
4216,422,2026-05-29,Present,
4217,422,2026-03-11,Present,
4218,422,2026-03-26,Absent,
4219,422,2026-06-05,Present,
4220,422,2026-04-15,Present,
4221,423,2026-03-31,Present,
4222,423,2026-05-28,Present,
4223,423,2026-05-04,Present,
4224,423,2026-03-13,Absent,
4225,423,2026-03-28,Present,
4226,423,2026-05-18,Present,
4227,423,2026-05-23,Present,
4228,423,2026-05-30,Present,
4229,423,2026-05-06,Present,
4230,423,2026-03-20,Present,
4231,424,2026-03-30,Present,
4232,424,2026-06-02,Present,
4233,424,2026-04-30,Present,
4234,424,2026-03-17,Present,
4235,424,2026-04-18,Present,
4236,424,2026-05-02,Present,
4237,424,2026-05-20,Present,
4238,424,2026-06-08,Present,
4239,424,2026-06-06,Present,
4240,424,2026-06-01,Present,
4241,425,2026-04-09,Present,
4242,425,2026-04-06,Present,
4243,425,2026-05-20,Present,
4244,425,2026-03-25,Present,
4245,425,2026-04-18,Present,
4246,425,2026-03-23,Present,
4247,425,2026-06-04,Absent,
4248,425,2026-03-14,Present,
4249,425,2026-04-11,Present,
4250,425,2026-05-30,Present,
4251,426,2026-05-01,Absent,Sick
4252,426,2026-05-19,Present,
4253,426,2026-06-08,Present,
4254,426,2026-04-11,Present,
4255,426,2026-03-21,Present,
4256,426,2026-05-06,Present,
4257,426,2026-03-11,Present,
4258,426,2026-05-31,Present,
4259,426,2026-04-20,Present,
4260,426,2026-04-05,Absent,
4261,427,2026-04-07,Present,
4262,427,2026-04-27,Present,
4263,427,2026-05-26,Present,
4264,427,2026-04-30,Absent,
4265,427,2026-04-20,Present,
4266,427,2026-04-07,Present,
4267,427,2026-05-18,Present,
4268,427,2026-04-17,Present,
4269,427,2026-05-26,Present,
4270,427,2026-04-29,Present,
4271,428,2026-05-03,Present,
4272,428,2026-05-27,Present,
4273,428,2026-05-29,Absent,Sick
4274,428,2026-04-03,Present,
4275,428,2026-06-08,Present,
4276,428,2026-04-05,Present,
4277,428,2026-05-22,Present,
4278,428,2026-05-02,Present,
4279,428,2026-06-02,Present,
4280,428,2026-03-12,Present,
4281,429,2026-05-10,Present,
4282,429,2026-05-17,Present,
4283,429,2026-05-22,Present,
4284,429,2026-03-26,Present,
4285,429,2026-05-27,Absent,Sick
4286,429,2026-05-08,Present,
4287,429,2026-04-21,Present,
4288,429,2026-04-14,Present,
4289,429,2026-05-01,Absent,Sick
4290,429,2026-03-18,Present,
4291,430,2026-04-05,Present,
4292,430,2026-06-06,Present,
4293,430,2026-05-10,Present,
4294,430,2026-04-03,Present,
4295,430,2026-05-18,Present,
4296,430,2026-05-05,Present,
4297,430,2026-05-03,Absent,
4298,430,2026-05-11,Present,
4299,430,2026-05-06,Present,
4300,430,2026-05-19,Present,
4301,431,2026-05-29,Present,
4302,431,2026-05-12,Present,
4303,431,2026-04-13,Present,
4304,431,2026-05-02,Present,
4305,431,2026-05-02,Present,
4306,431,2026-06-08,Present,
4307,431,2026-05-12,Present,
4308,431,2026-05-25,Present,
4309,431,2026-03-21,Present,
4310,431,2026-05-05,Present,
4311,432,2026-04-09,Present,
4312,432,2026-04-20,Present,
4313,432,2026-04-25,Present,
4314,432,2026-05-23,Present,
4315,432,2026-04-07,Present,
4316,432,2026-03-25,Present,
4317,432,2026-03-26,Present,
4318,432,2026-05-27,Present,
4319,432,2026-03-13,Present,
4320,432,2026-04-16,Absent,
4321,433,2026-04-29,Present,
4322,433,2026-05-13,Present,
4323,433,2026-06-03,Present,
4324,433,2026-04-19,Present,
4325,433,2026-04-23,Present,
4326,433,2026-04-04,Present,
4327,433,2026-05-31,Present,
4328,433,2026-03-24,Present,
4329,433,2026-05-28,Present,
4330,433,2026-03-11,Present,
4331,434,2026-04-15,Present,
4332,434,2026-05-24,Present,
4333,434,2026-06-02,Present,
4334,434,2026-05-16,Present,
4335,434,2026-04-25,Present,
4336,434,2026-03-19,Present,
4337,434,2026-06-07,Present,
4338,434,2026-03-26,Present,
4339,434,2026-04-09,Present,
4340,434,2026-04-07,Present,
4341,435,2026-03-29,Present,
4342,435,2026-05-17,Present,
4343,435,2026-05-26,Present,
4344,435,2026-03-25,Present,
4345,435,2026-03-15,Present,
4346,435,2026-03-26,Present,
4347,435,2026-03-30,Present,
4348,435,2026-05-27,Present,
4349,435,2026-06-02,Present,
4350,435,2026-05-28,Present,
4351,436,2026-03-13,Present,
4352,436,2026-04-03,Present,
4353,436,2026-04-10,Present,
4354,436,2026-04-14,Present,
4355,436,2026-03-20,Present,
4356,436,2026-04-16,Present,
4357,436,2026-05-21,Present,
4358,436,2026-05-31,Present,
4359,436,2026-04-20,Present,
4360,436,2026-05-31,Present,
4361,437,2026-04-14,Present,
4362,437,2026-05-24,Present,
4363,437,2026-04-02,Present,
4364,437,2026-04-16,Present,
4365,437,2026-05-09,Present,
4366,437,2026-05-27,Absent,
4367,437,2026-04-01,Present,
4368,437,2026-04-06,Present,
4369,437,2026-06-05,Present,
4370,437,2026-05-07,Absent,Sick
4371,438,2026-04-07,Present,
4372,438,2026-04-10,Present,
4373,438,2026-03-19,Present,
4374,438,2026-04-25,Absent,Sick
4375,438,2026-04-27,Present,
4376,438,2026-05-16,Present,
4377,438,2026-03-28,Present,
4378,438,2026-04-23,Present,
4379,438,2026-05-02,Present,
4380,438,2026-05-15,Present,
4381,439,2026-03-29,Absent,
4382,439,2026-05-12,Present,
4383,439,2026-04-25,Present,
4384,439,2026-04-21,Present,
4385,439,2026-05-23,Present,
4386,439,2026-04-14,Present,
4387,439,2026-03-18,Present,
4388,439,2026-05-31,Present,
4389,439,2026-05-07,Present,
4390,439,2026-05-19,Present,
4391,440,2026-05-31,Present,
4392,440,2026-04-04,Absent,
4393,440,2026-06-08,Absent,Sick
4394,440,2026-05-17,Present,
4395,440,2026-05-31,Present,
4396,440,2026-03-24,Absent,Sick
4397,440,2026-06-07,Absent,Sick
4398,440,2026-05-08,Present,
4399,440,2026-05-02,Present,
4400,440,2026-04-20,Absent,Sick
4401,441,2026-05-25,Present,
4402,441,2026-06-08,Present,
4403,441,2026-05-20,Present,
4404,441,2026-04-02,Present,
4405,441,2026-04-26,Present,
4406,441,2026-04-16,Present,
4407,441,2026-05-08,Present,
4408,441,2026-05-21,Present,
4409,441,2026-03-20,Present,
4410,441,2026-03-24,Present,
4411,442,2026-04-28,Present,
4412,442,2026-04-18,Present,
4413,442,2026-05-30,Present,
4414,442,2026-03-19,Present,
4415,442,2026-05-04,Present,
4416,442,2026-04-30,Present,
4417,442,2026-03-21,Present,
4418,442,2026-05-26,Absent,
4419,442,2026-05-24,Present,
4420,442,2026-04-28,Present,
4421,443,2026-05-14,Present,
4422,443,2026-05-28,Present,
4423,443,2026-03-22,Present,
4424,443,2026-04-27,Absent,
4425,443,2026-03-22,Present,
4426,443,2026-05-22,Present,
4427,443,2026-04-28,Absent,
4428,443,2026-05-12,Present,
4429,443,2026-05-20,Present,
4430,443,2026-04-18,Present,
4431,444,2026-03-22,Present,
4432,444,2026-05-17,Present,
4433,444,2026-05-17,Present,
4434,444,2026-05-28,Present,
4435,444,2026-06-04,Present,
4436,444,2026-03-19,Present,
4437,444,2026-04-29,Absent,Sick
4438,444,2026-06-03,Present,
4439,444,2026-04-28,Present,
4440,444,2026-05-28,Present,
4441,445,2026-04-21,Present,
4442,445,2026-05-27,Present,
4443,445,2026-05-22,Absent,Sick
4444,445,2026-05-15,Present,
4445,445,2026-04-10,Present,
4446,445,2026-06-05,Present,
4447,445,2026-05-04,Present,
4448,445,2026-04-01,Present,
4449,445,2026-03-19,Present,
4450,445,2026-03-22,Present,
4451,446,2026-05-20,Present,
4452,446,2026-04-06,Present,
4453,446,2026-06-07,Present,
4454,446,2026-04-02,Present,
4455,446,2026-05-29,Present,
4456,446,2026-03-13,Present,
4457,446,2026-05-02,Present,
4458,446,2026-05-31,Present,
4459,446,2026-04-15,Present,
4460,446,2026-03-19,Present,
4461,447,2026-05-26,Present,
4462,447,2026-05-03,Present,
4463,447,2026-03-21,Present,
4464,447,2026-06-04,Present,
4465,447,2026-03-14,Present,
4466,447,2026-03-26,Present,
4467,447,2026-05-24,Present,
4468,447,2026-05-25,Present,
4469,447,2026-03-20,Present,
4470,447,2026-05-26,Present,
4471,448,2026-04-23,Present,
4472,448,2026-03-12,Present,
4473,448,2026-04-08,Present,
4474,448,2026-05-25,Present,
4475,448,2026-06-04,Present,
4476,448,2026-06-04,Present,
4477,448,2026-03-25,Present,
4478,448,2026-06-03,Present,
4479,448,2026-04-06,Present,
4480,448,2026-06-03,Present,
4481,449,2026-05-17,Absent,
4482,449,2026-04-20,Present,
4483,449,2026-05-07,Present,
4484,449,2026-05-18,Present,
4485,449,2026-04-21,Present,
4486,449,2026-04-17,Present,
4487,449,2026-05-13,Present,
4488,449,2026-04-15,Present,
4489,449,2026-03-15,Present,
4490,449,2026-04-28,Present,
4491,450,2026-06-06,Present,
4492,450,2026-05-27,Present,
4493,450,2026-05-23,Present,
4494,450,2026-04-08,Present,
4495,450,2026-05-30,Present,
4496,450,2026-03-20,Present,
4497,450,2026-04-12,Present,
4498,450,2026-04-09,Present,
4499,450,2026-06-01,Present,
4500,450,2026-05-22,Absent,Sick
4501,451,2026-04-14,Present,
4502,451,2026-05-14,Present,
4503,451,2026-03-12,Absent,
4504,451,2026-05-16,Present,
4505,451,2026-03-17,Present,
4506,451,2026-04-27,Present,
4507,451,2026-05-08,Present,
4508,451,2026-04-06,Present,
4509,451,2026-03-25,Present,
4510,451,2026-05-02,Present,
4511,452,2026-06-06,Present,
4512,452,2026-05-17,Present,
4513,452,2026-04-04,Absent,
4514,452,2026-03-26,Present,
4515,452,2026-04-30,Present,
4516,452,2026-04-17,Present,
4517,452,2026-03-27,Present,
4518,452,2026-03-21,Present,
4519,452,2026-06-07,Present,
4520,452,2026-06-02,Present,
4521,453,2026-03-27,Present,
4522,453,2026-04-04,Present,
4523,453,2026-04-04,Present,
4524,453,2026-05-13,Present,
4525,453,2026-05-30,Present,
4526,453,2026-04-11,Present,
4527,453,2026-03-18,Present,
4528,453,2026-05-01,Present,
4529,453,2026-04-02,Present,
4530,453,2026-03-14,Present,
4531,454,2026-05-21,Present,
4532,454,2026-03-29,Absent,
4533,454,2026-04-02,Present,
4534,454,2026-04-10,Absent,
4535,454,2026-04-11,Present,
4536,454,2026-03-12,Present,
4537,454,2026-05-06,Present,
4538,454,2026-05-17,Absent,
4539,454,2026-05-17,Present,
4540,454,2026-03-31,Present,
4541,455,2026-03-25,Present,
4542,455,2026-04-06,Present,
4543,455,2026-04-19,Present,
4544,455,2026-03-30,Present,
4545,455,2026-03-19,Present,
4546,455,2026-04-02,Present,
4547,455,2026-05-14,Present,
4548,455,2026-04-19,Absent,Sick
4549,455,2026-03-20,Present,
4550,455,2026-03-31,Present,
4551,456,2026-03-29,Present,
4552,456,2026-05-10,Present,
4553,456,2026-06-02,Present,
4554,456,2026-04-29,Present,
4555,456,2026-05-15,Absent,
4556,456,2026-04-07,Present,
4557,456,2026-04-21,Present,
4558,456,2026-05-10,Present,
4559,456,2026-05-09,Present,
4560,456,2026-03-14,Present,
4561,457,2026-04-03,Present,
4562,457,2026-05-01,Present,
4563,457,2026-04-10,Present,
4564,457,2026-03-23,Present,
4565,457,2026-05-29,Present,
4566,457,2026-05-14,Absent,
4567,457,2026-04-24,Present,
4568,457,2026-03-28,Present,
4569,457,2026-06-07,Absent,Sick
4570,457,2026-05-01,Present,
4571,458,2026-03-23,Present,
4572,458,2026-06-03,Present,
4573,458,2026-05-05,Present,
4574,458,2026-03-30,Present,
4575,458,2026-04-27,Present,
4576,458,2026-04-19,Present,
4577,458,2026-06-04,Absent,
4578,458,2026-03-11,Present,
4579,458,2026-03-31,Present,
4580,458,2026-06-08,Present,
4581,459,2026-04-22,Present,
4582,459,2026-06-05,Present,
4583,459,2026-03-13,Absent,Sick
4584,459,2026-05-30,Present,
4585,459,2026-05-26,Present,
4586,459,2026-04-08,Present,
4587,459,2026-03-23,Present,
4588,459,2026-04-25,Present,
4589,459,2026-05-01,Present,
4590,459,2026-05-31,Present,
4591,460,2026-06-04,Present,
4592,460,2026-05-23,Present,
4593,460,2026-04-20,Present,
4594,460,2026-03-29,Absent,
4595,460,2026-04-18,Present,
4596,460,2026-04-10,Present,
4597,460,2026-03-22,Present,
4598,460,2026-03-26,Present,
4599,460,2026-05-29,Present,
4600,460,2026-04-26,Present,
4601,461,2026-04-13,Present,
4602,461,2026-04-29,Present,
4603,461,2026-05-14,Present,
4604,461,2026-04-05,Present,
4605,461,2026-05-11,Present,
4606,461,2026-04-29,Present,
4607,461,2026-06-01,Present,
4608,461,2026-05-13,Present,
4609,461,2026-05-26,Present,
4610,461,2026-06-08,Absent,
4611,462,2026-05-17,Present,
4612,462,2026-04-08,Present,
4613,462,2026-06-05,Present,
4614,462,2026-04-27,Present,
4615,462,2026-05-28,Present,
4616,462,2026-04-20,Present,
4617,462,2026-05-12,Present,
4618,462,2026-05-21,Present,
4619,462,2026-04-23,Present,
4620,462,2026-05-12,Present,
4621,463,2026-05-28,Present,
4622,463,2026-04-07,Present,
4623,463,2026-05-27,Present,
4624,463,2026-05-03,Present,
4625,463,2026-05-24,Present,
4626,463,2026-03-17,Present,
4627,463,2026-05-24,Present,
4628,463,2026-04-11,Present,
4629,463,2026-05-09,Absent,
4630,463,2026-05-18,Present,
4631,464,2026-05-31,Present,
4632,464,2026-05-16,Present,
4633,464,2026-03-17,Absent,
4634,464,2026-05-14,Present,
4635,464,2026-04-24,Present,
4636,464,2026-06-03,Present,
4637,464,2026-06-07,Present,
4638,464,2026-03-29,Present,
4639,464,2026-03-26,Present,
4640,464,2026-03-12,Present,
4641,465,2026-04-23,Present,
4642,465,2026-03-15,Present,
4643,465,2026-04-27,Present,
4644,465,2026-04-13,Present,
4645,465,2026-05-25,Present,
4646,465,2026-03-31,Present,
4647,465,2026-03-11,Present,
4648,465,2026-05-02,Present,
4649,465,2026-04-29,Present,
4650,465,2026-04-05,Present,
4651,466,2026-05-15,Present,
4652,466,2026-05-26,Present,
4653,466,2026-05-19,Present,
4654,466,2026-06-01,Present,
4655,466,2026-04-19,Present,
4656,466,2026-03-25,Present,
4657,466,2026-03-28,Present,
4658,466,2026-05-22,Present,
4659,466,2026-06-04,Present,
4660,466,2026-03-19,Present,
4661,467,2026-06-02,Present,
4662,467,2026-04-06,Present,
4663,467,2026-04-19,Present,
4664,467,2026-03-13,Present,
4665,467,2026-04-29,Present,
4666,467,2026-04-11,Present,
4667,467,2026-03-25,Present,
4668,467,2026-04-15,Present,
4669,467,2026-05-26,Present,
4670,467,2026-06-03,Present,
4671,468,2026-06-02,Absent,
4672,468,2026-06-08,Present,
4673,468,2026-04-05,Present,
4674,468,2026-05-17,Present,
4675,468,2026-04-24,Present,
4676,468,2026-05-25,Present,
4677,468,2026-03-19,Present,
4678,468,2026-04-06,Present,
4679,468,2026-04-03,Present,
4680,468,2026-05-27,Present,
4681,469,2026-03-20,Present,
4682,469,2026-06-01,Present,
4683,469,2026-05-06,Present,
4684,469,2026-04-12,Absent,Sick
4685,469,2026-03-17,Present,
4686,469,2026-05-13,Present,
4687,469,2026-06-03,Present,
4688,469,2026-03-29,Present,
4689,469,2026-03-30,Present,
4690,469,2026-05-12,Present,
4691,470,2026-05-09,Present,
4692,470,2026-05-27,Present,
4693,470,2026-05-08,Present,
4694,470,2026-04-29,Present,
4695,470,2026-05-21,Present,
4696,470,2026-05-24,Present,
4697,470,2026-05-27,Present,
4698,470,2026-03-23,Present,
4699,470,2026-06-03,Present,
4700,470,2026-05-21,Present,
4701,471,2026-06-01,Present,
4702,471,2026-05-20,Present,
4703,471,2026-06-04,Present,
4704,471,2026-05-08,Absent,Sick
4705,471,2026-05-09,Present,
4706,471,2026-03-31,Absent,
4707,471,2026-03-25,Present,
4708,471,2026-04-19,Present,
4709,471,2026-03-19,Present,
4710,471,2026-04-29,Present,
4711,472,2026-04-28,Present,
4712,472,2026-05-04,Present,
4713,472,2026-03-13,Present,
4714,472,2026-05-08,Present,
4715,472,2026-04-19,Present,
4716,472,2026-04-19,Present,
4717,472,2026-04-13,Absent,Sick
4718,472,2026-04-17,Present,
4719,472,2026-05-26,Absent,
4720,472,2026-04-18,Absent,
4721,473,2026-06-08,Present,
4722,473,2026-03-23,Present,
4723,473,2026-05-06,Present,
4724,473,2026-05-19,Present,
4725,473,2026-05-15,Present,
4726,473,2026-04-16,Present,
4727,473,2026-05-10,Present,
4728,473,2026-03-18,Present,
4729,473,2026-05-04,Present,
4730,473,2026-04-08,Present,
4731,474,2026-04-20,Present,
4732,474,2026-06-05,Present,
4733,474,2026-05-08,Present,
4734,474,2026-04-01,Present,
4735,474,2026-06-05,Present,
4736,474,2026-03-26,Present,
4737,474,2026-03-17,Present,
4738,474,2026-05-14,Present,
4739,474,2026-05-20,Absent,Sick
4740,474,2026-04-15,Present,
4741,475,2026-04-18,Present,
4742,475,2026-05-08,Present,
4743,475,2026-03-16,Present,
4744,475,2026-06-01,Absent,Sick
4745,475,2026-05-14,Absent,
4746,475,2026-05-22,Present,
4747,475,2026-04-23,Present,
4748,475,2026-03-22,Present,
4749,475,2026-03-12,Absent,Sick
4750,475,2026-04-26,Present,
4751,476,2026-06-08,Present,
4752,476,2026-03-13,Present,
4753,476,2026-05-04,Absent,Sick
4754,476,2026-03-28,Present,
4755,476,2026-04-27,Present,
4756,476,2026-06-08,Present,
4757,476,2026-05-15,Present,
4758,476,2026-04-30,Present,
4759,476,2026-06-04,Present,
4760,476,2026-03-28,Present,
4761,477,2026-03-17,Present,
4762,477,2026-06-01,Present,
4763,477,2026-03-21,Present,
4764,477,2026-04-04,Present,
4765,477,2026-03-31,Present,
4766,477,2026-05-19,Present,
4767,477,2026-03-31,Present,
4768,477,2026-03-24,Present,
4769,477,2026-06-01,Present,
4770,477,2026-03-12,Present,
4771,478,2026-04-03,Present,
4772,478,2026-05-10,Present,
4773,478,2026-06-05,Present,
4774,478,2026-06-01,Present,
4775,478,2026-05-01,Present,
4776,478,2026-06-01,Present,
4777,478,2026-04-22,Present,
4778,478,2026-04-04,Present,
4779,478,2026-04-27,Present,
4780,478,2026-05-09,Present,
4781,479,2026-03-23,Present,
4782,479,2026-03-25,Present,
4783,479,2026-03-20,Present,
4784,479,2026-04-14,Absent,Sick
4785,479,2026-04-02,Present,
4786,479,2026-05-30,Present,
4787,479,2026-03-25,Present,
4788,479,2026-03-16,Present,
4789,479,2026-06-03,Present,
4790,479,2026-04-21,Present,
4791,480,2026-04-14,Present,
4792,480,2026-04-08,Present,
4793,480,2026-05-04,Absent,
4794,480,2026-04-07,Present,
4795,480,2026-03-29,Present,
4796,480,2026-04-08,Present,
4797,480,2026-03-18,Present,
4798,480,2026-05-02,Present,
4799,480,2026-04-25,Present,
4800,480,2026-05-28,Present,
4801,481,2026-05-11,Present,
4802,481,2026-04-01,Present,
4803,481,2026-05-12,Present,
4804,481,2026-04-03,Present,
4805,481,2026-05-05,Present,
4806,481,2026-04-19,Present,
4807,481,2026-06-08,Present,
4808,481,2026-05-27,Present,
4809,481,2026-04-06,Present,
4810,481,2026-04-18,Present,
4811,482,2026-05-02,Present,
4812,482,2026-05-07,Present,
4813,482,2026-05-04,Present,
4814,482,2026-05-19,Present,
4815,482,2026-04-25,Present,
4816,482,2026-04-03,Present,
4817,482,2026-04-16,Present,
4818,482,2026-05-01,Present,
4819,482,2026-04-07,Present,
4820,482,2026-03-13,Present,
4821,483,2026-05-22,Present,
4822,483,2026-05-14,Present,
4823,483,2026-06-06,Present,
4824,483,2026-05-27,Present,
4825,483,2026-05-03,Present,
4826,483,2026-05-10,Present,
4827,483,2026-04-27,Present,
4828,483,2026-04-10,Present,
4829,483,2026-05-19,Absent,
4830,483,2026-04-17,Present,
4831,484,2026-04-20,Present,
4832,484,2026-03-16,Present,
4833,484,2026-04-16,Present,
4834,484,2026-06-01,Present,
4835,484,2026-05-15,Present,
4836,484,2026-05-06,Present,
4837,484,2026-04-20,Present,
4838,484,2026-04-23,Present,
4839,484,2026-04-02,Present,
4840,484,2026-04-30,Present,
4841,485,2026-03-25,Present,
4842,485,2026-05-27,Present,
4843,485,2026-06-02,Present,
4844,485,2026-06-08,Present,
4845,485,2026-04-26,Present,
4846,485,2026-06-08,Present,
4847,485,2026-05-12,Present,
4848,485,2026-03-15,Present,
4849,485,2026-05-31,Present,
4850,485,2026-05-28,Present,
4851,486,2026-05-05,Present,
4852,486,2026-05-25,Present,
4853,486,2026-05-17,Present,
4854,486,2026-03-13,Present,
4855,486,2026-03-25,Present,
4856,486,2026-03-27,Absent,
4857,486,2026-03-24,Present,
4858,486,2026-04-10,Present,
4859,486,2026-05-26,Present,
4860,486,2026-05-28,Present,
4861,487,2026-05-12,Present,
4862,487,2026-03-17,Present,
4863,487,2026-06-06,Present,
4864,487,2026-03-24,Absent,
4865,487,2026-04-20,Present,
4866,487,2026-04-15,Absent,
4867,487,2026-05-29,Present,
4868,487,2026-04-23,Absent,
4869,487,2026-04-17,Present,
4870,487,2026-04-10,Present,
4871,488,2026-03-23,Present,
4872,488,2026-03-28,Present,
4873,488,2026-06-01,Present,
4874,488,2026-06-03,Present,
4875,488,2026-05-31,Present,
4876,488,2026-04-12,Present,
4877,488,2026-06-06,Present,
4878,488,2026-04-02,Present,
4879,488,2026-04-05,Present,
4880,488,2026-05-27,Present,
4881,489,2026-04-20,Present,
4882,489,2026-03-15,Present,
4883,489,2026-05-07,Present,
4884,489,2026-03-12,Present,
4885,489,2026-03-25,Present,
4886,489,2026-05-29,Present,
4887,489,2026-04-02,Present,
4888,489,2026-05-24,Present,
4889,489,2026-04-11,Present,
4890,489,2026-05-04,Present,
4891,490,2026-03-30,Present,
4892,490,2026-04-02,Present,
4893,490,2026-05-25,Present,
4894,490,2026-05-25,Present,
4895,490,2026-04-16,Present,
4896,490,2026-06-02,Present,
4897,490,2026-03-19,Present,
4898,490,2026-05-22,Present,
4899,490,2026-04-26,Present,
4900,490,2026-05-17,Present,
4901,491,2026-05-24,Present,
4902,491,2026-04-05,Present,
4903,491,2026-05-05,Present,
4904,491,2026-03-15,Present,
4905,491,2026-04-09,Present,
4906,491,2026-05-20,Present,
4907,491,2026-06-01,Present,
4908,491,2026-05-21,Present,
4909,491,2026-03-17,Present,
4910,491,2026-04-06,Present,
4911,492,2026-04-25,Present,
4912,492,2026-05-18,Present,
4913,492,2026-04-25,Present,
4914,492,2026-05-29,Present,
4915,492,2026-05-19,Present,
4916,492,2026-05-19,Present,
4917,492,2026-05-19,Present,
4918,492,2026-05-20,Present,
4919,492,2026-03-27,Present,
4920,492,2026-05-17,Present,
4921,493,2026-04-08,Present,
4922,493,2026-04-16,Present,
4923,493,2026-04-14,Present,
4924,493,2026-05-04,Present,
4925,493,2026-03-18,Present,
4926,493,2026-05-26,Present,
4927,493,2026-05-15,Present,
4928,493,2026-05-31,Present,
4929,493,2026-05-21,Present,
4930,493,2026-04-22,Present,
4931,494,2026-05-30,Present,
4932,494,2026-04-16,Present,
4933,494,2026-03-31,Present,
4934,494,2026-05-03,Present,
4935,494,2026-06-05,Present,
4936,494,2026-03-17,Present,
4937,494,2026-04-21,Present,
4938,494,2026-04-29,Present,
4939,494,2026-05-16,Present,
4940,494,2026-03-17,Present,
4941,495,2026-06-08,Present,
4942,495,2026-04-03,Present,
4943,495,2026-04-15,Present,
4944,495,2026-03-13,Present,
4945,495,2026-05-15,Present,
4946,495,2026-03-12,Present,
4947,495,2026-05-26,Present,
4948,495,2026-05-30,Present,
4949,495,2026-04-03,Present,
4950,495,2026-05-21,Present,
4951,496,2026-04-07,Present,
4952,496,2026-05-11,Absent,Sick
4953,496,2026-05-03,Present,
4954,496,2026-03-19,Absent,Sick
4955,496,2026-04-10,Present,
4956,496,2026-05-05,Present,
4957,496,2026-04-23,Present,
4958,496,2026-05-25,Present,
4959,496,2026-05-08,Present,
4960,496,2026-04-07,Present,
4961,497,2026-04-14,Present,
4962,497,2026-04-20,Present,
4963,497,2026-05-02,Present,
4964,497,2026-03-23,Present,
4965,497,2026-05-12,Present,
4966,497,2026-03-29,Present,
4967,497,2026-05-21,Present,
4968,497,2026-03-12,Present,
4969,497,2026-04-19,Present,
4970,497,2026-05-28,Present,
4971,498,2026-03-31,Present,
4972,498,2026-04-12,Absent,
4973,498,2026-04-10,Present,
4974,498,2026-05-31,Present,
4975,498,2026-03-19,Present,
4976,498,2026-05-17,Present,
4977,498,2026-04-26,Present,
4978,498,2026-05-10,Present,
4979,498,2026-04-01,Present,
4980,498,2026-05-12,Present,
4981,499,2026-04-14,Absent,Sick
4982,499,2026-04-12,Present,
4983,499,2026-03-16,Present,
4984,499,2026-03-24,Present,
4985,499,2026-04-13,Present,
4986,499,2026-04-25,Present,
4987,499,2026-05-01,Present,
4988,499,2026-03-14,Present,
4989,499,2026-06-02,Present,
4990,499,2026-04-19,Present,
4991,500,2026-03-16,Present,
4992,500,2026-05-03,Absent,Sick
4993,500,2026-05-02,Present,
4994,500,2026-05-16,Present,
4995,500,2026-05-30,Present,
4996,500,2026-04-05,Present,
4997,500,2026-03-11,Present,
4998,500,2026-04-25,Present,
4999,500,2026-05-05,Present,
5000,500,2026-04-24,Present,
5001,501,2026-04-29,Present,
5002,501,2026-06-02,Present,
5003,501,2026-04-29,Present,
5004,501,2026-03-17,Present,
5005,501,2026-04-26,Present,
5006,501,2026-05-08,Present,
5007,501,2026-03-28,Present,
5008,501,2026-06-04,Absent,Sick
5009,501,2026-03-31,Present,
5010,501,2026-03-12,Present,
5011,502,2026-04-09,Present,
5012,502,2026-05-28,Present,
5013,502,2026-04-14,Present,
5014,502,2026-05-19,Present,
5015,502,2026-04-24,Present,
5016,502,2026-04-25,Absent,Sick
5017,502,2026-04-11,Present,
5018,502,2026-03-17,Present,
5019,502,2026-05-31,Present,
5020,502,2026-03-13,Present,
5021,503,2026-03-21,Present,
5022,503,2026-04-08,Absent,
5023,503,2026-04-13,Present,
5024,503,2026-05-21,Present,
5025,503,2026-05-15,Present,
5026,503,2026-06-02,Present,
5027,503,2026-04-20,Present,
5028,503,2026-05-27,Present,
5029,503,2026-05-21,Present,
5030,503,2026-06-06,Present,
5031,504,2026-05-20,Present,
5032,504,2026-04-09,Present,
5033,504,2026-05-19,Present,
5034,504,2026-04-18,Present,
5035,504,2026-04-18,Present,
5036,504,2026-04-10,Present,
5037,504,2026-04-24,Present,
5038,504,2026-05-07,Present,
5039,504,2026-05-25,Present,
5040,504,2026-04-26,Present,
5041,505,2026-04-21,Present,
5042,505,2026-03-17,Present,
5043,505,2026-04-30,Present,
5044,505,2026-03-20,Present,
5045,505,2026-06-03,Present,
5046,505,2026-04-01,Present,
5047,505,2026-04-12,Present,
5048,505,2026-04-24,Present,
5049,505,2026-04-17,Present,
5050,505,2026-06-01,Present,
5051,506,2026-04-17,Present,
5052,506,2026-05-07,Present,
5053,506,2026-04-22,Present,
5054,506,2026-03-14,Present,
5055,506,2026-05-20,Present,
5056,506,2026-06-04,Present,
5057,506,2026-05-23,Present,
5058,506,2026-04-07,Present,
5059,506,2026-05-06,Present,
5060,506,2026-05-08,Present,
5061,507,2026-05-29,Present,
5062,507,2026-04-13,Present,
5063,507,2026-03-31,Present,
5064,507,2026-05-15,Absent,
5065,507,2026-04-24,Present,
5066,507,2026-03-12,Present,
5067,507,2026-04-04,Present,
5068,507,2026-04-17,Present,
5069,507,2026-04-21,Present,
5070,507,2026-04-08,Present,
5071,508,2026-03-22,Absent,Sick
5072,508,2026-05-17,Present,
5073,508,2026-06-05,Present,
5074,508,2026-04-05,Absent,
5075,508,2026-04-15,Present,
5076,508,2026-04-30,Present,
5077,508,2026-05-26,Present,
5078,508,2026-03-14,Present,
5079,508,2026-05-13,Present,
5080,508,2026-04-24,Present,
5081,509,2026-05-13,Present,
5082,509,2026-04-03,Present,
5083,509,2026-03-25,Present,
5084,509,2026-06-07,Present,
5085,509,2026-06-07,Present,
5086,509,2026-03-26,Present,
5087,509,2026-04-29,Present,
5088,509,2026-05-24,Present,
5089,509,2026-05-17,Present,
5090,509,2026-05-04,Present,
5091,510,2026-05-07,Present,
5092,510,2026-06-04,Absent,Sick
5093,510,2026-05-02,Present,
5094,510,2026-06-06,Present,
5095,510,2026-05-24,Absent,Sick
5096,510,2026-03-29,Absent,
5097,510,2026-03-18,Present,
5098,510,2026-03-20,Absent,Sick
5099,510,2026-03-25,Present,
5100,510,2026-04-27,Present,
5101,511,2026-03-20,Present,
5102,511,2026-05-17,Present,
5103,511,2026-05-04,Present,
5104,511,2026-04-15,Present,
5105,511,2026-06-07,Present,
5106,511,2026-06-04,Present,
5107,511,2026-04-14,Present,
5108,511,2026-05-27,Present,
5109,511,2026-04-10,Present,
5110,511,2026-05-23,Present,
5111,512,2026-03-17,Present,
5112,512,2026-05-15,Present,
5113,512,2026-05-09,Present,
5114,512,2026-05-28,Present,
5115,512,2026-05-20,Present,
5116,512,2026-05-29,Present,
5117,512,2026-03-11,Present,
5118,512,2026-05-22,Present,
5119,512,2026-05-01,Present,
5120,512,2026-05-27,Present,
5121,513,2026-05-17,Present,
5122,513,2026-03-14,Present,
5123,513,2026-03-11,Present,
5124,513,2026-05-10,Present,
5125,513,2026-03-11,Present,
5126,513,2026-05-12,Present,
5127,513,2026-04-07,Present,
5128,513,2026-04-25,Present,
5129,513,2026-04-18,Present,
5130,513,2026-04-15,Present,
5131,514,2026-03-17,Present,
5132,514,2026-03-14,Present,
5133,514,2026-05-09,Absent,Sick
5134,514,2026-03-29,Present,
5135,514,2026-04-01,Present,
5136,514,2026-06-07,Present,
5137,514,2026-03-27,Absent,Sick
5138,514,2026-06-08,Present,
5139,514,2026-05-15,Present,
5140,514,2026-05-06,Present,
5141,515,2026-04-22,Present,
5142,515,2026-03-29,Present,
5143,515,2026-04-30,Present,
5144,515,2026-03-11,Present,
5145,515,2026-06-08,Present,
5146,515,2026-03-21,Present,
5147,515,2026-05-18,Present,
5148,515,2026-05-17,Present,
5149,515,2026-05-31,Present,
5150,515,2026-05-11,Present,
5151,516,2026-05-10,Present,
5152,516,2026-05-31,Present,
5153,516,2026-04-13,Present,
5154,516,2026-04-20,Present,
5155,516,2026-04-09,Present,
5156,516,2026-03-19,Present,
5157,516,2026-05-09,Present,
5158,516,2026-05-16,Present,
5159,516,2026-04-29,Present,
5160,516,2026-04-03,Present,
5161,517,2026-05-22,Present,
5162,517,2026-04-18,Absent,Sick
5163,517,2026-04-20,Present,
5164,517,2026-05-02,Present,
5165,517,2026-04-20,Present,
5166,517,2026-03-18,Present,
5167,517,2026-05-09,Present,
5168,517,2026-05-19,Present,
5169,517,2026-06-05,Present,
5170,517,2026-04-26,Present,
5171,518,2026-04-03,Present,
5172,518,2026-03-24,Present,
5173,518,2026-05-22,Present,
5174,518,2026-03-23,Present,
5175,518,2026-04-24,Present,
5176,518,2026-05-07,Present,
5177,518,2026-03-18,Present,
5178,518,2026-03-25,Absent,Sick
5179,518,2026-04-26,Present,
5180,518,2026-04-08,Present,
5181,519,2026-03-27,Present,
5182,519,2026-05-23,Present,
5183,519,2026-04-02,Present,
5184,519,2026-05-21,Present,
5185,519,2026-04-04,Present,
5186,519,2026-04-18,Present,
5187,519,2026-05-19,Present,
5188,519,2026-05-19,Present,
5189,519,2026-05-28,Present,
5190,519,2026-04-03,Present,
5191,520,2026-06-07,Present,
5192,520,2026-03-24,Present,
5193,520,2026-05-10,Present,
5194,520,2026-05-29,Present,
5195,520,2026-04-30,Present,
5196,520,2026-04-26,Present,
5197,520,2026-04-13,Present,
5198,520,2026-03-16,Present,
5199,520,2026-05-24,Present,
5200,520,2026-05-17,Present,
5201,521,2026-06-03,Present,
5202,521,2026-03-13,Present,
5203,521,2026-05-15,Present,
5204,521,2026-04-27,Present,
5205,521,2026-04-06,Present,
5206,521,2026-05-15,Present,
5207,521,2026-04-18,Present,
5208,521,2026-06-01,Present,
5209,521,2026-03-21,Absent,
5210,521,2026-04-24,Present,
5211,522,2026-05-22,Present,
5212,522,2026-05-18,Present,
5213,522,2026-04-11,Present,
5214,522,2026-05-30,Present,
5215,522,2026-06-01,Present,
5216,522,2026-03-23,Present,
5217,522,2026-04-30,Present,
5218,522,2026-05-26,Absent,Sick
5219,522,2026-05-10,Present,
5220,522,2026-06-04,Present,
5221,523,2026-05-10,Present,
5222,523,2026-05-01,Present,
5223,523,2026-04-21,Present,
5224,523,2026-05-06,Present,
5225,523,2026-03-17,Present,
5226,523,2026-04-05,Present,
5227,523,2026-04-06,Present,
5228,523,2026-05-06,Present,
5229,523,2026-04-16,Absent,Sick
5230,523,2026-03-30,Present,
5231,524,2026-05-27,Present,
5232,524,2026-05-02,Present,
5233,524,2026-04-12,Present,
5234,524,2026-05-11,Present,
5235,524,2026-05-14,Present,
5236,524,2026-05-24,Present,
5237,524,2026-05-19,Present,
5238,524,2026-03-18,Present,
5239,524,2026-05-30,Present,
5240,524,2026-04-11,Present,
5241,525,2026-06-08,Absent,Sick
5242,525,2026-04-05,Present,
5243,525,2026-03-15,Present,
5244,525,2026-03-14,Present,
5245,525,2026-04-03,Present,
5246,525,2026-03-14,Present,
5247,525,2026-05-09,Present,
5248,525,2026-05-17,Present,
5249,525,2026-05-27,Present,
5250,525,2026-05-23,Present,
5251,526,2026-03-14,Present,
5252,526,2026-04-25,Present,
5253,526,2026-04-15,Present,
5254,526,2026-05-04,Present,
5255,526,2026-03-18,Present,
5256,526,2026-04-01,Present,
5257,526,2026-04-01,Present,
5258,526,2026-05-21,Present,
5259,526,2026-05-05,Present,
5260,526,2026-04-27,Present,
5261,527,2026-03-21,Present,
5262,527,2026-05-02,Absent,Sick
5263,527,2026-05-03,Absent,Sick
5264,527,2026-04-03,Absent,Sick
5265,527,2026-06-07,Present,
5266,527,2026-05-28,Present,
5267,527,2026-03-20,Present,
5268,527,2026-04-17,Present,
5269,527,2026-03-22,Present,
5270,527,2026-04-08,Present,
5271,528,2026-06-04,Present,
5272,528,2026-04-17,Present,
5273,528,2026-05-21,Present,
5274,528,2026-06-07,Present,
5275,528,2026-04-26,Present,
5276,528,2026-05-14,Present,
5277,528,2026-05-17,Present,
5278,528,2026-04-14,Present,
5279,528,2026-03-16,Present,
5280,528,2026-03-18,Present,
5281,529,2026-04-11,Present,
5282,529,2026-05-02,Present,
5283,529,2026-03-19,Present,
5284,529,2026-05-30,Present,
5285,529,2026-03-15,Present,
5286,529,2026-03-21,Present,
5287,529,2026-03-27,Absent,
5288,529,2026-06-01,Present,
5289,529,2026-04-25,Present,
5290,529,2026-03-26,Present,
5291,530,2026-03-20,Present,
5292,530,2026-06-01,Present,
5293,530,2026-05-15,Present,
5294,530,2026-04-24,Present,
5295,530,2026-05-08,Present,
5296,530,2026-06-04,Present,
5297,530,2026-04-02,Present,
5298,530,2026-04-20,Present,
5299,530,2026-04-09,Present,
5300,530,2026-03-17,Present,
5301,531,2026-04-10,Present,
5302,531,2026-03-29,Present,
5303,531,2026-03-23,Present,
5304,531,2026-04-11,Present,
5305,531,2026-03-18,Present,
5306,531,2026-03-16,Present,
5307,531,2026-03-23,Present,
5308,531,2026-05-04,Present,
5309,531,2026-05-24,Present,
5310,531,2026-03-29,Present,
5311,532,2026-03-29,Present,
5312,532,2026-05-01,Present,
5313,532,2026-04-12,Present,
5314,532,2026-03-23,Present,
5315,532,2026-03-12,Present,
5316,532,2026-05-20,Present,
5317,532,2026-06-08,Present,
5318,532,2026-03-15,Present,
5319,532,2026-05-10,Present,
5320,532,2026-04-12,Present,
5321,533,2026-04-30,Present,
5322,533,2026-05-24,Present,
5323,533,2026-04-26,Present,
5324,533,2026-04-13,Present,
5325,533,2026-04-16,Present,
5326,533,2026-04-02,Present,
5327,533,2026-05-31,Present,
5328,533,2026-04-29,Present,
5329,533,2026-04-20,Present,
5330,533,2026-05-02,Absent,Sick
5331,534,2026-06-02,Present,
5332,534,2026-04-18,Present,
5333,534,2026-06-02,Present,
5334,534,2026-04-21,Present,
5335,534,2026-05-02,Present,
5336,534,2026-05-06,Present,
5337,534,2026-05-23,Present,
5338,534,2026-03-31,Present,
5339,534,2026-03-20,Present,
5340,534,2026-05-02,Present,
5341,535,2026-06-04,Present,
5342,535,2026-03-18,Present,
5343,535,2026-03-14,Present,
5344,535,2026-06-04,Present,
5345,535,2026-04-24,Present,
5346,535,2026-04-05,Absent,Sick
5347,535,2026-03-12,Present,
5348,535,2026-06-07,Absent,Sick
5349,535,2026-05-29,Present,
5350,535,2026-06-07,Absent,Sick
5351,536,2026-03-25,Absent,Sick
5352,536,2026-05-02,Present,
5353,536,2026-06-05,Present,
5354,536,2026-03-26,Absent,Sick
5355,536,2026-06-04,Present,
5356,536,2026-04-05,Present,
5357,536,2026-05-28,Present,
5358,536,2026-05-24,Present,
5359,536,2026-06-06,Absent,Sick
5360,536,2026-04-25,Present,
5361,537,2026-03-29,Present,
5362,537,2026-04-30,Absent,Sick
5363,537,2026-05-16,Present,
5364,537,2026-04-04,Present,
5365,537,2026-06-03,Present,
5366,537,2026-04-22,Present,
5367,537,2026-04-19,Present,
5368,537,2026-04-29,Present,
5369,537,2026-05-30,Present,
5370,537,2026-05-09,Absent,
5371,538,2026-03-24,Present,
5372,538,2026-03-26,Present,
5373,538,2026-05-20,Present,
5374,538,2026-04-26,Present,
5375,538,2026-04-11,Present,
5376,538,2026-03-21,Present,
5377,538,2026-03-30,Present,
5378,538,2026-05-08,Present,
5379,538,2026-04-14,Present,
5380,538,2026-05-18,Present,
5381,539,2026-05-07,Present,
5382,539,2026-03-24,Present,
5383,539,2026-03-29,Present,
5384,539,2026-05-05,Absent,Sick
5385,539,2026-03-29,Present,
5386,539,2026-06-08,Present,
5387,539,2026-04-07,Absent,Sick
5388,539,2026-04-27,Present,
5389,539,2026-04-25,Present,
5390,539,2026-04-03,Present,
5391,540,2026-05-02,Present,
5392,540,2026-05-29,Present,
5393,540,2026-04-21,Present,
5394,540,2026-05-20,Present,
5395,540,2026-06-07,Present,
5396,540,2026-06-01,Present,
5397,540,2026-04-25,Absent,
5398,540,2026-06-05,Present,
5399,540,2026-05-05,Present,
5400,540,2026-05-02,Present,
5401,541,2026-04-17,Present,
5402,541,2026-05-16,Present,
5403,541,2026-03-20,Present,
5404,541,2026-04-04,Present,
5405,541,2026-04-04,Present,
5406,541,2026-05-26,Present,
5407,541,2026-05-06,Present,
5408,541,2026-03-18,Present,
5409,541,2026-05-31,Present,
5410,541,2026-03-27,Present,
5411,542,2026-04-06,Present,
5412,542,2026-04-03,Present,
5413,542,2026-05-02,Present,
5414,542,2026-05-27,Present,
5415,542,2026-05-20,Present,
5416,542,2026-04-05,Present,
5417,542,2026-05-02,Present,
5418,542,2026-05-25,Present,
5419,542,2026-05-13,Present,
5420,542,2026-05-28,Present,
5421,543,2026-04-10,Present,
5422,543,2026-04-29,Present,
5423,543,2026-04-18,Present,
5424,543,2026-03-28,Present,
5425,543,2026-03-12,Absent,
5426,543,2026-06-06,Present,
5427,543,2026-06-04,Present,
5428,543,2026-05-04,Present,
5429,543,2026-05-03,Present,
5430,543,2026-05-15,Present,
5431,544,2026-05-28,Present,
5432,544,2026-05-12,Present,
5433,544,2026-05-20,Present,
5434,544,2026-03-28,Present,
5435,544,2026-04-16,Present,
5436,544,2026-04-16,Present,
5437,544,2026-05-04,Present,
5438,544,2026-04-15,Present,
5439,544,2026-03-15,Present,
5440,544,2026-03-21,Present,
5441,545,2026-06-06,Present,
5442,545,2026-04-05,Present,
5443,545,2026-03-14,Present,
5444,545,2026-04-07,Present,
5445,545,2026-05-10,Present,
5446,545,2026-06-04,Present,
5447,545,2026-03-29,Present,
5448,545,2026-06-05,Present,
5449,545,2026-03-22,Present,
5450,545,2026-03-27,Present,
5451,546,2026-05-12,Present,
5452,546,2026-05-31,Present,
5453,546,2026-04-24,Present,
5454,546,2026-05-16,Absent,
5455,546,2026-05-01,Present,
5456,546,2026-05-25,Present,
5457,546,2026-04-14,Present,
5458,546,2026-04-05,Absent,Sick
5459,546,2026-03-29,Absent,Sick
5460,546,2026-04-22,Present,
5461,547,2026-05-16,Present,
5462,547,2026-05-27,Present,
5463,547,2026-06-08,Present,
5464,547,2026-04-26,Present,
5465,547,2026-05-30,Present,
5466,547,2026-03-14,Present,
5467,547,2026-05-29,Present,
5468,547,2026-05-18,Present,
5469,547,2026-04-08,Present,
5470,547,2026-05-03,Present,
5471,548,2026-04-19,Present,
5472,548,2026-05-18,Present,
5473,548,2026-04-24,Present,
5474,548,2026-05-24,Present,
5475,548,2026-05-31,Present,
5476,548,2026-05-16,Present,
5477,548,2026-06-08,Present,
5478,548,2026-05-06,Present,
5479,548,2026-05-26,Present,
5480,548,2026-05-01,Present,
5481,549,2026-03-12,Absent,Sick
5482,549,2026-05-02,Present,
5483,549,2026-06-06,Present,
5484,549,2026-04-23,Present,
5485,549,2026-03-17,Present,
5486,549,2026-04-17,Present,
5487,549,2026-04-19,Present,
5488,549,2026-05-11,Present,
5489,549,2026-03-26,Present,
5490,549,2026-05-26,Present,
5491,550,2026-04-19,Present,
5492,550,2026-04-07,Present,
5493,550,2026-05-31,Absent,
5494,550,2026-03-13,Present,
5495,550,2026-05-17,Present,
5496,550,2026-06-07,Present,
5497,550,2026-05-19,Present,
5498,550,2026-04-14,Present,
5499,550,2026-04-10,Present,
5500,550,2026-04-20,Absent,Sick
5501,551,2026-03-27,Present,
5502,551,2026-04-24,Present,
5503,551,2026-04-01,Present,
5504,551,2026-03-14,Present,
5505,551,2026-04-22,Present,
5506,551,2026-05-08,Present,
5507,551,2026-04-25,Present,
5508,551,2026-05-02,Present,
5509,551,2026-05-23,Present,
5510,551,2026-04-01,Present,
5511,552,2026-06-06,Present,
5512,552,2026-04-09,Present,
5513,552,2026-03-28,Present,
5514,552,2026-03-19,Present,
5515,552,2026-06-08,Present,
5516,552,2026-05-29,Present,
5517,552,2026-04-18,Absent,Sick
5518,552,2026-03-21,Present,
5519,552,2026-04-10,Present,
5520,552,2026-04-30,Present,
5521,553,2026-04-10,Present,
5522,553,2026-04-13,Present,
5523,553,2026-05-26,Present,
5524,553,2026-03-18,Present,
5525,553,2026-03-12,Present,
5526,553,2026-05-19,Absent,Sick
5527,553,2026-04-02,Present,
5528,553,2026-06-07,Present,
5529,553,2026-04-14,Present,
5530,553,2026-04-25,Present,
5531,554,2026-03-20,Present,
5532,554,2026-05-15,Absent,
5533,554,2026-04-18,Present,
5534,554,2026-04-05,Present,
5535,554,2026-05-07,Present,
5536,554,2026-05-24,Present,
5537,554,2026-04-14,Present,
5538,554,2026-05-30,Present,
5539,554,2026-06-08,Present,
5540,554,2026-04-12,Present,
5541,555,2026-05-21,Present,
5542,555,2026-04-30,Present,
5543,555,2026-03-24,Present,
5544,555,2026-04-14,Present,
5545,555,2026-05-10,Present,
5546,555,2026-03-25,Present,
5547,555,2026-05-28,Present,
5548,555,2026-03-18,Present,
5549,555,2026-03-18,Present,
5550,555,2026-03-26,Present,
5551,556,2026-05-29,Present,
5552,556,2026-05-14,Present,
5553,556,2026-04-01,Present,
5554,556,2026-03-29,Present,
5555,556,2026-05-12,Present,
5556,556,2026-04-24,Present,
5557,556,2026-05-06,Present,
5558,556,2026-05-19,Present,
5559,556,2026-03-22,Present,
5560,556,2026-03-17,Present,
5561,557,2026-03-17,Present,
5562,557,2026-04-04,Present,
5563,557,2026-04-05,Present,
5564,557,2026-04-23,Present,
5565,557,2026-03-15,Present,
5566,557,2026-03-17,Present,
5567,557,2026-03-29,Present,
5568,557,2026-04-10,Present,
5569,557,2026-06-04,Absent,Sick
5570,557,2026-05-12,Present,
5571,558,2026-03-24,Present,
5572,558,2026-04-15,Present,
5573,558,2026-04-18,Present,
5574,558,2026-03-28,Present,
5575,558,2026-05-23,Present,
5576,558,2026-03-20,Present,
5577,558,2026-05-10,Present,
5578,558,2026-04-25,Present,
5579,558,2026-03-28,Present,
5580,558,2026-03-16,Present,
5581,559,2026-05-31,Present,
5582,559,2026-06-04,Present,
5583,559,2026-04-30,Present,
5584,559,2026-05-20,Present,
5585,559,2026-05-11,Present,
5586,559,2026-05-27,Present,
5587,559,2026-05-28,Present,
5588,559,2026-06-02,Present,
5589,559,2026-05-05,Present,
5590,559,2026-04-13,Present,
5591,560,2026-03-29,Present,
5592,560,2026-04-11,Present,
5593,560,2026-05-18,Present,
5594,560,2026-05-19,Present,
5595,560,2026-03-19,Present,
5596,560,2026-06-05,Present,
5597,560,2026-05-29,Present,
5598,560,2026-04-20,Present,
5599,560,2026-04-19,Present,
5600,560,2026-05-24,Present,
5601,561,2026-03-26,Present,
5602,561,2026-04-17,Absent,
5603,561,2026-04-09,Present,
5604,561,2026-04-12,Present,
5605,561,2026-03-28,Present,
5606,561,2026-05-14,Absent,Sick
5607,561,2026-04-21,Present,
5608,561,2026-05-24,Present,
5609,561,2026-03-11,Present,
5610,561,2026-05-26,Present,
5611,562,2026-04-04,Absent,Sick
5612,562,2026-05-01,Present,
5613,562,2026-05-23,Present,
5614,562,2026-05-23,Present,
5615,562,2026-05-10,Present,
5616,562,2026-03-19,Present,
5617,562,2026-04-21,Present,
5618,562,2026-04-26,Present,
5619,562,2026-03-30,Present,
5620,562,2026-05-24,Present,
5621,563,2026-05-23,Present,
5622,563,2026-04-25,Present,
5623,563,2026-05-31,Present,
5624,563,2026-04-01,Present,
5625,563,2026-03-14,Present,
5626,563,2026-05-11,Present,
5627,563,2026-03-28,Present,
5628,563,2026-03-21,Present,
5629,563,2026-03-30,Present,
5630,563,2026-05-23,Present,
5631,564,2026-04-13,Present,
5632,564,2026-03-12,Present,
5633,564,2026-04-02,Present,
5634,564,2026-04-17,Absent,Sick
5635,564,2026-04-09,Present,
5636,564,2026-04-26,Present,
5637,564,2026-04-18,Present,
5638,564,2026-05-12,Present,
5639,564,2026-04-20,Present,
5640,564,2026-04-16,Present,
5641,565,2026-05-19,Present,
5642,565,2026-04-07,Present,
5643,565,2026-04-29,Present,
5644,565,2026-05-19,Present,
5645,565,2026-06-02,Absent,Sick
5646,565,2026-05-06,Present,
5647,565,2026-04-23,Present,
5648,565,2026-04-10,Present,
5649,565,2026-05-19,Present,
5650,565,2026-05-10,Present,
5651,566,2026-05-21,Present,
5652,566,2026-05-20,Present,
5653,566,2026-06-06,Present,
5654,566,2026-05-12,Present,
5655,566,2026-05-13,Present,
5656,566,2026-04-15,Present,
5657,566,2026-03-28,Present,
5658,566,2026-04-07,Present,
5659,566,2026-05-11,Present,
5660,566,2026-03-27,Present,
5661,567,2026-05-11,Present,
5662,567,2026-06-02,Present,
5663,567,2026-04-02,Present,
5664,567,2026-03-11,Present,
5665,567,2026-05-16,Present,
5666,567,2026-03-11,Present,
5667,567,2026-04-18,Present,
5668,567,2026-06-02,Present,
5669,567,2026-03-31,Present,
5670,567,2026-05-26,Present,
5671,568,2026-04-23,Present,
5672,568,2026-03-18,Present,
5673,568,2026-05-18,Present,
5674,568,2026-05-19,Present,
5675,568,2026-04-23,Present,
5676,568,2026-05-23,Present,
5677,568,2026-05-08,Present,
5678,568,2026-04-15,Present,
5679,568,2026-04-24,Present,
5680,568,2026-05-02,Present,
5681,569,2026-05-15,Present,
5682,569,2026-04-05,Present,
5683,569,2026-04-15,Present,
5684,569,2026-05-08,Present,
5685,569,2026-03-23,Present,
5686,569,2026-04-17,Present,
5687,569,2026-06-04,Present,
5688,569,2026-05-11,Present,
5689,569,2026-04-18,Present,
5690,569,2026-05-20,Present,
5691,570,2026-05-17,Present,
5692,570,2026-03-28,Present,
5693,570,2026-04-29,Present,
5694,570,2026-05-28,Present,
5695,570,2026-04-02,Present,
5696,570,2026-04-07,Present,
5697,570,2026-03-18,Present,
5698,570,2026-04-28,Present,
5699,570,2026-03-30,Present,
5700,570,2026-03-18,Absent,Sick
5701,571,2026-05-23,Present,
5702,571,2026-04-25,Present,
5703,571,2026-04-19,Present,
5704,571,2026-04-03,Present,
5705,571,2026-04-26,Present,
5706,571,2026-03-25,Present,
5707,571,2026-04-16,Present,
5708,571,2026-03-11,Present,
5709,571,2026-04-04,Present,
5710,571,2026-04-28,Present,
5711,572,2026-05-27,Present,
5712,572,2026-04-25,Present,
5713,572,2026-03-31,Present,
5714,572,2026-06-06,Present,
5715,572,2026-05-14,Present,
5716,572,2026-05-06,Present,
5717,572,2026-05-22,Present,
5718,572,2026-06-07,Present,
5719,572,2026-04-14,Absent,
5720,572,2026-03-18,Present,
5721,573,2026-05-21,Present,
5722,573,2026-03-11,Present,
5723,573,2026-04-15,Present,
5724,573,2026-05-16,Present,
5725,573,2026-06-08,Present,
5726,573,2026-06-03,Present,
5727,573,2026-03-30,Present,
5728,573,2026-04-13,Absent,
5729,573,2026-05-15,Present,
5730,573,2026-05-14,Present,
5731,574,2026-05-07,Present,
5732,574,2026-06-02,Present,
5733,574,2026-05-08,Present,
5734,574,2026-04-06,Present,
5735,574,2026-04-14,Present,
5736,574,2026-03-14,Present,
5737,574,2026-03-24,Present,
5738,574,2026-03-24,Present,
5739,574,2026-05-24,Present,
5740,574,2026-04-09,Present,
5741,575,2026-04-21,Present,
5742,575,2026-05-28,Present,
5743,575,2026-03-14,Present,
5744,575,2026-05-10,Present,
5745,575,2026-03-18,Present,
5746,575,2026-04-01,Present,
5747,575,2026-06-08,Present,
5748,575,2026-05-17,Present,
5749,575,2026-03-28,Present,
5750,575,2026-03-28,Present,
5751,576,2026-04-02,Present,
5752,576,2026-04-25,Present,
5753,576,2026-06-02,Present,
5754,576,2026-05-31,Present,
5755,576,2026-04-16,Present,
5756,576,2026-05-09,Present,
5757,576,2026-05-07,Present,
5758,576,2026-06-04,Present,
5759,576,2026-05-26,Present,
5760,576,2026-03-20,Present,
5761,577,2026-06-05,Present,
5762,577,2026-05-30,Present,
5763,577,2026-05-18,Present,
5764,577,2026-04-30,Absent,Sick
5765,577,2026-05-14,Present,
5766,577,2026-04-28,Present,
5767,577,2026-05-14,Present,
5768,577,2026-03-24,Present,
5769,577,2026-05-03,Present,
5770,577,2026-06-02,Present,
5771,578,2026-05-04,Present,
5772,578,2026-04-24,Present,
5773,578,2026-04-12,Present,
5774,578,2026-04-18,Present,
5775,578,2026-04-09,Present,
5776,578,2026-05-02,Absent,
5777,578,2026-05-12,Present,
5778,578,2026-06-06,Present,
5779,578,2026-04-19,Present,
5780,578,2026-05-23,Present,
5781,579,2026-05-05,Present,
5782,579,2026-04-23,Present,
5783,579,2026-05-07,Present,
5784,579,2026-05-30,Present,
5785,579,2026-04-11,Present,
5786,579,2026-03-28,Present,
5787,579,2026-05-18,Present,
5788,579,2026-04-29,Present,
5789,579,2026-03-12,Present,
5790,579,2026-06-02,Present,
5791,580,2026-04-20,Present,
5792,580,2026-05-14,Present,
5793,580,2026-05-09,Present,
5794,580,2026-04-27,Present,
5795,580,2026-03-24,Present,
5796,580,2026-04-08,Present,
5797,580,2026-04-06,Present,
5798,580,2026-05-29,Present,
5799,580,2026-03-13,Present,
5800,580,2026-05-02,Present,
5801,581,2026-04-18,Present,
5802,581,2026-06-07,Present,
5803,581,2026-04-21,Present,
5804,581,2026-05-21,Present,
5805,581,2026-03-17,Present,
5806,581,2026-04-18,Present,
5807,581,2026-06-02,Present,
5808,581,2026-05-06,Present,
5809,581,2026-05-23,Present,
5810,581,2026-04-01,Present,
5811,582,2026-04-21,Absent,
5812,582,2026-05-31,Present,
5813,582,2026-04-21,Present,
5814,582,2026-04-06,Present,
5815,582,2026-04-18,Present,
5816,582,2026-04-15,Present,
5817,582,2026-06-04,Present,
5818,582,2026-06-02,Present,
5819,582,2026-05-31,Present,
5820,582,2026-05-29,Absent,
5821,583,2026-06-08,Present,
5822,583,2026-03-16,Present,
5823,583,2026-06-02,Present,
5824,583,2026-03-16,Present,
5825,583,2026-04-25,Present,
5826,583,2026-05-17,Present,
5827,583,2026-05-03,Present,
5828,583,2026-03-17,Present,
5829,583,2026-05-29,Present,
5830,583,2026-03-12,Present,
5831,584,2026-03-23,Present,
5832,584,2026-05-21,Present,
5833,584,2026-03-25,Present,
5834,584,2026-05-12,Present,
5835,584,2026-03-19,Present,
5836,584,2026-06-02,Present,
5837,584,2026-04-29,Present,
5838,584,2026-04-24,Present,
5839,584,2026-04-24,Present,
5840,584,2026-04-23,Present,
5841,585,2026-03-14,Present,
5842,585,2026-04-29,Present,
5843,585,2026-04-21,Present,
5844,585,2026-04-18,Present,
5845,585,2026-03-11,Present,
5846,585,2026-06-01,Present,
5847,585,2026-03-12,Present,
5848,585,2026-04-06,Present,
5849,585,2026-04-10,Present,
5850,585,2026-06-03,Present,
5851,586,2026-05-29,Present,
5852,586,2026-05-15,Present,
5853,586,2026-03-29,Present,
5854,586,2026-05-17,Present,
5855,586,2026-04-05,Present,
5856,586,2026-05-25,Present,
5857,586,2026-04-15,Present,
5858,586,2026-03-11,Present,
5859,586,2026-05-05,Present,
5860,586,2026-05-24,Present,
5861,587,2026-05-28,Present,
5862,587,2026-03-15,Present,
5863,587,2026-05-04,Present,
5864,587,2026-04-29,Present,
5865,587,2026-05-23,Present,
5866,587,2026-05-24,Present,
5867,587,2026-05-05,Present,
5868,587,2026-03-11,Absent,Sick
5869,587,2026-05-14,Present,
5870,587,2026-05-10,Present,
5871,588,2026-04-19,Present,
5872,588,2026-04-04,Present,
5873,588,2026-03-26,Present,
5874,588,2026-03-29,Present,
5875,588,2026-05-30,Present,
5876,588,2026-04-24,Present,
5877,588,2026-05-24,Present,
5878,588,2026-04-10,Present,
5879,588,2026-05-17,Absent,Sick
5880,588,2026-06-07,Absent,
5881,589,2026-03-17,Absent,
5882,589,2026-04-20,Present,
5883,589,2026-05-01,Present,
5884,589,2026-06-06,Present,
5885,589,2026-05-15,Present,
5886,589,2026-04-14,Absent,
5887,589,2026-06-02,Present,
5888,589,2026-03-25,Present,
5889,589,2026-05-17,Present,
5890,589,2026-05-02,Present,
5891,590,2026-03-18,Present,
5892,590,2026-03-30,Present,
5893,590,2026-06-02,Present,
5894,590,2026-04-02,Present,
5895,590,2026-03-13,Present,
5896,590,2026-04-06,Present,
5897,590,2026-04-10,Present,
5898,590,2026-06-04,Present,
5899,590,2026-03-30,Present,
5900,590,2026-05-05,Present,
5901,591,2026-05-15,Absent,Sick
5902,591,2026-05-24,Present,
5903,591,2026-05-17,Present,
5904,591,2026-04-29,Present,
5905,591,2026-06-06,Present,
5906,591,2026-05-14,Present,
5907,591,2026-04-21,Present,
5908,591,2026-03-22,Present,
5909,591,2026-04-28,Present,
5910,591,2026-04-13,Present,
5911,592,2026-04-27,Present,
5912,592,2026-03-30,Absent,
5913,592,2026-05-29,Absent,Sick
5914,592,2026-05-31,Present,
5915,592,2026-04-29,Present,
5916,592,2026-03-20,Present,
5917,592,2026-03-18,Present,
5918,592,2026-06-08,Absent,
5919,592,2026-06-03,Present,
5920,592,2026-04-25,Present,
5921,593,2026-03-21,Absent,Sick
5922,593,2026-03-12,Present,
5923,593,2026-04-04,Present,
5924,593,2026-04-25,Absent,
5925,593,2026-04-25,Present,
5926,593,2026-05-04,Present,
5927,593,2026-05-06,Absent,Sick
5928,593,2026-03-30,Present,
5929,593,2026-04-19,Absent,Sick
5930,593,2026-04-04,Present,
5931,594,2026-04-20,Present,
5932,594,2026-04-18,Present,
5933,594,2026-03-31,Present,
5934,594,2026-04-10,Present,
5935,594,2026-05-15,Absent,
5936,594,2026-05-17,Present,
5937,594,2026-04-08,Present,
5938,594,2026-06-07,Present,
5939,594,2026-04-16,Present,
5940,594,2026-04-03,Present,
5941,595,2026-05-28,Present,
5942,595,2026-05-18,Present,
5943,595,2026-04-04,Absent,
5944,595,2026-03-16,Present,
5945,595,2026-05-17,Present,
5946,595,2026-05-04,Present,
5947,595,2026-04-30,Present,
5948,595,2026-03-25,Present,
5949,595,2026-05-31,Present,
5950,595,2026-04-07,Present,
5951,596,2026-04-11,Present,
5952,596,2026-06-02,Present,
5953,596,2026-05-08,Present,
5954,596,2026-04-26,Present,
5955,596,2026-03-17,Present,
5956,596,2026-04-05,Present,
5957,596,2026-05-31,Present,
5958,596,2026-03-12,Present,
5959,596,2026-04-13,Present,
5960,596,2026-04-07,Present,
5961,597,2026-04-07,Present,
5962,597,2026-05-22,Present,
5963,597,2026-03-16,Present,
5964,597,2026-06-03,Present,
5965,597,2026-05-16,Present,
5966,597,2026-03-21,Absent,Sick
5967,597,2026-03-19,Present,
5968,597,2026-04-09,Present,
5969,597,2026-04-10,Present,
5970,597,2026-04-25,Present,
5971,598,2026-03-24,Present,
5972,598,2026-04-19,Present,
5973,598,2026-04-01,Present,
5974,598,2026-05-04,Present,
5975,598,2026-05-21,Present,
5976,598,2026-05-23,Present,
5977,598,2026-04-28,Present,
5978,598,2026-04-07,Present,
5979,598,2026-03-30,Present,
5980,598,2026-04-16,Present,
5981,599,2026-05-27,Present,
5982,599,2026-04-30,Absent,Sick
5983,599,2026-05-22,Present,
5984,599,2026-04-02,Present,
5985,599,2026-05-20,Present,
5986,599,2026-05-08,Present,
5987,599,2026-05-06,Present,
5988,599,2026-04-21,Present,
5989,599,2026-04-28,Present,
5990,599,2026-04-17,Present,
5991,600,2026-05-12,Present,
5992,600,2026-05-10,Absent,Sick
5993,600,2026-03-15,Present,
5994,600,2026-03-23,Present,
5995,600,2026-05-30,Present,
5996,600,2026-03-19,Absent,
5997,600,2026-04-21,Present,
5998,600,2026-03-22,Present,
5999,600,2026-05-10,Present,
6000,600,2026-05-18,Present,
6001,601,2026-05-13,Present,
6002,601,2026-03-16,Present,
6003,601,2026-05-08,Present,
6004,601,2026-05-28,Present,
6005,601,2026-03-22,Present,
6006,601,2026-05-19,Present,
6007,601,2026-04-14,Present,
6008,601,2026-04-25,Present,
6009,601,2026-04-11,Present,
6010,601,2026-04-20,Present,
6011,602,2026-04-20,Present,
6012,602,2026-03-13,Present,
6013,602,2026-05-17,Present,
6014,602,2026-05-01,Present,
6015,602,2026-05-08,Present,
6016,602,2026-06-01,Present,
6017,602,2026-03-12,Present,
6018,602,2026-04-15,Present,
6019,602,2026-05-21,Present,
6020,602,2026-04-25,Present,
6021,603,2026-05-20,Present,
6022,603,2026-05-14,Present,
6023,603,2026-04-30,Absent,Sick
6024,603,2026-03-20,Absent,Sick
6025,603,2026-04-15,Present,
6026,603,2026-03-30,Present,
6027,603,2026-05-05,Absent,Sick
6028,603,2026-03-31,Present,
6029,603,2026-03-27,Present,
6030,603,2026-04-18,Present,
6031,604,2026-05-03,Present,
6032,604,2026-05-10,Present,
6033,604,2026-04-25,Present,
6034,604,2026-05-30,Present,
6035,604,2026-03-13,Present,
6036,604,2026-05-02,Present,
6037,604,2026-03-26,Present,
6038,604,2026-04-22,Absent,Sick
6039,604,2026-03-23,Present,
6040,604,2026-04-02,Present,
6041,605,2026-05-30,Present,
6042,605,2026-04-13,Present,
6043,605,2026-03-16,Present,
6044,605,2026-05-04,Present,
6045,605,2026-04-29,Present,
6046,605,2026-05-08,Present,
6047,605,2026-04-18,Present,
6048,605,2026-05-31,Present,
6049,605,2026-05-01,Present,
6050,605,2026-05-31,Present,
6051,606,2026-05-15,Present,
6052,606,2026-05-23,Present,
6053,606,2026-04-04,Present,
6054,606,2026-06-05,Present,
6055,606,2026-03-30,Present,
6056,606,2026-03-12,Present,
6057,606,2026-05-13,Present,
6058,606,2026-03-22,Present,
6059,606,2026-04-19,Present,
6060,606,2026-03-20,Present,
6061,607,2026-05-23,Present,
6062,607,2026-04-24,Present,
6063,607,2026-04-16,Present,
6064,607,2026-05-04,Present,
6065,607,2026-04-30,Present,
6066,607,2026-04-09,Present,
6067,607,2026-05-31,Present,
6068,607,2026-03-21,Present,
6069,607,2026-05-31,Present,
6070,607,2026-06-06,Present,
6071,608,2026-03-24,Absent,
6072,608,2026-04-15,Present,
6073,608,2026-05-15,Present,
6074,608,2026-04-09,Present,
6075,608,2026-04-09,Present,
6076,608,2026-03-22,Present,
6077,608,2026-03-15,Absent,Sick
6078,608,2026-04-28,Present,
6079,608,2026-05-27,Present,
6080,608,2026-04-01,Present,
6081,609,2026-04-22,Present,
6082,609,2026-03-18,Present,
6083,609,2026-06-08,Present,
6084,609,2026-05-10,Present,
6085,609,2026-06-06,Present,
6086,609,2026-04-16,Present,
6087,609,2026-03-20,Present,
6088,609,2026-04-07,Present,
6089,609,2026-03-21,Present,
6090,609,2026-03-15,Present,
6091,610,2026-03-23,Present,
6092,610,2026-06-02,Absent,
6093,610,2026-04-07,Present,
6094,610,2026-04-22,Present,
6095,610,2026-03-20,Present,
6096,610,2026-03-29,Present,
6097,610,2026-06-01,Present,
6098,610,2026-05-21,Present,
6099,610,2026-03-19,Present,
6100,610,2026-05-09,Present,
6101,611,2026-04-14,Present,
6102,611,2026-05-12,Present,
6103,611,2026-04-16,Present,
6104,611,2026-05-30,Present,
6105,611,2026-04-03,Present,
6106,611,2026-04-01,Present,
6107,611,2026-04-25,Present,
6108,611,2026-04-30,Present,
6109,611,2026-04-02,Present,
6110,611,2026-04-12,Present,
6111,612,2026-05-15,Present,
6112,612,2026-03-30,Present,
6113,612,2026-05-23,Present,
6114,612,2026-04-20,Present,
6115,612,2026-03-28,Present,
6116,612,2026-03-18,Present,
6117,612,2026-04-01,Present,
6118,612,2026-03-28,Present,
6119,612,2026-04-25,Present,
6120,612,2026-05-02,Present,
6121,613,2026-06-02,Present,
6122,613,2026-05-26,Present,
6123,613,2026-05-23,Present,
6124,613,2026-05-24,Present,
6125,613,2026-05-17,Present,
6126,613,2026-03-27,Present,
6127,613,2026-04-21,Present,
6128,613,2026-05-03,Present,
6129,613,2026-03-23,Present,
6130,613,2026-04-19,Present,
6131,614,2026-05-25,Present,
6132,614,2026-03-18,Absent,Sick
6133,614,2026-05-03,Present,
6134,614,2026-04-15,Present,
6135,614,2026-03-12,Present,
6136,614,2026-03-23,Present,
6137,614,2026-05-06,Present,
6138,614,2026-06-08,Present,
6139,614,2026-04-17,Present,
6140,614,2026-05-05,Present,
6141,615,2026-03-13,Present,
6142,615,2026-03-28,Present,
6143,615,2026-04-04,Present,
6144,615,2026-05-08,Present,
6145,615,2026-04-09,Present,
6146,615,2026-05-20,Present,
6147,615,2026-04-16,Present,
6148,615,2026-04-05,Present,
6149,615,2026-03-25,Present,
6150,615,2026-05-24,Present,
6151,616,2026-05-26,Present,
6152,616,2026-04-18,Present,
6153,616,2026-03-24,Present,
6154,616,2026-06-05,Present,
6155,616,2026-03-21,Present,
6156,616,2026-03-14,Present,
6157,616,2026-03-29,Present,
6158,616,2026-04-02,Present,
6159,616,2026-05-27,Present,
6160,616,2026-04-23,Present,
6161,617,2026-05-16,Present,
6162,617,2026-05-27,Present,
6163,617,2026-04-20,Present,
6164,617,2026-05-28,Present,
6165,617,2026-04-24,Present,
6166,617,2026-05-03,Present,
6167,617,2026-03-31,Present,
6168,617,2026-03-20,Present,
6169,617,2026-05-05,Present,
6170,617,2026-05-21,Present,
6171,618,2026-03-31,Present,
6172,618,2026-05-26,Present,
6173,618,2026-06-03,Present,
6174,618,2026-05-02,Present,
6175,618,2026-04-19,Present,
6176,618,2026-05-17,Present,
6177,618,2026-04-03,Present,
6178,618,2026-05-27,Present,
6179,618,2026-05-23,Present,
6180,618,2026-06-08,Present,
6181,619,2026-06-08,Present,
6182,619,2026-03-11,Present,
6183,619,2026-05-31,Present,
6184,619,2026-06-06,Present,
6185,619,2026-03-13,Present,
6186,619,2026-03-25,Present,
6187,619,2026-04-04,Present,
6188,619,2026-03-17,Present,
6189,619,2026-03-16,Absent,
6190,619,2026-05-01,Present,
6191,620,2026-05-23,Present,
6192,620,2026-04-29,Present,
6193,620,2026-05-09,Present,
6194,620,2026-05-06,Present,
6195,620,2026-03-12,Present,
6196,620,2026-05-13,Present,
6197,620,2026-05-10,Present,
6198,620,2026-03-24,Present,
6199,620,2026-04-15,Present,
6200,620,2026-03-17,Present,
6201,621,2026-03-18,Absent,
6202,621,2026-05-25,Present,
6203,621,2026-03-23,Present,
6204,621,2026-05-02,Present,
6205,621,2026-05-17,Present,
6206,621,2026-04-09,Present,
6207,621,2026-04-17,Present,
6208,621,2026-04-11,Present,
6209,621,2026-04-08,Present,
6210,621,2026-03-13,Present,
6211,622,2026-03-30,Present,
6212,622,2026-03-12,Present,
6213,622,2026-05-20,Present,
6214,622,2026-03-21,Absent,
6215,622,2026-05-23,Present,
6216,622,2026-04-06,Present,
6217,622,2026-04-16,Absent,
6218,622,2026-04-16,Present,
6219,622,2026-04-22,Present,
6220,622,2026-05-18,Present,
6221,623,2026-04-24,Present,
6222,623,2026-05-24,Present,
6223,623,2026-04-18,Present,
6224,623,2026-05-05,Present,
6225,623,2026-05-06,Absent,
6226,623,2026-04-10,Present,
6227,623,2026-05-13,Present,
6228,623,2026-03-12,Present,
6229,623,2026-04-26,Present,
6230,623,2026-06-07,Present,
6231,624,2026-03-14,Present,
6232,624,2026-05-06,Present,
6233,624,2026-03-16,Present,
6234,624,2026-05-20,Present,
6235,624,2026-05-17,Present,
6236,624,2026-03-21,Present,
6237,624,2026-04-19,Present,
6238,624,2026-05-05,Absent,
6239,624,2026-04-02,Present,
6240,624,2026-05-23,Present,
6241,625,2026-04-20,Present,
6242,625,2026-05-17,Present,
6243,625,2026-03-14,Present,
6244,625,2026-05-05,Present,
6245,625,2026-03-28,Present,
6246,625,2026-05-31,Present,
6247,625,2026-04-06,Present,
6248,625,2026-03-18,Present,
6249,625,2026-05-01,Present,
6250,625,2026-03-25,Present,
6251,626,2026-03-31,Present,
6252,626,2026-04-08,Present,
6253,626,2026-05-15,Present,
6254,626,2026-04-09,Present,
6255,626,2026-04-14,Present,
6256,626,2026-05-11,Present,
6257,626,2026-03-27,Absent,Sick
6258,626,2026-06-08,Absent,
6259,626,2026-05-05,Present,
6260,626,2026-03-13,Present,
6261,627,2026-04-08,Present,
6262,627,2026-05-21,Present,
6263,627,2026-03-22,Present,
6264,627,2026-04-03,Absent,
6265,627,2026-03-30,Present,
6266,627,2026-05-25,Present,
6267,627,2026-04-22,Present,
6268,627,2026-04-16,Absent,Sick
6269,627,2026-03-12,Present,
6270,627,2026-05-14,Present,
6271,628,2026-04-05,Present,
6272,628,2026-04-28,Present,
6273,628,2026-06-02,Present,
6274,628,2026-06-03,Present,
6275,628,2026-03-16,Present,
6276,628,2026-05-18,Present,
6277,628,2026-04-22,Present,
6278,628,2026-04-04,Present,
6279,628,2026-06-04,Present,
6280,628,2026-04-29,Present,
6281,629,2026-03-12,Present,
6282,629,2026-04-28,Present,
6283,629,2026-05-09,Present,
6284,629,2026-03-12,Present,
6285,629,2026-04-12,Present,
6286,629,2026-04-19,Present,
6287,629,2026-06-05,Present,
6288,629,2026-04-01,Present,
6289,629,2026-03-31,Present,
6290,629,2026-06-01,Present,
6291,630,2026-04-19,Present,
6292,630,2026-05-20,Present,
6293,630,2026-03-11,Present,
6294,630,2026-05-08,Present,
6295,630,2026-03-27,Present,
6296,630,2026-05-02,Present,
6297,630,2026-04-13,Present,
6298,630,2026-05-25,Present,
6299,630,2026-04-15,Present,
6300,630,2026-04-01,Present,
6301,631,2026-05-14,Absent,
6302,631,2026-03-11,Present,
6303,631,2026-04-21,Present,
6304,631,2026-04-08,Present,
6305,631,2026-03-16,Absent,
6306,631,2026-03-26,Present,
6307,631,2026-04-13,Present,
6308,631,2026-05-14,Present,
6309,631,2026-05-13,Present,
6310,631,2026-04-04,Present,
6311,632,2026-04-01,Absent,
6312,632,2026-04-27,Present,
6313,632,2026-05-08,Present,
6314,632,2026-04-02,Present,
6315,632,2026-03-24,Present,
6316,632,2026-06-03,Present,
6317,632,2026-03-25,Present,
6318,632,2026-06-03,Present,
6319,632,2026-04-04,Present,
6320,632,2026-04-26,Present,
6321,633,2026-06-05,Present,
6322,633,2026-04-03,Present,
6323,633,2026-03-26,Present,
6324,633,2026-03-18,Present,
6325,633,2026-03-21,Present,
6326,633,2026-05-19,Present,
6327,633,2026-03-21,Present,
6328,633,2026-05-07,Absent,Sick
6329,633,2026-04-06,Present,
6330,633,2026-05-28,Present,
6331,634,2026-06-02,Present,
6332,634,2026-05-03,Present,
6333,634,2026-04-27,Present,
6334,634,2026-06-03,Present,
6335,634,2026-05-07,Present,
6336,634,2026-03-20,Present,
6337,634,2026-05-25,Present,
6338,634,2026-03-24,Present,
6339,634,2026-03-16,Present,
6340,634,2026-03-29,Present,
6341,635,2026-05-19,Present,
6342,635,2026-03-16,Absent,Sick
6343,635,2026-04-13,Present,
6344,635,2026-03-16,Present,
6345,635,2026-05-10,Present,
6346,635,2026-04-24,Present,
6347,635,2026-05-17,Present,
6348,635,2026-03-15,Present,
6349,635,2026-05-20,Present,
6350,635,2026-04-18,Absent,Sick
6351,636,2026-03-23,Present,
6352,636,2026-03-27,Present,
6353,636,2026-06-08,Present,
6354,636,2026-06-01,Present,
6355,636,2026-04-30,Present,
6356,636,2026-05-04,Present,
6357,636,2026-05-24,Present,
6358,636,2026-04-10,Present,
6359,636,2026-05-31,Present,
6360,636,2026-03-23,Present,
6361,637,2026-05-30,Present,
6362,637,2026-05-06,Present,
6363,637,2026-03-28,Present,
6364,637,2026-05-03,Present,
6365,637,2026-05-18,Present,
6366,637,2026-04-14,Present,
6367,637,2026-05-06,Present,
6368,637,2026-04-18,Present,
6369,637,2026-05-03,Present,
6370,637,2026-03-31,Present,
6371,638,2026-04-16,Present,
6372,638,2026-04-20,Present,
6373,638,2026-06-08,Present,
6374,638,2026-03-23,Present,
6375,638,2026-04-07,Present,
6376,638,2026-05-09,Present,
6377,638,2026-05-31,Present,
6378,638,2026-04-03,Present,
6379,638,2026-04-08,Present,
6380,638,2026-04-11,Present,
6381,639,2026-04-05,Present,
6382,639,2026-05-21,Present,
6383,639,2026-05-06,Present,
6384,639,2026-03-18,Present,
6385,639,2026-03-29,Present,
6386,639,2026-04-25,Absent,Sick
6387,639,2026-05-31,Present,
6388,639,2026-04-12,Present,
6389,639,2026-04-07,Present,
6390,639,2026-05-12,Present,
6391,640,2026-05-02,Absent,
6392,640,2026-04-22,Present,
6393,640,2026-06-02,Present,
6394,640,2026-04-18,Present,
6395,640,2026-03-24,Present,
6396,640,2026-05-30,Present,
6397,640,2026-03-27,Present,
6398,640,2026-03-28,Present,
6399,640,2026-05-24,Present,
6400,640,2026-05-08,Present,
6401,641,2026-05-10,Present,
6402,641,2026-04-01,Present,
6403,641,2026-06-01,Present,
6404,641,2026-04-15,Present,
6405,641,2026-04-10,Present,
6406,641,2026-03-13,Present,
6407,641,2026-05-18,Present,
6408,641,2026-03-26,Present,
6409,641,2026-06-02,Present,
6410,641,2026-04-21,Present,
6411,642,2026-05-26,Present,
6412,642,2026-05-07,Present,
6413,642,2026-05-08,Present,
6414,642,2026-04-08,Present,
6415,642,2026-05-23,Present,
6416,642,2026-04-17,Present,
6417,642,2026-04-30,Present,
6418,642,2026-04-20,Present,
6419,642,2026-05-03,Present,
6420,642,2026-05-14,Present,
6421,643,2026-04-07,Present,
6422,643,2026-04-03,Present,
6423,643,2026-05-18,Present,
6424,643,2026-05-29,Present,
6425,643,2026-05-24,Present,
6426,643,2026-04-12,Absent,Sick
6427,643,2026-05-26,Present,
6428,643,2026-05-29,Present,
6429,643,2026-04-04,Present,
6430,643,2026-04-20,Present,
6431,644,2026-03-17,Present,
6432,644,2026-05-19,Present,
6433,644,2026-03-23,Present,
6434,644,2026-06-07,Present,
6435,644,2026-03-31,Present,
6436,644,2026-04-05,Absent,
6437,644,2026-05-09,Present,
6438,644,2026-03-18,Present,
6439,644,2026-04-17,Present,
6440,644,2026-05-28,Absent,Sick
6441,645,2026-05-03,Present,
6442,645,2026-03-31,Present,
6443,645,2026-04-08,Present,
6444,645,2026-03-28,Present,
6445,645,2026-04-14,Present,
6446,645,2026-04-27,Present,
6447,645,2026-04-06,Present,
6448,645,2026-04-17,Present,
6449,645,2026-03-24,Present,
6450,645,2026-05-30,Present,
6451,646,2026-05-27,Present,
6452,646,2026-03-27,Present,
6453,646,2026-05-27,Present,
6454,646,2026-04-10,Present,
6455,646,2026-03-24,Present,
6456,646,2026-03-27,Present,
6457,646,2026-04-13,Present,
6458,646,2026-03-17,Present,
6459,646,2026-04-15,Absent,Sick
6460,646,2026-03-13,Present,
6461,647,2026-03-16,Absent,
6462,647,2026-03-15,Present,
6463,647,2026-04-04,Present,
6464,647,2026-03-15,Present,
6465,647,2026-05-29,Present,
6466,647,2026-03-18,Present,
6467,647,2026-03-31,Present,
6468,647,2026-05-28,Present,
6469,647,2026-03-26,Present,
6470,647,2026-05-25,Present,
6471,648,2026-05-13,Present,
6472,648,2026-05-11,Present,
6473,648,2026-05-05,Present,
6474,648,2026-05-06,Present,
6475,648,2026-05-29,Present,
6476,648,2026-04-11,Absent,Sick
6477,648,2026-03-15,Present,
6478,648,2026-03-22,Present,
6479,648,2026-05-26,Present,
6480,648,2026-05-25,Present,
6481,649,2026-04-01,Present,
6482,649,2026-05-17,Present,
6483,649,2026-06-08,Present,
6484,649,2026-04-03,Present,
6485,649,2026-04-04,Present,
6486,649,2026-06-06,Present,
6487,649,2026-05-01,Present,
6488,649,2026-05-23,Present,
6489,649,2026-05-13,Present,
6490,649,2026-05-24,Present,
6491,650,2026-05-11,Absent,
6492,650,2026-04-06,Present,
6493,650,2026-05-25,Absent,
6494,650,2026-04-30,Present,
6495,650,2026-05-01,Present,
6496,650,2026-05-31,Present,
6497,650,2026-04-02,Present,
6498,650,2026-03-25,Present,
6499,650,2026-06-02,Present,
6500,650,2026-05-09,Absent,Sick
6501,651,2026-05-20,Present,
6502,651,2026-04-22,Present,
6503,651,2026-03-25,Present,
6504,651,2026-05-31,Present,
6505,651,2026-04-08,Present,
6506,651,2026-04-08,Absent,
6507,651,2026-03-22,Present,
6508,651,2026-05-25,Present,
6509,651,2026-05-09,Present,
6510,651,2026-04-24,Present,
6511,652,2026-03-26,Present,
6512,652,2026-04-03,Present,
6513,652,2026-05-20,Present,
6514,652,2026-05-11,Present,
6515,652,2026-03-13,Present,
6516,652,2026-05-20,Present,
6517,652,2026-05-14,Present,
6518,652,2026-04-03,Present,
6519,652,2026-04-23,Present,
6520,652,2026-03-23,Present,
6521,653,2026-04-11,Present,
6522,653,2026-06-05,Present,
6523,653,2026-05-04,Present,
6524,653,2026-06-03,Present,
6525,653,2026-04-07,Present,
6526,653,2026-03-15,Present,
6527,653,2026-05-30,Present,
6528,653,2026-05-14,Present,
6529,653,2026-06-04,Present,
6530,653,2026-03-11,Absent,
6531,654,2026-04-14,Present,
6532,654,2026-04-23,Present,
6533,654,2026-03-21,Present,
6534,654,2026-04-10,Present,
6535,654,2026-03-24,Present,
6536,654,2026-04-08,Present,
6537,654,2026-04-13,Present,
6538,654,2026-06-04,Present,
6539,654,2026-04-14,Present,
6540,654,2026-05-14,Present,
6541,655,2026-04-21,Present,
6542,655,2026-06-01,Present,
6543,655,2026-05-23,Present,
6544,655,2026-05-13,Present,
6545,655,2026-04-22,Present,
6546,655,2026-04-28,Present,
6547,655,2026-05-07,Present,
6548,655,2026-03-23,Present,
6549,655,2026-04-12,Absent,
6550,655,2026-05-12,Present,
6551,656,2026-04-15,Present,
6552,656,2026-04-27,Present,
6553,656,2026-03-11,Present,
6554,656,2026-05-18,Present,
6555,656,2026-06-02,Present,
6556,656,2026-04-17,Present,
6557,656,2026-04-23,Absent,Sick
6558,656,2026-04-06,Present,
6559,656,2026-03-17,Absent,
6560,656,2026-03-15,Absent,Sick
6561,657,2026-05-13,Present,
6562,657,2026-06-07,Present,
6563,657,2026-05-21,Present,
6564,657,2026-03-13,Present,
6565,657,2026-05-31,Absent,Sick
6566,657,2026-04-16,Absent,
6567,657,2026-04-04,Present,
6568,657,2026-05-06,Present,
6569,657,2026-05-05,Present,
6570,657,2026-03-28,Present,
6571,658,2026-03-30,Present,
6572,658,2026-04-30,Present,
6573,658,2026-05-19,Present,
6574,658,2026-04-14,Present,
6575,658,2026-04-27,Present,
6576,658,2026-06-06,Present,
6577,658,2026-03-29,Present,
6578,658,2026-05-05,Present,
6579,658,2026-03-19,Present,
6580,658,2026-03-24,Present,
6581,659,2026-03-23,Present,
6582,659,2026-04-19,Present,
6583,659,2026-05-04,Present,
6584,659,2026-05-27,Present,
6585,659,2026-05-10,Present,
6586,659,2026-03-21,Present,
6587,659,2026-03-29,Present,
6588,659,2026-06-04,Present,
6589,659,2026-05-07,Present,
6590,659,2026-03-11,Present,
6591,660,2026-03-23,Present,
6592,660,2026-03-20,Present,
6593,660,2026-05-15,Present,
6594,660,2026-03-26,Present,
6595,660,2026-05-03,Present,
6596,660,2026-05-18,Present,
6597,660,2026-03-14,Present,
6598,660,2026-05-19,Present,
6599,660,2026-04-04,Present,
6600,660,2026-04-06,Present,
6601,661,2026-06-02,Present,
6602,661,2026-05-29,Present,
6603,661,2026-05-31,Present,
6604,661,2026-04-17,Absent,Sick
6605,661,2026-04-16,Present,
6606,661,2026-03-16,Present,
6607,661,2026-03-27,Present,
6608,661,2026-06-03,Present,
6609,661,2026-06-03,Present,
6610,661,2026-06-01,Present,
6611,662,2026-06-07,Present,
6612,662,2026-06-06,Present,
6613,662,2026-06-04,Present,
6614,662,2026-06-05,Absent,Sick
6615,662,2026-04-24,Present,
6616,662,2026-05-05,Present,
6617,662,2026-04-22,Present,
6618,662,2026-03-11,Present,
6619,662,2026-05-01,Present,
6620,662,2026-05-29,Present,
6621,663,2026-03-22,Present,
6622,663,2026-05-08,Present,
6623,663,2026-04-18,Present,
6624,663,2026-06-02,Present,
6625,663,2026-04-24,Present,
6626,663,2026-04-25,Present,
6627,663,2026-03-24,Present,
6628,663,2026-03-18,Present,
6629,663,2026-03-17,Present,
6630,663,2026-05-06,Present,
6631,664,2026-04-03,Absent,Sick
6632,664,2026-05-30,Present,
6633,664,2026-05-14,Present,
6634,664,2026-04-04,Present,
6635,664,2026-04-20,Present,
6636,664,2026-05-16,Present,
6637,664,2026-04-19,Present,
6638,664,2026-05-01,Present,
6639,664,2026-05-30,Present,
6640,664,2026-04-03,Present,
6641,665,2026-03-31,Absent,Sick
6642,665,2026-05-20,Present,
6643,665,2026-04-14,Present,
6644,665,2026-05-02,Present,
6645,665,2026-03-23,Present,
6646,665,2026-05-14,Present,
6647,665,2026-03-18,Present,
6648,665,2026-04-11,Present,
6649,665,2026-03-14,Present,
6650,665,2026-04-05,Present,
6651,666,2026-05-06,Present,
6652,666,2026-05-01,Present,
6653,666,2026-04-24,Present,
6654,666,2026-05-23,Present,
6655,666,2026-05-01,Present,
6656,666,2026-04-03,Present,
6657,666,2026-03-31,Present,
6658,666,2026-04-25,Present,
6659,666,2026-04-01,Present,
6660,666,2026-05-02,Present,
6661,667,2026-04-22,Present,
6662,667,2026-05-01,Present,
6663,667,2026-05-26,Present,
6664,667,2026-05-22,Present,
6665,667,2026-03-12,Present,
6666,667,2026-05-01,Present,
6667,667,2026-03-31,Present,
6668,667,2026-04-03,Present,
6669,667,2026-05-25,Present,
6670,667,2026-04-26,Present,
6671,668,2026-04-24,Present,
6672,668,2026-04-19,Absent,
6673,668,2026-03-13,Present,
6674,668,2026-03-21,Present,
6675,668,2026-04-13,Present,
6676,668,2026-05-29,Present,
6677,668,2026-06-08,Present,
6678,668,2026-05-15,Present,
6679,668,2026-03-15,Present,
6680,668,2026-06-02,Present,
6681,669,2026-04-10,Absent,Sick
6682,669,2026-04-07,Present,
6683,669,2026-04-23,Present,
6684,669,2026-05-02,Present,
6685,669,2026-03-17,Present,
6686,669,2026-03-13,Present,
6687,669,2026-05-27,Present,
6688,669,2026-03-17,Present,
6689,669,2026-04-04,Present,
6690,669,2026-03-20,Present,
6691,670,2026-05-20,Present,
6692,670,2026-04-24,Present,
6693,670,2026-04-12,Absent,
6694,670,2026-05-05,Present,
6695,670,2026-05-29,Present,
6696,670,2026-06-03,Present,
6697,670,2026-05-03,Present,
6698,670,2026-06-02,Absent,Sick
6699,670,2026-04-15,Present,
6700,670,2026-05-01,Present,
6701,671,2026-04-29,Present,
6702,671,2026-03-17,Present,
6703,671,2026-04-27,Absent,
6704,671,2026-03-16,Present,
6705,671,2026-05-21,Present,
6706,671,2026-05-19,Present,
6707,671,2026-06-05,Present,
6708,671,2026-04-20,Absent,
6709,671,2026-05-31,Absent,
6710,671,2026-04-13,Present,
6711,672,2026-05-08,Absent,Sick
6712,672,2026-04-02,Present,
6713,672,2026-05-10,Present,
6714,672,2026-05-25,Present,
6715,672,2026-04-05,Present,
6716,672,2026-04-15,Present,
6717,672,2026-05-20,Present,
6718,672,2026-05-31,Present,
6719,672,2026-04-24,Present,
6720,672,2026-03-31,Present,
6721,673,2026-03-28,Present,
6722,673,2026-05-21,Present,
6723,673,2026-04-09,Present,
6724,673,2026-05-28,Present,
6725,673,2026-03-13,Present,
6726,673,2026-05-11,Present,
6727,673,2026-03-11,Present,
6728,673,2026-05-10,Present,
6729,673,2026-04-14,Present,
6730,673,2026-03-14,Present,
6731,674,2026-03-12,Present,
6732,674,2026-03-19,Present,
6733,674,2026-05-09,Absent,Sick
6734,674,2026-05-08,Present,
6735,674,2026-05-10,Present,
6736,674,2026-03-16,Present,
6737,674,2026-05-24,Present,
6738,674,2026-05-08,Present,
6739,674,2026-03-30,Present,
6740,674,2026-05-12,Present,
6741,675,2026-05-07,Present,
6742,675,2026-04-27,Present,
6743,675,2026-04-12,Present,
6744,675,2026-05-18,Present,
6745,675,2026-03-26,Present,
6746,675,2026-03-15,Present,
6747,675,2026-05-27,Absent,Sick
6748,675,2026-05-26,Present,
6749,675,2026-05-31,Present,
6750,675,2026-04-13,Present,
6751,676,2026-03-12,Present,
6752,676,2026-05-18,Present,
6753,676,2026-03-29,Present,
6754,676,2026-04-21,Present,
6755,676,2026-04-29,Present,
6756,676,2026-06-04,Present,
6757,676,2026-05-15,Present,
6758,676,2026-05-12,Present,
6759,676,2026-03-26,Present,
6760,676,2026-03-26,Present,
6761,677,2026-03-14,Present,
6762,677,2026-03-12,Present,
6763,677,2026-05-18,Present,
6764,677,2026-03-31,Absent,
6765,677,2026-06-04,Absent,Sick
6766,677,2026-06-08,Present,
6767,677,2026-04-04,Present,
6768,677,2026-04-16,Present,
6769,677,2026-04-07,Present,
6770,677,2026-03-30,Present,
6771,678,2026-04-02,Present,
6772,678,2026-05-25,Present,
6773,678,2026-04-22,Present,
6774,678,2026-04-03,Present,
6775,678,2026-06-02,Present,
6776,678,2026-06-08,Present,
6777,678,2026-03-19,Present,
6778,678,2026-05-11,Present,
6779,678,2026-04-28,Present,
6780,678,2026-03-11,Present,
6781,679,2026-05-14,Present,
6782,679,2026-03-20,Present,
6783,679,2026-03-13,Present,
6784,679,2026-04-27,Present,
6785,679,2026-05-26,Present,
6786,679,2026-05-02,Present,
6787,679,2026-04-30,Present,
6788,679,2026-05-16,Present,
6789,679,2026-06-03,Present,
6790,679,2026-04-02,Present,
6791,680,2026-05-11,Present,
6792,680,2026-05-25,Present,
6793,680,2026-06-05,Present,
6794,680,2026-04-06,Present,
6795,680,2026-04-05,Present,
6796,680,2026-05-10,Present,
6797,680,2026-05-25,Present,
6798,680,2026-04-16,Present,
6799,680,2026-05-10,Present,
6800,680,2026-05-03,Present,
6801,681,2026-03-12,Present,
6802,681,2026-03-21,Present,
6803,681,2026-03-15,Present,
6804,681,2026-03-30,Present,
6805,681,2026-05-05,Present,
6806,681,2026-06-04,Present,
6807,681,2026-04-11,Present,
6808,681,2026-05-11,Present,
6809,681,2026-05-20,Present,
6810,681,2026-03-22,Present,
6811,682,2026-04-20,Present,
6812,682,2026-04-26,Present,
6813,682,2026-03-31,Present,
6814,682,2026-04-07,Present,
6815,682,2026-06-05,Present,
6816,682,2026-04-12,Present,
6817,682,2026-06-07,Absent,
6818,682,2026-06-06,Present,
6819,682,2026-04-20,Present,
6820,682,2026-05-16,Present,
6821,683,2026-05-31,Present,
6822,683,2026-03-24,Absent,Sick
6823,683,2026-06-01,Present,
6824,683,2026-03-25,Present,
6825,683,2026-04-25,Present,
6826,683,2026-04-28,Present,
6827,683,2026-03-14,Present,
6828,683,2026-06-04,Present,
6829,683,2026-03-13,Present,
6830,683,2026-04-16,Present,
6831,684,2026-03-18,Present,
6832,684,2026-05-01,Present,
6833,684,2026-05-12,Present,
6834,684,2026-04-28,Present,
6835,684,2026-05-15,Present,
6836,684,2026-05-05,Present,
6837,684,2026-03-21,Present,
6838,684,2026-05-16,Present,
6839,684,2026-05-20,Present,
6840,684,2026-06-06,Present,
6841,685,2026-04-06,Present,
6842,685,2026-03-12,Present,
6843,685,2026-03-19,Present,
6844,685,2026-05-18,Present,
6845,685,2026-05-07,Present,
6846,685,2026-03-23,Present,
6847,685,2026-03-31,Present,
6848,685,2026-06-06,Absent,Sick
6849,685,2026-03-16,Present,
6850,685,2026-04-12,Present,
6851,686,2026-03-20,Absent,Sick
6852,686,2026-05-15,Present,
6853,686,2026-04-30,Present,
6854,686,2026-04-17,Present,
6855,686,2026-03-16,Present,
6856,686,2026-06-06,Present,
6857,686,2026-04-08,Present,
6858,686,2026-04-06,Present,
6859,686,2026-04-08,Present,
6860,686,2026-04-29,Present,
6861,687,2026-05-16,Present,
6862,687,2026-05-15,Present,
6863,687,2026-03-29,Present,
6864,687,2026-04-18,Present,
6865,687,2026-06-07,Present,
6866,687,2026-04-29,Present,
6867,687,2026-04-08,Present,
6868,687,2026-03-19,Present,
6869,687,2026-04-18,Present,
6870,687,2026-05-20,Present,
6871,688,2026-04-27,Present,
6872,688,2026-04-15,Present,
6873,688,2026-05-14,Present,
6874,688,2026-03-14,Present,
6875,688,2026-04-14,Present,
6876,688,2026-04-18,Absent,Sick
6877,688,2026-04-17,Present,
6878,688,2026-05-22,Present,
6879,688,2026-04-26,Present,
6880,688,2026-04-09,Present,
6881,689,2026-05-02,Present,
6882,689,2026-03-22,Present,
6883,689,2026-06-03,Absent,Sick
6884,689,2026-03-11,Present,
6885,689,2026-06-07,Present,
6886,689,2026-04-19,Absent,
6887,689,2026-03-31,Present,
6888,689,2026-03-24,Present,
6889,689,2026-03-22,Present,
6890,689,2026-04-03,Present,
6891,690,2026-03-16,Present,
6892,690,2026-05-27,Present,
6893,690,2026-04-10,Present,
6894,690,2026-03-24,Present,
6895,690,2026-05-01,Present,
6896,690,2026-05-24,Present,
6897,690,2026-04-22,Present,
6898,690,2026-03-17,Present,
6899,690,2026-04-27,Absent,Sick
6900,690,2026-06-08,Present,
6901,691,2026-06-04,Present,
6902,691,2026-04-27,Absent,
6903,691,2026-04-30,Present,
6904,691,2026-05-01,Present,
6905,691,2026-05-27,Present,
6906,691,2026-05-02,Present,
6907,691,2026-06-02,Present,
6908,691,2026-05-30,Present,
6909,691,2026-04-09,Present,
6910,691,2026-05-17,Present,
6911,692,2026-05-25,Present,
6912,692,2026-04-22,Present,
6913,692,2026-04-09,Present,
6914,692,2026-03-27,Present,
6915,692,2026-04-11,Present,
6916,692,2026-05-02,Present,
6917,692,2026-06-02,Present,
6918,692,2026-05-28,Absent,Sick
6919,692,2026-05-05,Present,
6920,692,2026-04-16,Present,
6921,693,2026-05-31,Present,
6922,693,2026-04-04,Present,
6923,693,2026-05-11,Absent,
6924,693,2026-04-03,Present,
6925,693,2026-05-26,Present,
6926,693,2026-04-11,Present,
6927,693,2026-06-04,Present,
6928,693,2026-03-25,Present,
6929,693,2026-05-28,Present,
6930,693,2026-03-19,Present,
6931,694,2026-04-17,Absent,Sick
6932,694,2026-04-12,Present,
6933,694,2026-04-09,Present,
6934,694,2026-03-17,Present,
6935,694,2026-05-12,Present,
6936,694,2026-05-25,Present,
6937,694,2026-03-14,Present,
6938,694,2026-03-18,Present,
6939,694,2026-05-24,Present,
6940,694,2026-04-08,Present,
6941,695,2026-04-09,Present,
6942,695,2026-03-17,Present,
6943,695,2026-04-24,Present,
6944,695,2026-03-30,Present,
6945,695,2026-04-03,Present,
6946,695,2026-03-14,Present,
6947,695,2026-05-07,Present,
6948,695,2026-04-27,Present,
6949,695,2026-05-23,Present,
6950,695,2026-06-07,Present,
6951,696,2026-04-24,Present,
6952,696,2026-05-01,Present,
6953,696,2026-04-14,Present,
6954,696,2026-05-04,Present,
6955,696,2026-05-04,Absent,
6956,696,2026-05-16,Present,
6957,696,2026-05-14,Present,
6958,696,2026-03-12,Present,
6959,696,2026-04-02,Present,
6960,696,2026-04-01,Present,
6961,697,2026-03-30,Present,
6962,697,2026-04-30,Present,
6963,697,2026-04-20,Present,
6964,697,2026-05-07,Present,
6965,697,2026-05-31,Present,
6966,697,2026-04-16,Present,
6967,697,2026-04-07,Present,
6968,697,2026-04-11,Present,
6969,697,2026-05-25,Present,
6970,697,2026-04-27,Present,
6971,698,2026-03-25,Present,
6972,698,2026-04-23,Present,
6973,698,2026-03-20,Present,
6974,698,2026-03-14,Present,
6975,698,2026-04-28,Present,
6976,698,2026-04-14,Present,
6977,698,2026-04-18,Present,
6978,698,2026-03-22,Absent,Sick
6979,698,2026-05-07,Present,
6980,698,2026-05-24,Present,
6981,699,2026-06-08,Present,
6982,699,2026-05-27,Present,
6983,699,2026-05-22,Present,
6984,699,2026-04-22,Present,
6985,699,2026-05-01,Present,
6986,699,2026-04-19,Present,
6987,699,2026-04-29,Present,
6988,699,2026-04-25,Present,
6989,699,2026-04-01,Present,
6990,699,2026-04-02,Present,
6991,700,2026-03-28,Absent,Sick
6992,700,2026-05-02,Present,
6993,700,2026-05-01,Present,
6994,700,2026-05-19,Present,
6995,700,2026-05-15,Present,
6996,700,2026-04-22,Present,
6997,700,2026-06-02,Present,
6998,700,2026-05-03,Present,
6999,700,2026-04-07,Present,
7000,700,2026-03-14,Present,
7001,701,2026-04-16,Present,
7002,701,2026-04-09,Present,
7003,701,2026-03-14,Absent,Sick
7004,701,2026-04-17,Present,
7005,701,2026-04-28,Present,
7006,701,2026-04-30,Present,
7007,701,2026-05-01,Present,
7008,701,2026-06-04,Present,
7009,701,2026-05-07,Present,
7010,701,2026-03-28,Present,
7011,702,2026-05-03,Present,
7012,702,2026-04-07,Present,
7013,702,2026-04-21,Present,
7014,702,2026-04-05,Present,
7015,702,2026-05-01,Present,
7016,702,2026-04-29,Present,
7017,702,2026-04-20,Present,
7018,702,2026-05-20,Present,
7019,702,2026-05-23,Present,
7020,702,2026-03-21,Present,
7021,703,2026-03-17,Absent,Sick
7022,703,2026-04-18,Present,
7023,703,2026-03-21,Present,
7024,703,2026-05-18,Present,
7025,703,2026-03-29,Present,
7026,703,2026-04-01,Present,
7027,703,2026-04-13,Present,
7028,703,2026-04-19,Present,
7029,703,2026-03-13,Present,
7030,703,2026-05-07,Present,
7031,704,2026-03-29,Present,
7032,704,2026-05-03,Present,
7033,704,2026-05-30,Present,
7034,704,2026-05-01,Present,
7035,704,2026-04-21,Present,
7036,704,2026-05-10,Present,
7037,704,2026-04-20,Present,
7038,704,2026-03-30,Present,
7039,704,2026-05-19,Present,
7040,704,2026-05-23,Absent,
7041,705,2026-05-07,Present,
7042,705,2026-05-15,Present,
7043,705,2026-05-28,Present,
7044,705,2026-05-10,Present,
7045,705,2026-06-05,Present,
7046,705,2026-04-28,Present,
7047,705,2026-04-19,Present,
7048,705,2026-03-21,Present,
7049,705,2026-04-02,Absent,
7050,705,2026-05-29,Present,
7051,706,2026-05-10,Present,
7052,706,2026-05-25,Present,
7053,706,2026-03-28,Present,
7054,706,2026-03-15,Present,
7055,706,2026-03-16,Present,
7056,706,2026-04-08,Present,
7057,706,2026-03-12,Present,
7058,706,2026-03-23,Present,
7059,706,2026-05-25,Absent,Sick
7060,706,2026-05-04,Present,
7061,707,2026-03-30,Present,
7062,707,2026-04-24,Present,
7063,707,2026-04-19,Present,
7064,707,2026-03-22,Present,
7065,707,2026-03-21,Present,
7066,707,2026-05-04,Present,
7067,707,2026-04-21,Present,
7068,707,2026-03-14,Present,
7069,707,2026-04-27,Present,
7070,707,2026-04-13,Present,
7071,708,2026-05-24,Absent,
7072,708,2026-05-13,Present,
7073,708,2026-03-21,Present,
7074,708,2026-05-15,Present,
7075,708,2026-05-26,Present,
7076,708,2026-06-03,Present,
7077,708,2026-05-29,Present,
7078,708,2026-05-17,Absent,
7079,708,2026-06-07,Present,
7080,708,2026-03-22,Present,
7081,709,2026-03-20,Present,
7082,709,2026-05-25,Present,
7083,709,2026-04-16,Present,
7084,709,2026-04-09,Absent,
7085,709,2026-04-22,Present,
7086,709,2026-04-26,Present,
7087,709,2026-05-22,Present,
7088,709,2026-05-03,Present,
7089,709,2026-05-29,Present,
7090,709,2026-03-16,Present,
7091,710,2026-06-05,Present,
7092,710,2026-05-29,Present,
7093,710,2026-05-17,Present,
7094,710,2026-05-08,Present,
7095,710,2026-05-25,Present,
7096,710,2026-03-14,Absent,Sick
7097,710,2026-04-25,Present,
7098,710,2026-04-17,Present,
7099,710,2026-04-14,Present,
7100,710,2026-05-24,Present,
7101,711,2026-03-13,Present,
7102,711,2026-05-10,Present,
7103,711,2026-04-27,Present,
7104,711,2026-03-16,Present,
7105,711,2026-04-03,Present,
7106,711,2026-05-20,Present,
7107,711,2026-04-05,Present,
7108,711,2026-04-23,Present,
7109,711,2026-05-02,Present,
7110,711,2026-03-31,Present,
7111,712,2026-04-20,Present,
7112,712,2026-04-13,Present,
7113,712,2026-04-17,Present,
7114,712,2026-03-12,Present,
7115,712,2026-05-23,Present,
7116,712,2026-04-16,Present,
7117,712,2026-03-16,Present,
7118,712,2026-03-30,Present,
7119,712,2026-04-02,Present,
7120,712,2026-04-02,Present,
7121,713,2026-04-17,Present,
7122,713,2026-05-28,Present,
7123,713,2026-03-11,Present,
7124,713,2026-03-29,Present,
7125,713,2026-04-08,Present,
7126,713,2026-04-22,Absent,
7127,713,2026-03-15,Present,
7128,713,2026-04-22,Present,
7129,713,2026-04-04,Present,
7130,713,2026-03-12,Absent,
7131,714,2026-03-12,Present,
7132,714,2026-04-14,Present,
7133,714,2026-04-20,Present,
7134,714,2026-04-08,Present,
7135,714,2026-05-07,Present,
7136,714,2026-05-17,Present,
7137,714,2026-03-30,Present,
7138,714,2026-03-20,Absent,Sick
7139,714,2026-04-18,Present,
7140,714,2026-04-08,Present,
7141,715,2026-05-03,Present,
7142,715,2026-03-12,Present,
7143,715,2026-05-27,Present,
7144,715,2026-03-31,Present,
7145,715,2026-03-12,Present,
7146,715,2026-03-13,Present,
7147,715,2026-06-08,Present,
7148,715,2026-04-07,Present,
7149,715,2026-04-28,Present,
7150,715,2026-05-06,Present,
7151,716,2026-04-22,Present,
7152,716,2026-04-28,Present,
7153,716,2026-06-06,Present,
7154,716,2026-05-13,Absent,Sick
7155,716,2026-06-06,Present,
7156,716,2026-06-02,Present,
7157,716,2026-03-28,Present,
7158,716,2026-03-11,Absent,
7159,716,2026-03-27,Absent,
7160,716,2026-05-13,Present,
7161,717,2026-05-16,Present,
7162,717,2026-06-01,Present,
7163,717,2026-03-31,Present,
7164,717,2026-03-15,Present,
7165,717,2026-04-26,Present,
7166,717,2026-04-08,Present,
7167,717,2026-05-16,Present,
7168,717,2026-04-06,Present,
7169,717,2026-04-23,Present,
7170,717,2026-05-10,Present,
7171,718,2026-04-14,Present,
7172,718,2026-04-16,Present,
7173,718,2026-05-18,Present,
7174,718,2026-04-16,Present,
7175,718,2026-03-30,Present,
7176,718,2026-05-01,Present,
7177,718,2026-06-06,Present,
7178,718,2026-03-29,Present,
7179,718,2026-05-12,Present,
7180,718,2026-04-03,Present,
7181,719,2026-05-07,Present,
7182,719,2026-04-17,Present,
7183,719,2026-06-02,Present,
7184,719,2026-03-26,Present,
7185,719,2026-05-01,Present,
7186,719,2026-04-28,Present,
7187,719,2026-04-16,Present,
7188,719,2026-05-28,Present,
7189,719,2026-05-18,Present,
7190,719,2026-06-05,Absent,Sick
7191,720,2026-04-25,Present,
7192,720,2026-05-25,Present,
7193,720,2026-05-01,Present,
7194,720,2026-06-04,Present,
7195,720,2026-04-09,Present,
7196,720,2026-06-03,Present,
7197,720,2026-05-21,Present,
7198,720,2026-04-04,Present,
7199,720,2026-05-27,Absent,Sick
7200,720,2026-03-24,Present,
7201,721,2026-03-30,Absent,
7202,721,2026-03-27,Present,
7203,721,2026-04-21,Present,
7204,721,2026-04-20,Present,
7205,721,2026-04-04,Present,
7206,721,2026-04-27,Present,
7207,721,2026-05-25,Present,
7208,721,2026-04-04,Present,
7209,721,2026-03-20,Present,
7210,721,2026-04-24,Present,
7211,722,2026-04-26,Present,
7212,722,2026-05-20,Present,
7213,722,2026-05-26,Absent,
7214,722,2026-05-13,Present,
7215,722,2026-03-30,Present,
7216,722,2026-03-31,Present,
7217,722,2026-04-25,Absent,
7218,722,2026-06-08,Present,
7219,722,2026-03-16,Present,
7220,722,2026-04-13,Present,
7221,723,2026-05-28,Present,
7222,723,2026-03-24,Present,
7223,723,2026-03-19,Present,
7224,723,2026-03-22,Present,
7225,723,2026-05-12,Present,
7226,723,2026-04-23,Present,
7227,723,2026-04-30,Present,
7228,723,2026-03-17,Present,
7229,723,2026-04-03,Present,
7230,723,2026-04-15,Present,
7231,724,2026-04-12,Present,
7232,724,2026-03-25,Present,
7233,724,2026-05-05,Present,
7234,724,2026-04-10,Present,
7235,724,2026-05-12,Present,
7236,724,2026-06-06,Present,
7237,724,2026-03-31,Present,
7238,724,2026-03-12,Absent,Sick
7239,724,2026-05-04,Present,
7240,724,2026-04-09,Present,
7241,725,2026-03-21,Present,
7242,725,2026-05-01,Present,
7243,725,2026-04-21,Present,
7244,725,2026-04-03,Present,
7245,725,2026-05-07,Present,
7246,725,2026-03-16,Present,
7247,725,2026-03-28,Present,
7248,725,2026-03-22,Present,
7249,725,2026-03-16,Absent,
7250,725,2026-04-29,Present,
7251,726,2026-03-11,Present,
7252,726,2026-04-21,Present,
7253,726,2026-03-31,Present,
7254,726,2026-05-17,Present,
7255,726,2026-04-24,Present,
7256,726,2026-06-03,Present,
7257,726,2026-05-09,Present,
7258,726,2026-04-05,Present,
7259,726,2026-03-11,Present,
7260,726,2026-05-08,Present,
7261,727,2026-04-19,Present,
7262,727,2026-05-27,Present,
7263,727,2026-06-08,Present,
7264,727,2026-03-23,Present,
7265,727,2026-03-21,Present,
7266,727,2026-04-09,Present,
7267,727,2026-04-26,Present,
7268,727,2026-05-19,Present,
7269,727,2026-05-08,Present,
7270,727,2026-03-21,Present,
7271,728,2026-06-07,Present,
7272,728,2026-05-26,Present,
7273,728,2026-03-28,Present,
7274,728,2026-05-11,Present,
7275,728,2026-05-20,Present,
7276,728,2026-04-26,Present,
7277,728,2026-03-22,Present,
7278,728,2026-06-02,Present,
7279,728,2026-04-08,Present,
7280,728,2026-03-13,Present,
7281,729,2026-04-10,Present,
7282,729,2026-03-21,Present,
7283,729,2026-04-05,Present,
7284,729,2026-04-28,Present,
7285,729,2026-06-06,Present,
7286,729,2026-03-11,Present,
7287,729,2026-03-25,Present,
7288,729,2026-04-05,Absent,Sick
7289,729,2026-04-21,Present,
7290,729,2026-03-15,Present,
7291,730,2026-06-06,Present,
7292,730,2026-04-01,Absent,
7293,730,2026-05-23,Present,
7294,730,2026-05-27,Present,
7295,730,2026-05-02,Present,
7296,730,2026-04-04,Present,
7297,730,2026-05-20,Present,
7298,730,2026-05-10,Present,
7299,730,2026-05-02,Present,
7300,730,2026-04-10,Present,
7301,731,2026-05-23,Present,
7302,731,2026-05-11,Present,
7303,731,2026-06-08,Present,
7304,731,2026-04-04,Present,
7305,731,2026-05-29,Present,
7306,731,2026-03-12,Present,
7307,731,2026-03-20,Present,
7308,731,2026-04-06,Present,
7309,731,2026-05-22,Present,
7310,731,2026-05-18,Present,
7311,732,2026-04-30,Present,
7312,732,2026-03-24,Present,
7313,732,2026-05-16,Present,
7314,732,2026-05-10,Present,
7315,732,2026-05-29,Present,
7316,732,2026-05-04,Present,
7317,732,2026-03-17,Present,
7318,732,2026-05-06,Present,
7319,732,2026-04-30,Present,
7320,732,2026-06-03,Present,
7321,733,2026-04-15,Present,
7322,733,2026-03-19,Present,
7323,733,2026-05-19,Present,
7324,733,2026-03-15,Present,
7325,733,2026-05-05,Present,
7326,733,2026-03-22,Present,
7327,733,2026-03-19,Present,
7328,733,2026-04-30,Present,
7329,733,2026-04-08,Present,
7330,733,2026-05-05,Present,
7331,734,2026-03-13,Present,
7332,734,2026-03-19,Present,
7333,734,2026-03-26,Present,
7334,734,2026-04-23,Present,
7335,734,2026-03-27,Present,
7336,734,2026-05-22,Present,
7337,734,2026-05-11,Present,
7338,734,2026-03-23,Present,
7339,734,2026-04-28,Present,
7340,734,2026-04-19,Present,
7341,735,2026-04-12,Present,
7342,735,2026-05-03,Present,
7343,735,2026-04-14,Present,
7344,735,2026-03-15,Present,
7345,735,2026-03-22,Present,
7346,735,2026-05-23,Present,
7347,735,2026-05-30,Present,
7348,735,2026-05-20,Present,
7349,735,2026-05-17,Present,
7350,735,2026-05-28,Present,
7351,736,2026-05-04,Present,
7352,736,2026-04-21,Present,
7353,736,2026-05-28,Present,
7354,736,2026-03-26,Present,
7355,736,2026-03-16,Present,
7356,736,2026-05-09,Present,
7357,736,2026-03-31,Present,
7358,736,2026-03-22,Present,
7359,736,2026-03-20,Present,
7360,736,2026-03-17,Present,
7361,737,2026-06-02,Present,
7362,737,2026-03-18,Present,
7363,737,2026-04-28,Present,
7364,737,2026-03-20,Present,
7365,737,2026-03-26,Present,
7366,737,2026-04-12,Present,
7367,737,2026-05-18,Present,
7368,737,2026-05-21,Present,
7369,737,2026-05-21,Present,
7370,737,2026-04-23,Present,
7371,738,2026-04-12,Present,
7372,738,2026-05-03,Present,
7373,738,2026-05-28,Present,
7374,738,2026-04-17,Present,
7375,738,2026-03-29,Present,
7376,738,2026-05-23,Present,
7377,738,2026-03-27,Present,
7378,738,2026-04-09,Present,
7379,738,2026-06-04,Present,
7380,738,2026-05-15,Present,
7381,739,2026-03-25,Present,
7382,739,2026-05-15,Present,
7383,739,2026-06-05,Present,
7384,739,2026-03-15,Present,
7385,739,2026-05-03,Present,
7386,739,2026-05-28,Present,
7387,739,2026-05-15,Absent,
7388,739,2026-04-20,Present,
7389,739,2026-03-26,Present,
7390,739,2026-04-11,Present,
7391,740,2026-03-15,Present,
7392,740,2026-05-16,Present,
7393,740,2026-05-13,Present,
7394,740,2026-04-13,Present,
7395,740,2026-03-26,Present,
7396,740,2026-04-13,Present,
7397,740,2026-05-30,Present,
7398,740,2026-04-16,Present,
7399,740,2026-05-09,Present,
7400,740,2026-03-29,Present,
7401,741,2026-04-24,Present,
7402,741,2026-05-17,Present,
7403,741,2026-03-12,Present,
7404,741,2026-03-18,Absent,Sick
7405,741,2026-04-26,Present,
7406,741,2026-04-08,Present,
7407,741,2026-04-01,Absent,
7408,741,2026-03-12,Absent,Sick
7409,741,2026-04-07,Absent,
7410,741,2026-03-17,Present,
7411,742,2026-05-30,Present,
7412,742,2026-04-19,Present,
7413,742,2026-04-12,Present,
7414,742,2026-04-25,Present,
7415,742,2026-04-18,Present,
7416,742,2026-04-17,Present,
7417,742,2026-03-27,Absent,Sick
7418,742,2026-04-16,Present,
7419,742,2026-05-29,Present,
7420,742,2026-04-05,Present,
7421,743,2026-04-22,Absent,
7422,743,2026-04-08,Present,
7423,743,2026-03-17,Absent,Sick
7424,743,2026-04-23,Present,
7425,743,2026-03-18,Present,
7426,743,2026-04-29,Present,
7427,743,2026-04-30,Present,
7428,743,2026-06-08,Present,
7429,743,2026-06-05,Present,
7430,743,2026-06-08,Present,
7431,744,2026-04-28,Present,
7432,744,2026-05-10,Present,
7433,744,2026-04-05,Present,
7434,744,2026-04-21,Present,
7435,744,2026-04-29,Present,
7436,744,2026-03-30,Present,
7437,744,2026-04-28,Present,
7438,744,2026-05-31,Present,
7439,744,2026-04-23,Present,
7440,744,2026-04-11,Present,
7441,745,2026-05-17,Present,
7442,745,2026-05-05,Present,
7443,745,2026-06-07,Present,
7444,745,2026-04-10,Present,
7445,745,2026-05-06,Absent,
7446,745,2026-05-13,Present,
7447,745,2026-03-26,Present,
7448,745,2026-05-04,Present,
7449,745,2026-04-18,Present,
7450,745,2026-04-08,Present,
7451,746,2026-03-11,Present,
7452,746,2026-03-17,Present,
7453,746,2026-06-01,Present,
7454,746,2026-05-24,Present,
7455,746,2026-05-21,Present,
7456,746,2026-06-04,Present,
7457,746,2026-03-16,Present,
7458,746,2026-05-19,Absent,Sick
7459,746,2026-03-29,Present,
7460,746,2026-04-27,Present,
7461,747,2026-03-30,Present,
7462,747,2026-03-24,Present,
7463,747,2026-06-07,Present,
7464,747,2026-05-21,Present,
7465,747,2026-05-28,Present,
7466,747,2026-04-19,Present,
7467,747,2026-03-17,Present,
7468,747,2026-05-24,Present,
7469,747,2026-05-22,Present,
7470,747,2026-05-01,Present,
7471,748,2026-03-13,Present,
7472,748,2026-05-01,Present,
7473,748,2026-06-02,Present,
7474,748,2026-04-11,Present,
7475,748,2026-03-22,Present,
7476,748,2026-04-01,Present,
7477,748,2026-06-01,Present,
7478,748,2026-06-01,Present,
7479,748,2026-05-28,Absent,
7480,748,2026-04-07,Present,
7481,749,2026-05-19,Present,
7482,749,2026-05-04,Present,
7483,749,2026-05-01,Absent,Sick
7484,749,2026-04-27,Present,
7485,749,2026-05-06,Absent,Sick
7486,749,2026-05-07,Present,
7487,749,2026-06-08,Absent,Sick
7488,749,2026-05-24,Present,
7489,749,2026-04-14,Present,
7490,749,2026-05-09,Present,
7491,750,2026-04-25,Present,
7492,750,2026-04-11,Present,
7493,750,2026-04-03,Present,
7494,750,2026-04-30,Present,
7495,750,2026-03-21,Present,
7496,750,2026-06-08,Present,
7497,750,2026-04-30,Present,
7498,750,2026-05-03,Present,
7499,750,2026-03-30,Absent,
7500,750,2026-05-06,Present,
7501,751,2026-04-28,Present,
7502,751,2026-05-15,Absent,Sick
7503,751,2026-05-04,Present,
7504,751,2026-05-27,Present,
7505,751,2026-03-17,Present,
7506,751,2026-05-01,Present,
7507,751,2026-03-16,Present,
7508,751,2026-05-09,Present,
7509,751,2026-05-29,Present,
7510,751,2026-06-05,Present,
7511,752,2026-03-30,Present,
7512,752,2026-03-21,Present,
7513,752,2026-04-25,Present,
7514,752,2026-05-22,Present,
7515,752,2026-04-03,Present,
7516,752,2026-03-24,Present,
7517,752,2026-04-19,Present,
7518,752,2026-03-29,Present,
7519,752,2026-05-29,Present,
7520,752,2026-04-10,Present,
7521,753,2026-05-20,Present,
7522,753,2026-04-25,Present,
7523,753,2026-05-13,Present,
7524,753,2026-04-23,Present,
7525,753,2026-06-05,Present,
7526,753,2026-05-23,Present,
7527,753,2026-05-08,Present,
7528,753,2026-05-21,Present,
7529,753,2026-03-25,Present,
7530,753,2026-05-02,Present,
7531,754,2026-06-02,Present,
7532,754,2026-04-25,Present,
7533,754,2026-05-25,Present,
7534,754,2026-05-26,Present,
7535,754,2026-03-30,Present,
7536,754,2026-05-31,Absent,
7537,754,2026-05-29,Present,
7538,754,2026-05-16,Present,
7539,754,2026-04-03,Present,
7540,754,2026-05-08,Present,
7541,755,2026-04-15,Present,
7542,755,2026-05-17,Present,
7543,755,2026-04-14,Present,
7544,755,2026-03-18,Present,
7545,755,2026-05-26,Present,
7546,755,2026-06-07,Present,
7547,755,2026-05-02,Present,
7548,755,2026-04-18,Present,
7549,755,2026-04-21,Present,
7550,755,2026-04-01,Present,
7551,756,2026-05-25,Absent,
7552,756,2026-03-31,Present,
7553,756,2026-04-30,Present,
7554,756,2026-04-22,Absent,
7555,756,2026-05-06,Present,
7556,756,2026-05-14,Present,
7557,756,2026-04-13,Present,
7558,756,2026-03-27,Absent,
7559,756,2026-05-31,Present,
7560,756,2026-04-08,Present,
7561,757,2026-04-08,Present,
7562,757,2026-03-25,Present,
7563,757,2026-05-14,Present,
7564,757,2026-05-24,Present,
7565,757,2026-06-04,Present,
7566,757,2026-03-26,Present,
7567,757,2026-05-27,Absent,
7568,757,2026-05-26,Present,
7569,757,2026-05-23,Present,
7570,757,2026-05-09,Present,
7571,758,2026-05-23,Present,
7572,758,2026-03-27,Present,
7573,758,2026-03-31,Absent,
7574,758,2026-04-11,Present,
7575,758,2026-05-06,Present,
7576,758,2026-05-25,Present,
7577,758,2026-04-12,Present,
7578,758,2026-03-15,Present,
7579,758,2026-04-06,Present,
7580,758,2026-05-16,Present,
7581,759,2026-04-13,Absent,Sick
7582,759,2026-04-05,Present,
7583,759,2026-04-29,Present,
7584,759,2026-03-13,Present,
7585,759,2026-04-27,Present,
7586,759,2026-05-29,Present,
7587,759,2026-05-20,Present,
7588,759,2026-05-08,Present,
7589,759,2026-06-07,Present,
7590,759,2026-03-29,Present,
7591,760,2026-05-07,Present,
7592,760,2026-03-19,Present,
7593,760,2026-05-09,Present,
7594,760,2026-06-01,Present,
7595,760,2026-03-18,Present,
7596,760,2026-03-27,Present,
7597,760,2026-03-15,Present,
7598,760,2026-04-04,Present,
7599,760,2026-05-19,Present,
7600,760,2026-06-07,Present,
7601,761,2026-05-06,Present,
7602,761,2026-05-07,Present,
7603,761,2026-04-20,Present,
7604,761,2026-05-23,Present,
7605,761,2026-06-06,Present,
7606,761,2026-03-25,Present,
7607,761,2026-05-17,Present,
7608,761,2026-05-16,Present,
7609,761,2026-04-29,Present,
7610,761,2026-03-21,Present,
7611,762,2026-03-14,Present,
7612,762,2026-05-16,Present,
7613,762,2026-06-05,Present,
7614,762,2026-05-11,Absent,Sick
7615,762,2026-05-18,Present,
7616,762,2026-06-01,Present,
7617,762,2026-04-03,Present,
7618,762,2026-03-11,Present,
7619,762,2026-04-06,Present,
7620,762,2026-05-29,Present,
7621,763,2026-04-13,Present,
7622,763,2026-03-22,Present,
7623,763,2026-04-09,Present,
7624,763,2026-04-28,Present,
7625,763,2026-05-09,Present,
7626,763,2026-03-21,Present,
7627,763,2026-05-26,Present,
7628,763,2026-06-08,Present,
7629,763,2026-05-30,Present,
7630,763,2026-04-18,Present,
7631,764,2026-04-24,Present,
7632,764,2026-05-27,Present,
7633,764,2026-05-18,Present,
7634,764,2026-04-29,Present,
7635,764,2026-03-11,Present,
7636,764,2026-05-04,Present,
7637,764,2026-05-04,Present,
7638,764,2026-04-13,Present,
7639,764,2026-06-04,Present,
7640,764,2026-03-24,Present,
7641,765,2026-03-15,Present,
7642,765,2026-05-30,Present,
7643,765,2026-03-28,Present,
7644,765,2026-04-20,Present,
7645,765,2026-04-24,Present,
7646,765,2026-03-17,Present,
7647,765,2026-04-25,Present,
7648,765,2026-04-28,Present,
7649,765,2026-04-03,Present,
7650,765,2026-05-12,Present,
7651,766,2026-03-29,Present,
7652,766,2026-04-01,Present,
7653,766,2026-03-25,Present,
7654,766,2026-03-29,Present,
7655,766,2026-05-21,Present,
7656,766,2026-05-21,Present,
7657,766,2026-03-19,Present,
7658,766,2026-05-16,Present,
7659,766,2026-06-05,Present,
7660,766,2026-04-14,Present,
7661,767,2026-05-11,Present,
7662,767,2026-03-31,Present,
7663,767,2026-05-08,Present,
7664,767,2026-03-25,Absent,
7665,767,2026-03-20,Present,
7666,767,2026-05-20,Present,
7667,767,2026-03-28,Present,
7668,767,2026-03-21,Present,
7669,767,2026-06-01,Present,
7670,767,2026-03-18,Present,
7671,768,2026-05-08,Present,
7672,768,2026-05-30,Present,
7673,768,2026-04-05,Present,
7674,768,2026-04-16,Present,
7675,768,2026-06-01,Present,
7676,768,2026-03-11,Present,
7677,768,2026-04-30,Present,
7678,768,2026-05-29,Present,
7679,768,2026-04-14,Present,
7680,768,2026-05-21,Present,
7681,769,2026-04-04,Present,
7682,769,2026-03-28,Present,
7683,769,2026-03-23,Present,
7684,769,2026-06-03,Present,
7685,769,2026-04-29,Present,
7686,769,2026-05-31,Present,
7687,769,2026-05-31,Present,
7688,769,2026-04-16,Present,
7689,769,2026-04-28,Present,
7690,769,2026-03-26,Absent,
7691,770,2026-05-09,Present,
7692,770,2026-03-30,Present,
7693,770,2026-05-07,Present,
7694,770,2026-03-15,Present,
7695,770,2026-03-29,Present,
7696,770,2026-04-13,Present,
7697,770,2026-06-02,Present,
7698,770,2026-04-11,Present,
7699,770,2026-06-07,Present,
7700,770,2026-03-12,Present,
7701,771,2026-06-07,Present,
7702,771,2026-03-19,Present,
7703,771,2026-06-05,Present,
7704,771,2026-03-20,Present,
7705,771,2026-04-22,Present,
7706,771,2026-06-07,Present,
7707,771,2026-04-04,Present,
7708,771,2026-05-18,Present,
7709,771,2026-03-24,Present,
7710,771,2026-04-07,Present,
7711,772,2026-05-12,Present,
7712,772,2026-03-20,Present,
7713,772,2026-03-29,Present,
7714,772,2026-06-02,Present,
7715,772,2026-05-27,Present,
7716,772,2026-05-01,Present,
7717,772,2026-03-12,Present,
7718,772,2026-05-18,Present,
7719,772,2026-03-25,Present,
7720,772,2026-04-11,Present,
7721,773,2026-03-29,Present,
7722,773,2026-04-23,Present,
7723,773,2026-04-25,Present,
7724,773,2026-04-21,Present,
7725,773,2026-03-14,Present,
7726,773,2026-04-06,Present,
7727,773,2026-03-24,Present,
7728,773,2026-04-12,Present,
7729,773,2026-04-11,Present,
7730,773,2026-03-27,Present,
7731,774,2026-03-22,Present,
7732,774,2026-03-22,Present,
7733,774,2026-03-17,Present,
7734,774,2026-04-21,Present,
7735,774,2026-04-03,Present,
7736,774,2026-03-17,Present,
7737,774,2026-04-16,Present,
7738,774,2026-04-29,Present,
7739,774,2026-05-10,Present,
7740,774,2026-06-03,Present,
7741,775,2026-05-08,Present,
7742,775,2026-04-11,Present,
7743,775,2026-05-07,Present,
7744,775,2026-03-28,Present,
7745,775,2026-03-24,Absent,Sick
7746,775,2026-04-17,Present,
7747,775,2026-03-28,Present,
7748,775,2026-04-24,Present,
7749,775,2026-03-24,Present,
7750,775,2026-05-18,Present,
7751,776,2026-03-25,Present,
7752,776,2026-03-15,Present,
7753,776,2026-03-22,Present,
7754,776,2026-05-12,Present,
7755,776,2026-06-03,Present,
7756,776,2026-05-07,Present,
7757,776,2026-03-17,Present,
7758,776,2026-05-18,Present,
7759,776,2026-03-18,Present,
7760,776,2026-05-10,Present,
7761,777,2026-04-03,Absent,
7762,777,2026-05-20,Present,
7763,777,2026-03-31,Present,
7764,777,2026-05-30,Present,
7765,777,2026-04-29,Present,
7766,777,2026-03-16,Present,
7767,777,2026-04-24,Present,
7768,777,2026-03-22,Present,
7769,777,2026-05-02,Present,
7770,777,2026-05-03,Present,
7771,778,2026-05-25,Absent,
7772,778,2026-05-30,Absent,Sick
7773,778,2026-06-05,Present,
7774,778,2026-04-29,Present,
7775,778,2026-04-29,Present,
7776,778,2026-05-31,Present,
7777,778,2026-06-03,Present,
7778,778,2026-03-13,Present,
7779,778,2026-05-12,Present,
7780,778,2026-05-17,Present,
7781,779,2026-05-03,Present,
7782,779,2026-04-23,Present,
7783,779,2026-05-12,Present,
7784,779,2026-04-02,Present,
7785,779,2026-04-24,Present,
7786,779,2026-05-18,Present,
7787,779,2026-04-28,Present,
7788,779,2026-05-22,Present,
7789,779,2026-05-29,Present,
7790,779,2026-05-27,Present,
7791,780,2026-05-12,Present,
7792,780,2026-03-14,Present,
7793,780,2026-06-08,Present,
7794,780,2026-04-01,Present,
7795,780,2026-04-06,Present,
7796,780,2026-04-27,Present,
7797,780,2026-04-14,Present,
7798,780,2026-03-31,Present,
7799,780,2026-04-12,Present,
7800,780,2026-05-26,Present,
7801,781,2026-04-15,Present,
7802,781,2026-04-06,Present,
7803,781,2026-03-14,Present,
7804,781,2026-04-18,Present,
7805,781,2026-05-02,Present,
7806,781,2026-06-03,Present,
7807,781,2026-04-22,Present,
7808,781,2026-04-03,Present,
7809,781,2026-05-10,Present,
7810,781,2026-03-23,Present,
7811,782,2026-05-24,Present,
7812,782,2026-05-09,Present,
7813,782,2026-05-01,Present,
7814,782,2026-06-06,Present,
7815,782,2026-05-05,Present,
7816,782,2026-04-08,Present,
7817,782,2026-06-06,Present,
7818,782,2026-05-21,Present,
7819,782,2026-03-23,Present,
7820,782,2026-05-09,Present,
7821,783,2026-05-12,Present,
7822,783,2026-04-05,Present,
7823,783,2026-04-16,Present,
7824,783,2026-04-29,Present,
7825,783,2026-03-28,Present,
7826,783,2026-03-14,Present,
7827,783,2026-03-16,Present,
7828,783,2026-04-03,Present,
7829,783,2026-04-09,Present,
7830,783,2026-05-09,Present,
7831,784,2026-06-08,Present,
7832,784,2026-03-26,Present,
7833,784,2026-04-05,Present,
7834,784,2026-05-21,Present,
7835,784,2026-03-15,Present,
7836,784,2026-05-11,Present,
7837,784,2026-04-03,Present,
7838,784,2026-03-21,Present,
7839,784,2026-03-26,Present,
7840,784,2026-04-19,Absent,
7841,785,2026-03-21,Present,
7842,785,2026-04-29,Present,
7843,785,2026-04-19,Present,
7844,785,2026-03-14,Present,
7845,785,2026-05-29,Present,
7846,785,2026-04-08,Present,
7847,785,2026-03-22,Present,
7848,785,2026-05-20,Present,
7849,785,2026-05-07,Present,
7850,785,2026-03-13,Present,
7851,786,2026-04-25,Present,
7852,786,2026-05-27,Present,
7853,786,2026-03-14,Present,
7854,786,2026-05-08,Present,
7855,786,2026-04-13,Present,
7856,786,2026-03-31,Present,
7857,786,2026-05-25,Present,
7858,786,2026-04-25,Present,
7859,786,2026-04-25,Present,
7860,786,2026-06-03,Present,
7861,787,2026-04-12,Present,
7862,787,2026-06-05,Present,
7863,787,2026-03-19,Present,
7864,787,2026-05-06,Present,
7865,787,2026-05-22,Present,
7866,787,2026-03-11,Present,
7867,787,2026-05-14,Present,
7868,787,2026-04-16,Present,
7869,787,2026-05-27,Present,
7870,787,2026-06-01,Present,
7871,788,2026-05-13,Present,
7872,788,2026-04-30,Present,
7873,788,2026-03-11,Present,
7874,788,2026-03-23,Present,
7875,788,2026-05-22,Present,
7876,788,2026-06-02,Present,
7877,788,2026-05-20,Present,
7878,788,2026-04-03,Absent,Sick
7879,788,2026-04-03,Present,
7880,788,2026-04-10,Present,
7881,789,2026-04-01,Present,
7882,789,2026-05-26,Present,
7883,789,2026-03-18,Present,
7884,789,2026-04-28,Present,
7885,789,2026-05-07,Present,
7886,789,2026-04-08,Absent,
7887,789,2026-04-18,Present,
7888,789,2026-04-26,Present,
7889,789,2026-05-31,Present,
7890,789,2026-03-24,Present,
7891,790,2026-05-05,Present,
7892,790,2026-05-31,Absent,Sick
7893,790,2026-03-31,Present,
7894,790,2026-04-28,Present,
7895,790,2026-03-15,Absent,
7896,790,2026-04-17,Present,
7897,790,2026-05-27,Present,
7898,790,2026-04-29,Present,
7899,790,2026-04-03,Present,
7900,790,2026-05-07,Present,
7901,791,2026-04-08,Present,
7902,791,2026-03-18,Present,
7903,791,2026-05-16,Present,
7904,791,2026-04-30,Absent,
7905,791,2026-04-26,Present,
7906,791,2026-05-11,Present,
7907,791,2026-04-03,Present,
7908,791,2026-04-06,Present,
7909,791,2026-04-12,Present,
7910,791,2026-05-08,Present,
7911,792,2026-03-22,Present,
7912,792,2026-04-15,Present,
7913,792,2026-03-29,Present,
7914,792,2026-04-14,Present,
7915,792,2026-04-24,Present,
7916,792,2026-04-21,Present,
7917,792,2026-04-28,Present,
7918,792,2026-03-23,Present,
7919,792,2026-04-08,Present,
7920,792,2026-04-01,Present,
7921,793,2026-05-06,Present,
7922,793,2026-04-12,Present,
7923,793,2026-04-16,Present,
7924,793,2026-04-04,Present,
7925,793,2026-05-20,Absent,
7926,793,2026-04-25,Absent,
7927,793,2026-04-30,Present,
7928,793,2026-04-07,Present,
7929,793,2026-06-02,Present,
7930,793,2026-05-01,Present,
7931,794,2026-04-28,Present,
7932,794,2026-05-24,Present,
7933,794,2026-03-17,Present,
7934,794,2026-05-29,Present,
7935,794,2026-05-18,Present,
7936,794,2026-05-30,Absent,
7937,794,2026-04-03,Absent,
7938,794,2026-05-23,Present,
7939,794,2026-03-15,Present,
7940,794,2026-05-24,Present,
7941,795,2026-06-08,Present,
7942,795,2026-04-30,Present,
7943,795,2026-04-16,Present,
7944,795,2026-03-25,Present,
7945,795,2026-04-26,Present,
7946,795,2026-04-14,Present,
7947,795,2026-03-20,Present,
7948,795,2026-04-05,Absent,Sick
7949,795,2026-04-27,Present,
7950,795,2026-05-08,Present,
7951,796,2026-04-12,Present,
7952,796,2026-04-21,Present,
7953,796,2026-05-08,Present,
7954,796,2026-03-17,Present,
7955,796,2026-05-24,Present,
7956,796,2026-05-27,Absent,
7957,796,2026-05-04,Present,
7958,796,2026-03-14,Present,
7959,796,2026-04-22,Present,
7960,796,2026-05-06,Present,
7961,797,2026-03-20,Absent,Sick
7962,797,2026-03-12,Absent,Sick
7963,797,2026-05-27,Present,
7964,797,2026-05-20,Present,
7965,797,2026-03-13,Present,
7966,797,2026-05-13,Present,
7967,797,2026-05-05,Absent,
7968,797,2026-05-18,Present,
7969,797,2026-04-04,Absent,Sick
7970,797,2026-03-14,Present,
7971,798,2026-04-27,Present,
7972,798,2026-06-06,Present,
7973,798,2026-06-06,Present,
7974,798,2026-04-02,Present,
7975,798,2026-04-07,Present,
7976,798,2026-05-10,Present,
7977,798,2026-05-15,Present,
7978,798,2026-04-08,Present,
7979,798,2026-04-05,Present,
7980,798,2026-04-14,Present,
7981,799,2026-05-30,Present,
7982,799,2026-06-05,Present,
7983,799,2026-04-23,Present,
7984,799,2026-04-30,Present,
7985,799,2026-06-01,Present,
7986,799,2026-04-21,Present,
7987,799,2026-06-07,Present,
7988,799,2026-04-15,Present,
7989,799,2026-05-25,Absent,Sick
7990,799,2026-04-28,Present,
7991,800,2026-03-21,Absent,Sick
7992,800,2026-03-15,Present,
7993,800,2026-05-09,Present,
7994,800,2026-04-20,Present,
7995,800,2026-05-03,Present,
7996,800,2026-03-24,Present,
7997,800,2026-03-21,Present,
7998,800,2026-03-16,Present,
7999,800,2026-04-28,Present,
8000,800,2026-03-29,Present,
8001,801,2026-03-17,Present,
8002,801,2026-04-24,Absent,
8003,801,2026-05-06,Present,
8004,801,2026-03-21,Absent,Sick
8005,801,2026-06-07,Present,
8006,801,2026-05-19,Present,
8007,801,2026-04-08,Present,
8008,801,2026-03-17,Present,
8009,801,2026-04-11,Present,
8010,801,2026-04-17,Present,
8011,802,2026-05-04,Present,
8012,802,2026-03-12,Present,
8013,802,2026-05-29,Present,
8014,802,2026-03-26,Present,
8015,802,2026-04-25,Present,
8016,802,2026-03-26,Present,
8017,802,2026-04-29,Present,
8018,802,2026-03-28,Present,
8019,802,2026-06-07,Present,
8020,802,2026-05-29,Present,
8021,803,2026-04-05,Present,
8022,803,2026-03-19,Present,
8023,803,2026-05-20,Present,
8024,803,2026-06-05,Present,
8025,803,2026-03-27,Present,
8026,803,2026-03-19,Present,
8027,803,2026-05-16,Present,
8028,803,2026-05-02,Present,
8029,803,2026-05-24,Present,
8030,803,2026-03-25,Present,
8031,804,2026-05-08,Present,
8032,804,2026-04-29,Present,
8033,804,2026-03-24,Present,
8034,804,2026-04-07,Present,
8035,804,2026-04-28,Absent,
8036,804,2026-04-27,Present,
8037,804,2026-04-27,Present,
8038,804,2026-03-15,Present,
8039,804,2026-03-26,Present,
8040,804,2026-05-25,Present,
8041,805,2026-05-26,Present,
8042,805,2026-05-21,Present,
8043,805,2026-04-03,Present,
8044,805,2026-05-22,Present,
8045,805,2026-04-14,Present,
8046,805,2026-03-22,Present,
8047,805,2026-05-01,Present,
8048,805,2026-05-09,Present,
8049,805,2026-04-04,Present,
8050,805,2026-04-04,Present,
8051,806,2026-05-28,Present,
8052,806,2026-05-05,Present,
8053,806,2026-06-05,Present,
8054,806,2026-05-11,Present,
8055,806,2026-04-15,Present,
8056,806,2026-05-26,Present,
8057,806,2026-04-15,Present,
8058,806,2026-04-01,Present,
8059,806,2026-05-23,Present,
8060,806,2026-05-10,Present,
8061,807,2026-03-17,Present,
8062,807,2026-04-09,Present,
8063,807,2026-04-03,Present,
8064,807,2026-04-20,Present,
8065,807,2026-04-02,Present,
8066,807,2026-05-15,Present,
8067,807,2026-04-15,Absent,Sick
8068,807,2026-04-26,Present,
8069,807,2026-06-05,Present,
8070,807,2026-05-17,Present,
8071,808,2026-04-20,Present,
8072,808,2026-05-05,Absent,
8073,808,2026-03-31,Present,
8074,808,2026-05-15,Present,
8075,808,2026-03-16,Present,
8076,808,2026-05-30,Absent,Sick
8077,808,2026-05-02,Present,
8078,808,2026-05-04,Present,
8079,808,2026-04-17,Present,
8080,808,2026-03-13,Present,
8081,809,2026-05-31,Absent,Sick
8082,809,2026-05-22,Present,
8083,809,2026-05-06,Present,
8084,809,2026-05-22,Present,
8085,809,2026-04-29,Present,
8086,809,2026-05-11,Absent,Sick
8087,809,2026-06-05,Present,
8088,809,2026-05-18,Present,
8089,809,2026-04-17,Present,
8090,809,2026-05-19,Present,
8091,810,2026-05-03,Absent,Sick
8092,810,2026-06-06,Present,
8093,810,2026-06-05,Present,
8094,810,2026-05-26,Present,
8095,810,2026-04-12,Present,
8096,810,2026-05-06,Present,
8097,810,2026-04-14,Absent,Sick
8098,810,2026-04-13,Present,
8099,810,2026-04-24,Present,
8100,810,2026-04-23,Present,
8101,811,2026-06-08,Present,
8102,811,2026-04-06,Present,
8103,811,2026-06-01,Present,
8104,811,2026-04-23,Present,
8105,811,2026-05-10,Present,
8106,811,2026-04-08,Present,
8107,811,2026-04-08,Present,
8108,811,2026-04-13,Present,
8109,811,2026-04-22,Present,
8110,811,2026-05-29,Absent,
8111,812,2026-03-11,Present,
8112,812,2026-06-01,Present,
8113,812,2026-04-17,Present,
8114,812,2026-05-21,Present,
8115,812,2026-05-23,Present,
8116,812,2026-05-21,Present,
8117,812,2026-04-30,Present,
8118,812,2026-04-08,Present,
8119,812,2026-04-15,Present,
8120,812,2026-04-17,Present,
8121,813,2026-05-12,Present,
8122,813,2026-03-11,Present,
8123,813,2026-03-22,Present,
8124,813,2026-05-11,Present,
8125,813,2026-03-27,Present,
8126,813,2026-05-13,Present,
8127,813,2026-05-13,Absent,Sick
8128,813,2026-04-18,Present,
8129,813,2026-05-14,Present,
8130,813,2026-04-30,Present,
8131,814,2026-05-23,Present,
8132,814,2026-05-23,Absent,
8133,814,2026-06-01,Present,
8134,814,2026-04-23,Present,
8135,814,2026-03-20,Absent,Sick
8136,814,2026-05-17,Present,
8137,814,2026-03-30,Present,
8138,814,2026-05-22,Present,
8139,814,2026-06-08,Present,
8140,814,2026-06-02,Present,
8141,815,2026-03-29,Present,
8142,815,2026-05-14,Present,
8143,815,2026-05-12,Present,
8144,815,2026-05-19,Present,
8145,815,2026-03-29,Present,
8146,815,2026-05-15,Present,
8147,815,2026-03-14,Present,
8148,815,2026-04-30,Absent,Sick
8149,815,2026-05-23,Present,
8150,815,2026-03-22,Absent,Sick
8151,816,2026-03-25,Present,
8152,816,2026-05-22,Absent,
8153,816,2026-06-03,Present,
8154,816,2026-03-14,Present,
8155,816,2026-04-21,Present,
8156,816,2026-04-16,Present,
8157,816,2026-04-04,Present,
8158,816,2026-04-10,Present,
8159,816,2026-04-09,Absent,Sick
8160,816,2026-03-28,Present,
8161,817,2026-05-07,Present,
8162,817,2026-03-14,Present,
8163,817,2026-05-14,Absent,
8164,817,2026-03-13,Present,
8165,817,2026-05-05,Present,
8166,817,2026-04-21,Present,
8167,817,2026-05-13,Present,
8168,817,2026-03-12,Present,
8169,817,2026-04-30,Absent,
8170,817,2026-06-02,Present,
8171,818,2026-03-18,Present,
8172,818,2026-04-17,Absent,Sick
8173,818,2026-05-15,Present,
8174,818,2026-04-22,Present,
8175,818,2026-04-19,Present,
8176,818,2026-04-27,Present,
8177,818,2026-06-05,Present,
8178,818,2026-05-22,Present,
8179,818,2026-03-30,Present,
8180,818,2026-06-02,Present,
8181,819,2026-04-11,Present,
8182,819,2026-05-28,Present,
8183,819,2026-04-07,Present,
8184,819,2026-04-29,Present,
8185,819,2026-03-27,Present,
8186,819,2026-06-02,Present,
8187,819,2026-05-15,Present,
8188,819,2026-03-28,Present,
8189,819,2026-03-27,Present,
8190,819,2026-05-17,Present,
8191,820,2026-03-11,Present,
8192,820,2026-04-08,Present,
8193,820,2026-04-25,Present,
8194,820,2026-03-24,Present,
8195,820,2026-04-05,Absent,Sick
8196,820,2026-05-02,Absent,
8197,820,2026-03-24,Present,
8198,820,2026-03-18,Present,
8199,820,2026-04-27,Present,
8200,820,2026-04-01,Present,
8201,821,2026-05-01,Present,
8202,821,2026-04-28,Present,
8203,821,2026-05-02,Present,
8204,821,2026-05-19,Present,
8205,821,2026-03-11,Present,
8206,821,2026-04-01,Present,
8207,821,2026-05-28,Present,
8208,821,2026-03-25,Present,
8209,821,2026-05-31,Absent,
8210,821,2026-03-14,Present,
8211,822,2026-05-19,Present,
8212,822,2026-05-09,Present,
8213,822,2026-04-24,Present,
8214,822,2026-05-15,Present,
8215,822,2026-04-13,Present,
8216,822,2026-04-26,Present,
8217,822,2026-06-06,Present,
8218,822,2026-06-08,Present,
8219,822,2026-04-24,Absent,
8220,822,2026-05-19,Present,
8221,823,2026-03-31,Present,
8222,823,2026-04-25,Present,
8223,823,2026-03-19,Present,
8224,823,2026-05-28,Present,
8225,823,2026-04-23,Present,
8226,823,2026-03-24,Present,
8227,823,2026-04-27,Present,
8228,823,2026-05-29,Present,
8229,823,2026-04-23,Absent,
8230,823,2026-05-19,Present,
8231,824,2026-05-08,Present,
8232,824,2026-04-17,Present,
8233,824,2026-04-11,Present,
8234,824,2026-05-05,Present,
8235,824,2026-05-01,Present,
8236,824,2026-04-18,Present,
8237,824,2026-05-12,Present,
8238,824,2026-04-13,Present,
8239,824,2026-04-07,Present,
8240,824,2026-03-19,Present,
8241,825,2026-04-12,Present,
8242,825,2026-05-26,Present,
8243,825,2026-05-14,Present,
8244,825,2026-06-01,Present,
8245,825,2026-03-22,Present,
8246,825,2026-03-14,Present,
8247,825,2026-04-11,Present,
8248,825,2026-06-06,Present,
8249,825,2026-03-24,Present,
8250,825,2026-05-28,Present,
8251,826,2026-05-03,Present,
8252,826,2026-05-20,Present,
8253,826,2026-04-24,Present,
8254,826,2026-03-17,Present,
8255,826,2026-04-07,Present,
8256,826,2026-04-27,Present,
8257,826,2026-04-17,Present,
8258,826,2026-05-08,Present,
8259,826,2026-04-24,Present,
8260,826,2026-04-03,Present,
8261,827,2026-03-18,Present,
8262,827,2026-04-25,Present,
8263,827,2026-03-27,Present,
8264,827,2026-05-01,Present,
8265,827,2026-05-10,Present,
8266,827,2026-05-18,Present,
8267,827,2026-04-19,Present,
8268,827,2026-03-12,Present,
8269,827,2026-03-21,Present,
8270,827,2026-05-24,Present,
8271,828,2026-06-08,Present,
8272,828,2026-05-20,Present,
8273,828,2026-06-03,Present,
8274,828,2026-04-23,Absent,Sick
8275,828,2026-04-30,Present,
8276,828,2026-05-20,Present,
8277,828,2026-05-29,Present,
8278,828,2026-04-28,Present,
8279,828,2026-03-11,Present,
8280,828,2026-04-06,Present,
8281,829,2026-03-19,Present,
8282,829,2026-06-04,Present,
8283,829,2026-04-17,Present,
8284,829,2026-04-08,Present,
8285,829,2026-04-22,Present,
8286,829,2026-06-06,Present,
8287,829,2026-05-05,Present,
8288,829,2026-05-30,Present,
8289,829,2026-04-02,Present,
8290,829,2026-03-11,Present,
8291,830,2026-03-30,Present,
8292,830,2026-03-14,Present,
8293,830,2026-05-15,Present,
8294,830,2026-03-30,Present,
8295,830,2026-04-17,Present,
8296,830,2026-04-10,Present,
8297,830,2026-03-19,Present,
8298,830,2026-03-19,Present,
8299,830,2026-04-16,Present,
8300,830,2026-05-17,Present,
8301,831,2026-05-14,Present,
8302,831,2026-03-31,Present,
8303,831,2026-04-23,Present,
8304,831,2026-05-23,Present,
8305,831,2026-04-12,Absent,
8306,831,2026-03-20,Present,
8307,831,2026-04-05,Present,
8308,831,2026-05-22,Present,
8309,831,2026-04-04,Present,
8310,831,2026-04-22,Present,
8311,832,2026-05-09,Present,
8312,832,2026-04-01,Present,
8313,832,2026-06-06,Present,
8314,832,2026-06-01,Present,
8315,832,2026-03-30,Present,
8316,832,2026-04-03,Present,
8317,832,2026-03-21,Present,
8318,832,2026-05-14,Present,
8319,832,2026-05-07,Present,
8320,832,2026-04-20,Present,
8321,833,2026-06-08,Present,
8322,833,2026-05-11,Absent,Sick
8323,833,2026-04-26,Present,
8324,833,2026-06-06,Present,
8325,833,2026-03-16,Present,
8326,833,2026-05-23,Present,
8327,833,2026-04-29,Present,
8328,833,2026-04-23,Present,
8329,833,2026-04-30,Present,
8330,833,2026-04-14,Present,
8331,834,2026-05-02,Present,
8332,834,2026-05-04,Absent,
8333,834,2026-04-02,Present,
8334,834,2026-05-26,Present,
8335,834,2026-05-29,Present,
8336,834,2026-03-29,Present,
8337,834,2026-03-31,Present,
8338,834,2026-03-31,Present,
8339,834,2026-03-17,Present,
8340,834,2026-05-04,Present,
8341,835,2026-03-19,Present,
8342,835,2026-04-29,Present,
8343,835,2026-05-02,Present,
8344,835,2026-05-07,Present,
8345,835,2026-05-22,Present,
8346,835,2026-05-13,Present,
8347,835,2026-05-10,Present,
8348,835,2026-05-01,Present,
8349,835,2026-05-06,Present,
8350,835,2026-04-01,Present,
8351,836,2026-05-18,Absent,Sick
8352,836,2026-04-27,Absent,
8353,836,2026-05-03,Present,
8354,836,2026-05-06,Present,
8355,836,2026-05-22,Present,
8356,836,2026-05-06,Present,
8357,836,2026-04-04,Present,
8358,836,2026-05-13,Present,
8359,836,2026-04-09,Present,
8360,836,2026-06-03,Present,
8361,837,2026-04-03,Present,
8362,837,2026-03-28,Present,
8363,837,2026-05-19,Present,
8364,837,2026-05-06,Present,
8365,837,2026-06-08,Absent,
8366,837,2026-05-14,Present,
8367,837,2026-05-16,Present,
8368,837,2026-04-26,Present,
8369,837,2026-05-06,Present,
8370,837,2026-06-06,Present,
8371,838,2026-05-28,Present,
8372,838,2026-05-29,Present,
8373,838,2026-04-15,Present,
8374,838,2026-05-14,Present,
8375,838,2026-05-29,Present,
8376,838,2026-05-08,Present,
8377,838,2026-04-30,Present,
8378,838,2026-06-07,Absent,Sick
8379,838,2026-06-02,Present,
8380,838,2026-03-22,Present,
8381,839,2026-04-10,Present,
8382,839,2026-06-05,Present,
8383,839,2026-03-28,Present,
8384,839,2026-04-20,Present,
8385,839,2026-06-04,Absent,Sick
8386,839,2026-06-05,Present,
8387,839,2026-03-19,Present,
8388,839,2026-05-09,Present,
8389,839,2026-03-11,Present,
8390,839,2026-05-19,Present,
8391,840,2026-04-27,Absent,Sick
8392,840,2026-04-26,Absent,
8393,840,2026-03-30,Present,
8394,840,2026-04-12,Absent,
8395,840,2026-03-19,Present,
8396,840,2026-05-26,Present,
8397,840,2026-04-27,Present,
8398,840,2026-03-11,Present,
8399,840,2026-03-31,Present,
8400,840,2026-04-21,Present,
8401,841,2026-03-20,Present,
8402,841,2026-05-28,Present,
8403,841,2026-05-17,Absent,
8404,841,2026-06-03,Present,
8405,841,2026-05-21,Present,
8406,841,2026-03-25,Present,
8407,841,2026-04-21,Present,
8408,841,2026-03-18,Present,
8409,841,2026-06-02,Present,
8410,841,2026-05-09,Present,
8411,842,2026-04-04,Present,
8412,842,2026-03-28,Present,
8413,842,2026-05-01,Absent,
8414,842,2026-03-30,Present,
8415,842,2026-05-23,Present,
8416,842,2026-03-30,Present,
8417,842,2026-03-15,Present,
8418,842,2026-05-19,Present,
8419,842,2026-04-21,Present,
8420,842,2026-05-08,Present,
8421,843,2026-04-27,Absent,
8422,843,2026-04-19,Present,
8423,843,2026-04-06,Present,
8424,843,2026-05-06,Present,
8425,843,2026-05-28,Present,
8426,843,2026-03-23,Present,
8427,843,2026-05-25,Absent,
8428,843,2026-05-08,Present,
8429,843,2026-04-15,Present,
8430,843,2026-04-11,Absent,
8431,844,2026-05-24,Present,
8432,844,2026-05-09,Present,
8433,844,2026-04-21,Present,
8434,844,2026-04-08,Present,
8435,844,2026-04-02,Present,
8436,844,2026-05-19,Present,
8437,844,2026-05-08,Present,
8438,844,2026-04-17,Present,
8439,844,2026-06-06,Present,
8440,844,2026-05-01,Present,
8441,845,2026-03-11,Present,
8442,845,2026-06-07,Absent,Sick
8443,845,2026-04-11,Present,
8444,845,2026-06-03,Present,
8445,845,2026-04-08,Present,
8446,845,2026-04-22,Present,
8447,845,2026-04-28,Present,
8448,845,2026-03-31,Present,
8449,845,2026-05-21,Present,
8450,845,2026-05-19,Present,
8451,846,2026-04-20,Present,
8452,846,2026-04-25,Present,
8453,846,2026-05-14,Absent,Sick
8454,846,2026-04-20,Present,
8455,846,2026-05-05,Present,
8456,846,2026-05-30,Present,
8457,846,2026-05-09,Present,
8458,846,2026-04-26,Present,
8459,846,2026-05-09,Present,
8460,846,2026-05-29,Present,
8461,847,2026-05-29,Present,
8462,847,2026-05-11,Absent,
8463,847,2026-04-11,Present,
8464,847,2026-05-16,Present,
8465,847,2026-05-21,Present,
8466,847,2026-05-19,Present,
8467,847,2026-04-10,Present,
8468,847,2026-03-11,Present,
8469,847,2026-04-28,Present,
8470,847,2026-05-20,Present,
8471,848,2026-05-07,Present,
8472,848,2026-05-18,Present,
8473,848,2026-04-19,Present,
8474,848,2026-04-16,Present,
8475,848,2026-04-01,Present,
8476,848,2026-04-03,Present,
8477,848,2026-05-16,Present,
8478,848,2026-04-17,Present,
8479,848,2026-05-14,Present,
8480,848,2026-03-26,Present,
8481,849,2026-03-23,Present,
8482,849,2026-06-06,Present,
8483,849,2026-05-30,Present,
8484,849,2026-04-02,Present,
8485,849,2026-05-12,Present,
8486,849,2026-03-21,Present,
8487,849,2026-06-05,Present,
8488,849,2026-04-07,Present,
8489,849,2026-05-23,Present,
8490,849,2026-04-18,Present,
8491,850,2026-05-08,Present,
8492,850,2026-05-07,Present,
8493,850,2026-05-18,Present,
8494,850,2026-05-15,Present,
8495,850,2026-04-02,Present,
8496,850,2026-03-19,Present,
8497,850,2026-05-09,Absent,
8498,850,2026-06-04,Present,
8499,850,2026-04-26,Present,
8500,850,2026-04-07,Absent,Sick
8501,851,2026-03-14,Absent,
8502,851,2026-06-01,Present,
8503,851,2026-05-13,Present,
8504,851,2026-03-11,Present,
8505,851,2026-05-05,Present,
8506,851,2026-06-03,Present,
8507,851,2026-03-24,Present,
8508,851,2026-06-07,Present,
8509,851,2026-04-12,Present,
8510,851,2026-05-25,Present,
8511,852,2026-04-18,Present,
8512,852,2026-04-17,Present,
8513,852,2026-04-13,Present,
8514,852,2026-03-12,Present,
8515,852,2026-04-10,Present,
8516,852,2026-03-14,Present,
8517,852,2026-04-01,Present,
8518,852,2026-04-19,Present,
8519,852,2026-03-29,Present,
8520,852,2026-03-27,Present,
8521,853,2026-04-08,Present,
8522,853,2026-03-24,Present,
8523,853,2026-03-13,Present,
8524,853,2026-04-14,Present,
8525,853,2026-05-05,Present,
8526,853,2026-04-24,Present,
8527,853,2026-05-16,Present,
8528,853,2026-04-10,Present,
8529,853,2026-04-21,Present,
8530,853,2026-03-29,Present,
8531,854,2026-06-04,Present,
8532,854,2026-04-13,Present,
8533,854,2026-05-23,Present,
8534,854,2026-05-29,Present,
8535,854,2026-06-06,Present,
8536,854,2026-06-04,Present,
8537,854,2026-05-05,Present,
8538,854,2026-05-06,Present,
8539,854,2026-04-07,Present,
8540,854,2026-05-31,Present,
8541,855,2026-03-19,Present,
8542,855,2026-04-05,Present,
8543,855,2026-03-13,Absent,Sick
8544,855,2026-03-12,Present,
8545,855,2026-03-26,Present,
8546,855,2026-04-21,Present,
8547,855,2026-04-02,Present,
8548,855,2026-05-17,Present,
8549,855,2026-04-19,Present,
8550,855,2026-06-05,Present,
8551,856,2026-03-28,Present,
8552,856,2026-05-28,Absent,
8553,856,2026-04-30,Present,
8554,856,2026-05-28,Present,
8555,856,2026-05-27,Present,
8556,856,2026-05-02,Present,
8557,856,2026-05-12,Present,
8558,856,2026-05-21,Present,
8559,856,2026-04-12,Present,
8560,856,2026-05-14,Present,
8561,857,2026-04-27,Present,
8562,857,2026-04-21,Present,
8563,857,2026-04-22,Present,
8564,857,2026-06-04,Present,
8565,857,2026-05-10,Present,
8566,857,2026-05-15,Present,
8567,857,2026-03-26,Present,
8568,857,2026-05-03,Present,
8569,857,2026-04-02,Present,
8570,857,2026-03-22,Present,
8571,858,2026-04-14,Present,
8572,858,2026-04-24,Present,
8573,858,2026-04-16,Present,
8574,858,2026-04-20,Present,
8575,858,2026-04-05,Present,
8576,858,2026-05-08,Present,
8577,858,2026-05-01,Present,
8578,858,2026-05-23,Present,
8579,858,2026-03-21,Present,
8580,858,2026-04-23,Present,
8581,859,2026-05-30,Present,
8582,859,2026-03-11,Present,
8583,859,2026-04-16,Present,
8584,859,2026-05-31,Present,
8585,859,2026-04-09,Present,
8586,859,2026-03-28,Present,
8587,859,2026-05-22,Present,
8588,859,2026-03-21,Present,
8589,859,2026-04-10,Present,
8590,859,2026-04-03,Present,
8591,860,2026-05-10,Present,
8592,860,2026-03-21,Present,
8593,860,2026-03-18,Present,
8594,860,2026-06-05,Present,
8595,860,2026-05-01,Present,
8596,860,2026-05-14,Present,
8597,860,2026-05-17,Present,
8598,860,2026-05-08,Present,
8599,860,2026-04-02,Present,
8600,860,2026-04-29,Present,
8601,861,2026-04-20,Present,
8602,861,2026-03-29,Absent,Sick
8603,861,2026-03-12,Present,
8604,861,2026-05-16,Present,
8605,861,2026-05-20,Present,
8606,861,2026-05-31,Present,
8607,861,2026-05-18,Present,
8608,861,2026-04-21,Present,
8609,861,2026-04-07,Present,
8610,861,2026-05-24,Present,
8611,862,2026-03-30,Present,
8612,862,2026-04-19,Present,
8613,862,2026-03-20,Present,
8614,862,2026-03-22,Present,
8615,862,2026-03-29,Present,
8616,862,2026-06-08,Present,
8617,862,2026-05-03,Present,
8618,862,2026-03-20,Present,
8619,862,2026-03-27,Present,
8620,862,2026-03-19,Present,
8621,863,2026-03-28,Present,
8622,863,2026-05-26,Present,
8623,863,2026-03-13,Present,
8624,863,2026-04-21,Present,
8625,863,2026-05-17,Present,
8626,863,2026-03-25,Present,
8627,863,2026-04-16,Present,
8628,863,2026-04-02,Present,
8629,863,2026-05-20,Present,
8630,863,2026-05-17,Present,
8631,864,2026-04-20,Present,
8632,864,2026-04-18,Present,
8633,864,2026-04-13,Present,
8634,864,2026-04-20,Present,
8635,864,2026-03-18,Present,
8636,864,2026-06-07,Present,
8637,864,2026-03-25,Present,
8638,864,2026-05-16,Present,
8639,864,2026-04-10,Present,
8640,864,2026-04-15,Present,
8641,865,2026-04-20,Present,
8642,865,2026-04-13,Present,
8643,865,2026-03-13,Present,
8644,865,2026-05-01,Present,
8645,865,2026-05-09,Present,
8646,865,2026-04-23,Present,
8647,865,2026-04-17,Present,
8648,865,2026-05-17,Present,
8649,865,2026-03-21,Present,
8650,865,2026-03-13,Present,
8651,866,2026-03-19,Present,
8652,866,2026-03-20,Present,
8653,866,2026-05-27,Present,
8654,866,2026-06-01,Present,
8655,866,2026-03-24,Present,
8656,866,2026-05-20,Present,
8657,866,2026-04-11,Present,
8658,866,2026-04-12,Present,
8659,866,2026-05-30,Present,
8660,866,2026-06-01,Present,
8661,867,2026-06-07,Present,
8662,867,2026-03-24,Absent,
8663,867,2026-04-12,Present,
8664,867,2026-03-15,Present,
8665,867,2026-04-23,Present,
8666,867,2026-04-21,Present,
8667,867,2026-06-04,Absent,Sick
8668,867,2026-03-15,Present,
8669,867,2026-03-21,Present,
8670,867,2026-04-13,Present,
8671,868,2026-06-03,Present,
8672,868,2026-04-19,Present,
8673,868,2026-04-12,Present,
8674,868,2026-03-21,Present,
8675,868,2026-03-12,Present,
8676,868,2026-04-22,Present,
8677,868,2026-03-14,Present,
8678,868,2026-05-21,Present,
8679,868,2026-05-23,Absent,Sick
8680,868,2026-03-29,Present,
8681,869,2026-06-01,Present,
8682,869,2026-03-25,Present,
8683,869,2026-04-11,Present,
8684,869,2026-05-16,Absent,
8685,869,2026-05-05,Present,
8686,869,2026-04-01,Present,
8687,869,2026-04-22,Present,
8688,869,2026-05-30,Present,
8689,869,2026-05-01,Present,
8690,869,2026-06-02,Present,
8691,870,2026-05-20,Present,
8692,870,2026-03-21,Present,
8693,870,2026-03-27,Present,
8694,870,2026-04-08,Present,
8695,870,2026-05-15,Present,
8696,870,2026-05-11,Present,
8697,870,2026-05-04,Present,
8698,870,2026-05-25,Present,
8699,870,2026-06-06,Present,
8700,870,2026-03-12,Present,
8701,871,2026-04-11,Present,
8702,871,2026-04-20,Present,
8703,871,2026-05-31,Present,
8704,871,2026-05-10,Present,
8705,871,2026-05-04,Present,
8706,871,2026-04-20,Present,
8707,871,2026-05-26,Present,
8708,871,2026-06-03,Present,
8709,871,2026-05-06,Present,
8710,871,2026-03-28,Present,
8711,872,2026-06-04,Present,
8712,872,2026-05-13,Present,
8713,872,2026-03-27,Present,
8714,872,2026-03-18,Present,
8715,872,2026-03-21,Present,
8716,872,2026-05-19,Present,
8717,872,2026-06-08,Present,
8718,872,2026-05-12,Present,
8719,872,2026-04-23,Present,
8720,872,2026-04-22,Present,
8721,873,2026-04-19,Present,
8722,873,2026-05-16,Present,
8723,873,2026-03-26,Present,
8724,873,2026-05-23,Present,
8725,873,2026-04-11,Present,
8726,873,2026-05-24,Present,
8727,873,2026-04-11,Present,
8728,873,2026-04-17,Present,
8729,873,2026-05-18,Present,
8730,873,2026-05-27,Present,
8731,874,2026-03-14,Present,
8732,874,2026-05-17,Present,
8733,874,2026-05-11,Present,
8734,874,2026-03-12,Present,
8735,874,2026-04-10,Present,
8736,874,2026-05-12,Present,
8737,874,2026-06-01,Present,
8738,874,2026-03-16,Present,
8739,874,2026-03-18,Present,
8740,874,2026-04-26,Present,
8741,875,2026-05-27,Present,
8742,875,2026-05-22,Present,
8743,875,2026-05-27,Present,
8744,875,2026-03-14,Present,
8745,875,2026-05-21,Present,
8746,875,2026-04-14,Present,
8747,875,2026-06-05,Present,
8748,875,2026-05-12,Present,
8749,875,2026-04-07,Present,
8750,875,2026-04-29,Present,
8751,876,2026-05-01,Absent,
8752,876,2026-04-19,Absent,Sick
8753,876,2026-04-12,Present,
8754,876,2026-04-13,Present,
8755,876,2026-05-19,Absent,
8756,876,2026-05-18,Absent,
8757,876,2026-04-14,Absent,Sick
8758,876,2026-03-22,Present,
8759,876,2026-05-07,Present,
8760,876,2026-03-19,Present,
8761,877,2026-03-14,Present,
8762,877,2026-03-12,Present,
8763,877,2026-04-16,Present,
8764,877,2026-05-14,Present,
8765,877,2026-05-12,Present,
8766,877,2026-03-29,Present,
8767,877,2026-06-03,Present,
8768,877,2026-04-05,Present,
8769,877,2026-06-05,Present,
8770,877,2026-05-31,Present,
8771,878,2026-05-31,Present,
8772,878,2026-05-31,Present,
8773,878,2026-05-31,Present,
8774,878,2026-04-18,Present,
8775,878,2026-03-18,Present,
8776,878,2026-05-13,Present,
8777,878,2026-04-25,Present,
8778,878,2026-05-29,Present,
8779,878,2026-04-14,Present,
8780,878,2026-05-18,Present,
8781,879,2026-03-26,Present,
8782,879,2026-03-31,Present,
8783,879,2026-05-05,Absent,
8784,879,2026-03-21,Absent,
8785,879,2026-04-06,Present,
8786,879,2026-06-05,Present,
8787,879,2026-06-05,Absent,
8788,879,2026-05-18,Present,
8789,879,2026-03-14,Absent,Sick
8790,879,2026-04-04,Present,
8791,880,2026-05-27,Present,
8792,880,2026-04-05,Present,
8793,880,2026-04-18,Present,
8794,880,2026-05-19,Present,
8795,880,2026-06-02,Present,
8796,880,2026-03-19,Present,
8797,880,2026-06-04,Present,
8798,880,2026-05-30,Present,
8799,880,2026-04-06,Present,
8800,880,2026-03-25,Present,
8801,881,2026-06-04,Present,
8802,881,2026-03-20,Present,
8803,881,2026-03-12,Present,
8804,881,2026-06-06,Present,
8805,881,2026-05-10,Present,
8806,881,2026-03-22,Present,
8807,881,2026-06-08,Absent,Sick
8808,881,2026-03-19,Present,
8809,881,2026-04-11,Present,
8810,881,2026-04-18,Present,
8811,882,2026-05-30,Present,
8812,882,2026-04-29,Present,
8813,882,2026-05-18,Present,
8814,882,2026-05-15,Present,
8815,882,2026-06-06,Present,
8816,882,2026-04-03,Present,
8817,882,2026-05-20,Present,
8818,882,2026-04-02,Present,
8819,882,2026-04-24,Present,
8820,882,2026-05-23,Present,
8821,883,2026-05-28,Present,
8822,883,2026-04-06,Present,
8823,883,2026-04-25,Present,
8824,883,2026-04-29,Present,
8825,883,2026-03-25,Absent,Sick
8826,883,2026-05-04,Present,
8827,883,2026-04-27,Present,
8828,883,2026-05-15,Present,
8829,883,2026-05-06,Present,
8830,883,2026-03-28,Present,
8831,884,2026-04-13,Present,
8832,884,2026-03-14,Present,
8833,884,2026-05-28,Present,
8834,884,2026-04-16,Present,
8835,884,2026-03-22,Present,
8836,884,2026-05-10,Present,
8837,884,2026-03-30,Present,
8838,884,2026-04-23,Present,
8839,884,2026-05-01,Present,
8840,884,2026-04-22,Present,
8841,885,2026-03-30,Present,
8842,885,2026-03-11,Present,
8843,885,2026-03-13,Present,
8844,885,2026-05-19,Present,
8845,885,2026-05-30,Present,
8846,885,2026-05-11,Present,
8847,885,2026-03-17,Present,
8848,885,2026-04-28,Present,
8849,885,2026-03-23,Present,
8850,885,2026-05-09,Present,
8851,886,2026-04-28,Present,
8852,886,2026-04-28,Present,
8853,886,2026-06-03,Absent,
8854,886,2026-03-30,Absent,Sick
8855,886,2026-05-17,Present,
8856,886,2026-05-29,Present,
8857,886,2026-05-18,Absent,Sick
8858,886,2026-03-11,Present,
8859,886,2026-04-29,Present,
8860,886,2026-05-05,Present,
8861,887,2026-04-24,Present,
8862,887,2026-05-07,Present,
8863,887,2026-04-27,Present,
8864,887,2026-05-05,Present,
8865,887,2026-03-26,Present,
8866,887,2026-05-23,Present,
8867,887,2026-03-13,Present,
8868,887,2026-04-21,Present,
8869,887,2026-05-05,Present,
8870,887,2026-03-11,Present,
8871,888,2026-06-06,Present,
8872,888,2026-05-14,Absent,Sick
8873,888,2026-05-17,Absent,Sick
8874,888,2026-03-16,Present,
8875,888,2026-05-08,Absent,Sick
8876,888,2026-04-06,Present,
8877,888,2026-04-06,Present,
8878,888,2026-03-19,Present,
8879,888,2026-05-17,Present,
8880,888,2026-06-04,Present,
8881,889,2026-04-25,Present,
8882,889,2026-03-30,Present,
8883,889,2026-03-17,Present,
8884,889,2026-03-18,Present,
8885,889,2026-05-07,Present,
8886,889,2026-06-01,Present,
8887,889,2026-04-15,Present,
8888,889,2026-05-16,Present,
8889,889,2026-05-26,Present,
8890,889,2026-05-28,Present,
8891,890,2026-05-09,Present,
8892,890,2026-03-18,Present,
8893,890,2026-05-01,Present,
8894,890,2026-03-16,Present,
8895,890,2026-05-04,Present,
8896,890,2026-04-07,Absent,Sick
8897,890,2026-04-10,Present,
8898,890,2026-05-17,Present,
8899,890,2026-05-23,Present,
8900,890,2026-06-03,Present,
8901,891,2026-03-16,Present,
8902,891,2026-04-13,Present,
8903,891,2026-04-12,Present,
8904,891,2026-05-12,Present,
8905,891,2026-05-05,Present,
8906,891,2026-05-28,Present,
8907,891,2026-03-17,Present,
8908,891,2026-05-30,Present,
8909,891,2026-04-02,Present,
8910,891,2026-05-24,Present,
8911,892,2026-03-15,Present,
8912,892,2026-04-07,Present,
8913,892,2026-04-16,Present,
8914,892,2026-03-26,Present,
8915,892,2026-03-13,Present,
8916,892,2026-04-26,Present,
8917,892,2026-06-08,Present,
8918,892,2026-05-29,Present,
8919,892,2026-05-02,Present,
8920,892,2026-05-09,Present,
8921,893,2026-05-11,Present,
8922,893,2026-04-20,Absent,
8923,893,2026-04-02,Present,
8924,893,2026-03-28,Present,
8925,893,2026-03-11,Present,
8926,893,2026-05-25,Present,
8927,893,2026-05-02,Present,
8928,893,2026-04-29,Present,
8929,893,2026-03-27,Present,
8930,893,2026-04-17,Present,
8931,894,2026-05-28,Present,
8932,894,2026-03-11,Present,
8933,894,2026-03-21,Present,
8934,894,2026-04-04,Present,
8935,894,2026-05-31,Present,
8936,894,2026-05-31,Present,
8937,894,2026-05-06,Present,
8938,894,2026-05-02,Present,
8939,894,2026-05-31,Present,
8940,894,2026-03-18,Present,
8941,895,2026-06-01,Present,
8942,895,2026-04-26,Present,
8943,895,2026-04-12,Present,
8944,895,2026-04-12,Present,
8945,895,2026-06-04,Present,
8946,895,2026-05-03,Present,
8947,895,2026-06-07,Present,
8948,895,2026-03-11,Present,
8949,895,2026-05-18,Present,
8950,895,2026-05-01,Present,
8951,896,2026-05-08,Present,
8952,896,2026-04-18,Present,
8953,896,2026-03-16,Present,
8954,896,2026-04-06,Present,
8955,896,2026-04-28,Present,
8956,896,2026-03-21,Present,
8957,896,2026-04-07,Present,
8958,896,2026-04-06,Present,
8959,896,2026-04-06,Present,
8960,896,2026-05-23,Present,
8961,897,2026-05-24,Present,
8962,897,2026-06-07,Present,
8963,897,2026-03-16,Present,
8964,897,2026-03-18,Present,
8965,897,2026-04-07,Present,
8966,897,2026-06-01,Absent,Sick
8967,897,2026-03-17,Absent,
8968,897,2026-05-28,Present,
8969,897,2026-05-04,Present,
8970,897,2026-04-07,Present,
8971,898,2026-03-20,Present,
8972,898,2026-05-14,Present,
8973,898,2026-05-12,Present,
8974,898,2026-03-12,Absent,
8975,898,2026-03-31,Present,
8976,898,2026-05-25,Present,
8977,898,2026-03-12,Present,
8978,898,2026-05-14,Absent,
8979,898,2026-05-18,Present,
8980,898,2026-05-08,Present,
8981,899,2026-05-14,Present,
8982,899,2026-04-08,Present,
8983,899,2026-06-08,Absent,
8984,899,2026-04-30,Present,
8985,899,2026-04-07,Absent,Sick
8986,899,2026-05-09,Present,
8987,899,2026-04-26,Present,
8988,899,2026-05-07,Absent,
8989,899,2026-04-06,Present,
8990,899,2026-06-01,Present,
8991,900,2026-05-06,Present,
8992,900,2026-05-30,Present,
8993,900,2026-06-05,Present,
8994,900,2026-03-24,Present,
8995,900,2026-04-20,Present,
8996,900,2026-04-03,Present,
8997,900,2026-04-06,Present,
8998,900,2026-03-21,Present,
8999,900,2026-03-20,Present,
9000,900,2026-05-17,Absent,Sick
9001,901,2026-03-13,Present,
9002,901,2026-04-28,Present,
9003,901,2026-03-15,Present,
9004,901,2026-04-12,Present,
9005,901,2026-03-26,Present,
9006,901,2026-03-26,Present,
9007,901,2026-03-23,Present,
9008,901,2026-05-07,Present,
9009,901,2026-04-17,Present,
9010,901,2026-05-15,Present,
9011,902,2026-05-18,Present,
9012,902,2026-04-05,Present,
9013,902,2026-03-19,Present,
9014,902,2026-05-31,Present,
9015,902,2026-05-18,Present,
9016,902,2026-05-08,Present,
9017,902,2026-04-29,Present,
9018,902,2026-05-03,Absent,
9019,902,2026-03-18,Present,
9020,902,2026-04-04,Present,
9021,903,2026-05-10,Present,
9022,903,2026-05-08,Present,
9023,903,2026-05-03,Present,
9024,903,2026-03-25,Present,
9025,903,2026-03-28,Present,
9026,903,2026-06-05,Present,
9027,903,2026-05-26,Present,
9028,903,2026-05-22,Present,
9029,903,2026-04-26,Present,
9030,903,2026-05-24,Present,
9031,904,2026-04-05,Present,
9032,904,2026-04-19,Present,
9033,904,2026-06-03,Present,
9034,904,2026-04-10,Present,
9035,904,2026-04-01,Present,
9036,904,2026-05-03,Present,
9037,904,2026-05-27,Present,
9038,904,2026-03-20,Present,
9039,904,2026-05-12,Present,
9040,904,2026-03-27,Present,
9041,905,2026-04-21,Present,
9042,905,2026-04-01,Present,
9043,905,2026-04-12,Present,
9044,905,2026-04-11,Present,
9045,905,2026-05-09,Present,
9046,905,2026-04-18,Present,
9047,905,2026-03-30,Present,
9048,905,2026-04-15,Present,
9049,905,2026-05-11,Present,
9050,905,2026-05-28,Present,
9051,906,2026-06-07,Present,
9052,906,2026-05-20,Present,
9053,906,2026-05-13,Absent,Sick
9054,906,2026-04-28,Present,
9055,906,2026-03-19,Present,
9056,906,2026-04-02,Present,
9057,906,2026-05-25,Absent,
9058,906,2026-04-26,Present,
9059,906,2026-05-20,Present,
9060,906,2026-03-26,Present,
9061,907,2026-05-28,Present,
9062,907,2026-04-08,Present,
9063,907,2026-03-23,Present,
9064,907,2026-06-08,Present,
9065,907,2026-04-03,Present,
9066,907,2026-04-26,Present,
9067,907,2026-04-01,Present,
9068,907,2026-05-26,Present,
9069,907,2026-06-01,Present,
9070,907,2026-04-11,Present,
9071,908,2026-05-21,Present,
9072,908,2026-04-04,Present,
9073,908,2026-04-30,Present,
9074,908,2026-05-04,Present,
9075,908,2026-03-21,Present,
9076,908,2026-04-24,Present,
9077,908,2026-04-30,Present,
9078,908,2026-03-23,Present,
9079,908,2026-05-30,Present,
9080,908,2026-05-25,Present,
9081,909,2026-05-04,Present,
9082,909,2026-05-04,Present,
9083,909,2026-04-07,Present,
9084,909,2026-03-26,Present,
9085,909,2026-04-11,Present,
9086,909,2026-03-30,Present,
9087,909,2026-03-24,Present,
9088,909,2026-05-10,Present,
9089,909,2026-04-16,Present,
9090,909,2026-04-12,Present,
9091,910,2026-05-13,Present,
9092,910,2026-05-29,Present,
9093,910,2026-04-23,Present,
9094,910,2026-03-23,Present,
9095,910,2026-03-27,Present,
9096,910,2026-03-31,Present,
9097,910,2026-04-22,Absent,
9098,910,2026-03-30,Present,
9099,910,2026-04-22,Present,
9100,910,2026-05-03,Present,
9101,911,2026-03-12,Present,
9102,911,2026-03-27,Present,
9103,911,2026-04-14,Present,
9104,911,2026-03-14,Present,
9105,911,2026-04-21,Present,
9106,911,2026-04-03,Present,
9107,911,2026-05-12,Present,
9108,911,2026-05-19,Present,
9109,911,2026-04-29,Present,
9110,911,2026-05-08,Present,
9111,912,2026-05-10,Present,
9112,912,2026-05-26,Present,
9113,912,2026-04-22,Present,
9114,912,2026-03-14,Present,
9115,912,2026-04-24,Present,
9116,912,2026-04-07,Present,
9117,912,2026-04-03,Present,
9118,912,2026-03-27,Present,
9119,912,2026-03-23,Present,
9120,912,2026-04-04,Present,
9121,913,2026-03-28,Present,
9122,913,2026-05-03,Present,
9123,913,2026-03-23,Present,
9124,913,2026-04-30,Present,
9125,913,2026-05-20,Present,
9126,913,2026-04-07,Present,
9127,913,2026-05-13,Present,
9128,913,2026-04-20,Present,
9129,913,2026-05-30,Present,
9130,913,2026-04-06,Present,
9131,914,2026-06-06,Present,
9132,914,2026-03-26,Present,
9133,914,2026-05-25,Present,
9134,914,2026-06-01,Present,
9135,914,2026-04-18,Present,
9136,914,2026-04-09,Present,
9137,914,2026-03-29,Present,
9138,914,2026-06-06,Present,
9139,914,2026-03-20,Present,
9140,914,2026-05-18,Present,
9141,915,2026-04-14,Present,
9142,915,2026-03-20,Present,
9143,915,2026-05-03,Present,
9144,915,2026-03-23,Present,
9145,915,2026-04-03,Present,
9146,915,2026-04-18,Present,
9147,915,2026-05-01,Present,
9148,915,2026-03-26,Present,
9149,915,2026-05-28,Present,
9150,915,2026-04-08,Present,
9151,916,2026-05-28,Present,
9152,916,2026-03-30,Present,
9153,916,2026-03-26,Present,
9154,916,2026-03-15,Present,
9155,916,2026-05-08,Present,
9156,916,2026-05-19,Present,
9157,916,2026-06-03,Present,
9158,916,2026-05-15,Present,
9159,916,2026-05-27,Present,
9160,916,2026-04-11,Absent,Sick
9161,917,2026-05-11,Absent,
9162,917,2026-03-26,Present,
9163,917,2026-04-02,Present,
9164,917,2026-05-25,Present,
9165,917,2026-05-11,Present,
9166,917,2026-04-22,Absent,
9167,917,2026-05-24,Absent,Sick
9168,917,2026-04-30,Present,
9169,917,2026-04-19,Present,
9170,917,2026-03-27,Present,
9171,918,2026-05-01,Present,
9172,918,2026-05-25,Present,
9173,918,2026-03-25,Present,
9174,918,2026-04-08,Present,
9175,918,2026-06-03,Absent,
9176,918,2026-04-13,Present,
9177,918,2026-05-24,Present,
9178,918,2026-06-04,Present,
9179,918,2026-05-23,Present,
9180,918,2026-04-10,Present,
9181,919,2026-05-11,Present,
9182,919,2026-06-03,Absent,
9183,919,2026-05-29,Present,
9184,919,2026-06-06,Present,
9185,919,2026-03-26,Present,
9186,919,2026-06-02,Present,
9187,919,2026-05-19,Present,
9188,919,2026-05-08,Present,
9189,919,2026-05-02,Present,
9190,919,2026-03-29,Present,
9191,920,2026-03-15,Present,
9192,920,2026-05-15,Absent,
9193,920,2026-03-25,Present,
9194,920,2026-05-05,Present,
9195,920,2026-05-23,Present,
9196,920,2026-05-02,Present,
9197,920,2026-05-16,Present,
9198,920,2026-05-14,Present,
9199,920,2026-05-14,Present,
9200,920,2026-05-06,Present,
9201,921,2026-05-23,Absent,Sick
9202,921,2026-04-09,Present,
9203,921,2026-05-28,Absent,
9204,921,2026-06-02,Present,
9205,921,2026-05-21,Present,
9206,921,2026-03-24,Present,
9207,921,2026-05-26,Present,
9208,921,2026-06-07,Present,
9209,921,2026-06-08,Present,
9210,921,2026-03-31,Present,
9211,922,2026-03-28,Present,
9212,922,2026-03-31,Present,
9213,922,2026-04-15,Present,
9214,922,2026-03-17,Present,
9215,922,2026-04-06,Present,
9216,922,2026-04-02,Present,
9217,922,2026-04-12,Present,
9218,922,2026-03-31,Present,
9219,922,2026-03-23,Present,
9220,922,2026-05-03,Present,
9221,923,2026-03-21,Present,
9222,923,2026-03-13,Present,
9223,923,2026-04-04,Present,
9224,923,2026-03-16,Present,
9225,923,2026-05-08,Present,
9226,923,2026-03-22,Present,
9227,923,2026-05-01,Present,
9228,923,2026-04-17,Present,
9229,923,2026-03-30,Present,
9230,923,2026-05-05,Present,
9231,924,2026-04-22,Present,
9232,924,2026-05-26,Present,
9233,924,2026-03-11,Present,
9234,924,2026-05-06,Present,
9235,924,2026-05-05,Present,
9236,924,2026-03-19,Present,
9237,924,2026-05-11,Present,
9238,924,2026-05-31,Present,
9239,924,2026-04-08,Present,
9240,924,2026-06-05,Present,
9241,925,2026-05-26,Present,
9242,925,2026-04-19,Present,
9243,925,2026-03-23,Present,
9244,925,2026-03-29,Present,
9245,925,2026-05-13,Present,
9246,925,2026-05-03,Absent,Sick
9247,925,2026-03-31,Present,
9248,925,2026-05-04,Present,
9249,925,2026-05-22,Present,
9250,925,2026-05-02,Absent,
9251,926,2026-04-10,Present,
9252,926,2026-04-06,Present,
9253,926,2026-04-28,Present,
9254,926,2026-05-31,Present,
9255,926,2026-06-02,Present,
9256,926,2026-03-28,Present,
9257,926,2026-05-01,Present,
9258,926,2026-05-27,Present,
9259,926,2026-03-26,Present,
9260,926,2026-03-19,Present,
9261,927,2026-05-11,Present,
9262,927,2026-04-23,Present,
9263,927,2026-03-18,Present,
9264,927,2026-03-28,Present,
9265,927,2026-04-25,Present,
9266,927,2026-04-25,Present,
9267,927,2026-03-31,Present,
9268,927,2026-05-14,Present,
9269,927,2026-04-10,Present,
9270,927,2026-04-23,Present,
9271,928,2026-04-22,Present,
9272,928,2026-04-24,Present,
9273,928,2026-03-19,Present,
9274,928,2026-03-14,Present,
9275,928,2026-05-06,Present,
9276,928,2026-04-16,Present,
9277,928,2026-05-14,Absent,Sick
9278,928,2026-05-05,Present,
9279,928,2026-03-11,Present,
9280,928,2026-04-09,Present,
9281,929,2026-06-03,Present,
9282,929,2026-03-14,Present,
9283,929,2026-05-18,Present,
9284,929,2026-03-28,Present,
9285,929,2026-03-23,Present,
9286,929,2026-03-16,Present,
9287,929,2026-05-23,Present,
9288,929,2026-04-21,Present,
9289,929,2026-04-26,Present,
9290,929,2026-05-18,Present,
9291,930,2026-06-06,Present,
9292,930,2026-04-05,Present,
9293,930,2026-03-15,Present,
9294,930,2026-03-18,Present,
9295,930,2026-05-13,Present,
9296,930,2026-04-28,Present,
9297,930,2026-04-07,Present,
9298,930,2026-03-11,Present,
9299,930,2026-04-02,Present,
9300,930,2026-03-28,Absent,
9301,931,2026-03-12,Present,
9302,931,2026-04-07,Present,
9303,931,2026-05-14,Present,
9304,931,2026-04-22,Present,
9305,931,2026-04-08,Present,
9306,931,2026-05-14,Present,
9307,931,2026-03-31,Present,
9308,931,2026-05-14,Present,
9309,931,2026-06-05,Present,
9310,931,2026-06-04,Present,
9311,932,2026-03-30,Present,
9312,932,2026-04-13,Present,
9313,932,2026-03-11,Present,
9314,932,2026-06-08,Present,
9315,932,2026-04-17,Present,
9316,932,2026-05-08,Present,
9317,932,2026-04-17,Present,
9318,932,2026-04-04,Absent,Sick
9319,932,2026-05-27,Present,
9320,932,2026-03-13,Present,
9321,933,2026-04-18,Present,
9322,933,2026-05-01,Present,
9323,933,2026-04-22,Present,
9324,933,2026-03-11,Present,
9325,933,2026-03-21,Present,
9326,933,2026-04-11,Present,
9327,933,2026-05-11,Present,
9328,933,2026-03-17,Present,
9329,933,2026-05-05,Present,
9330,933,2026-06-08,Present,
9331,934,2026-05-17,Present,
9332,934,2026-04-12,Present,
9333,934,2026-06-06,Present,
9334,934,2026-06-08,Present,
9335,934,2026-03-13,Absent,Sick
9336,934,2026-03-11,Present,
9337,934,2026-05-19,Present,
9338,934,2026-05-09,Absent,Sick
9339,934,2026-03-28,Present,
9340,934,2026-05-24,Present,
9341,935,2026-03-14,Present,
9342,935,2026-04-03,Present,
9343,935,2026-05-22,Present,
9344,935,2026-03-26,Present,
9345,935,2026-03-29,Present,
9346,935,2026-06-05,Present,
9347,935,2026-03-12,Present,
9348,935,2026-03-18,Present,
9349,935,2026-03-19,Present,
9350,935,2026-03-28,Absent,
9351,936,2026-04-09,Present,
9352,936,2026-05-04,Present,
9353,936,2026-05-15,Present,
9354,936,2026-04-30,Present,
9355,936,2026-04-18,Present,
9356,936,2026-05-01,Present,
9357,936,2026-04-04,Present,
9358,936,2026-04-27,Present,
9359,936,2026-05-05,Present,
9360,936,2026-03-25,Present,
9361,937,2026-04-15,Present,
9362,937,2026-04-02,Present,
9363,937,2026-06-01,Present,
9364,937,2026-03-12,Present,
9365,937,2026-04-25,Present,
9366,937,2026-04-14,Present,
9367,937,2026-05-31,Present,
9368,937,2026-04-16,Present,
9369,937,2026-06-05,Present,
9370,937,2026-05-06,Present,
9371,938,2026-06-05,Present,
9372,938,2026-03-17,Present,
9373,938,2026-05-13,Present,
9374,938,2026-04-24,Present,
9375,938,2026-04-24,Present,
9376,938,2026-03-22,Present,
9377,938,2026-05-14,Present,
9378,938,2026-04-14,Present,
9379,938,2026-03-23,Present,
9380,938,2026-03-13,Present,
9381,939,2026-05-08,Present,
9382,939,2026-06-03,Present,
9383,939,2026-03-27,Present,
9384,939,2026-04-25,Present,
9385,939,2026-06-01,Absent,
9386,939,2026-04-25,Present,
9387,939,2026-03-17,Present,
9388,939,2026-04-18,Present,
9389,939,2026-05-14,Present,
9390,939,2026-05-14,Present,
9391,940,2026-04-10,Present,
9392,940,2026-05-15,Present,
9393,940,2026-05-30,Present,
9394,940,2026-05-13,Present,
9395,940,2026-04-17,Present,
9396,940,2026-04-11,Present,
9397,940,2026-03-17,Present,
9398,940,2026-04-29,Present,
9399,940,2026-05-06,Present,
9400,940,2026-06-05,Absent,Sick
9401,941,2026-05-10,Present,
9402,941,2026-04-11,Present,
9403,941,2026-03-15,Present,
9404,941,2026-04-07,Present,
9405,941,2026-05-09,Present,
9406,941,2026-04-03,Present,
9407,941,2026-03-30,Present,
9408,941,2026-04-30,Present,
9409,941,2026-04-14,Present,
9410,941,2026-05-16,Present,
9411,942,2026-05-22,Absent,Sick
9412,942,2026-05-11,Present,
9413,942,2026-04-09,Present,
9414,942,2026-04-07,Present,
9415,942,2026-05-10,Present,
9416,942,2026-05-09,Present,
9417,942,2026-03-12,Present,
9418,942,2026-04-16,Present,
9419,942,2026-06-08,Present,
9420,942,2026-03-27,Present,
9421,943,2026-06-04,Absent,
9422,943,2026-04-18,Present,
9423,943,2026-04-06,Present,
9424,943,2026-04-27,Present,
9425,943,2026-04-08,Present,
9426,943,2026-05-12,Present,
9427,943,2026-04-23,Present,
9428,943,2026-05-09,Present,
9429,943,2026-06-07,Present,
9430,943,2026-04-05,Present,
9431,944,2026-05-20,Present,
9432,944,2026-04-27,Present,
9433,944,2026-05-23,Present,
9434,944,2026-05-14,Present,
9435,944,2026-04-04,Present,
9436,944,2026-04-27,Present,
9437,944,2026-03-20,Present,
9438,944,2026-05-03,Present,
9439,944,2026-05-31,Present,
9440,944,2026-04-02,Present,
9441,945,2026-05-20,Absent,
9442,945,2026-05-24,Present,
9443,945,2026-05-23,Present,
9444,945,2026-05-22,Absent,
9445,945,2026-03-26,Present,
9446,945,2026-03-12,Present,
9447,945,2026-05-25,Present,
9448,945,2026-04-15,Present,
9449,945,2026-04-11,Absent,
9450,945,2026-05-13,Present,
9451,946,2026-04-05,Present,
9452,946,2026-04-29,Present,
9453,946,2026-04-30,Present,
9454,946,2026-04-22,Present,
9455,946,2026-05-08,Present,
9456,946,2026-05-13,Present,
9457,946,2026-05-29,Absent,
9458,946,2026-04-02,Present,
9459,946,2026-05-02,Present,
9460,946,2026-05-01,Present,
9461,947,2026-04-23,Present,
9462,947,2026-05-19,Absent,
9463,947,2026-05-08,Present,
9464,947,2026-04-21,Present,
9465,947,2026-06-02,Present,
9466,947,2026-03-27,Present,
9467,947,2026-05-06,Present,
9468,947,2026-03-24,Present,
9469,947,2026-04-01,Present,
9470,947,2026-05-29,Present,
9471,948,2026-04-26,Present,
9472,948,2026-03-20,Present,
9473,948,2026-04-07,Present,
9474,948,2026-05-20,Present,
9475,948,2026-03-12,Present,
9476,948,2026-05-13,Present,
9477,948,2026-05-15,Present,
9478,948,2026-05-21,Present,
9479,948,2026-04-29,Absent,Sick
9480,948,2026-04-27,Present,
9481,949,2026-05-29,Present,
9482,949,2026-04-12,Present,
9483,949,2026-04-14,Present,
9484,949,2026-04-17,Present,
9485,949,2026-03-14,Present,
9486,949,2026-04-16,Present,
9487,949,2026-04-15,Present,
9488,949,2026-04-30,Present,
9489,949,2026-06-05,Present,
9490,949,2026-05-02,Present,
9491,950,2026-03-31,Present,
9492,950,2026-03-31,Present,
9493,950,2026-06-06,Present,
9494,950,2026-05-10,Present,
9495,950,2026-03-28,Present,
9496,950,2026-03-28,Present,
9497,950,2026-05-24,Present,
9498,950,2026-05-25,Present,
9499,950,2026-05-21,Present,
9500,950,2026-04-13,Present,
9501,951,2026-04-07,Present,
9502,951,2026-05-13,Present,
9503,951,2026-06-04,Present,
9504,951,2026-05-26,Present,
9505,951,2026-05-03,Present,
9506,951,2026-05-05,Present,
9507,951,2026-05-07,Present,
9508,951,2026-04-13,Present,
9509,951,2026-06-08,Present,
9510,951,2026-05-22,Present,
9511,952,2026-05-12,Present,
9512,952,2026-05-29,Present,
9513,952,2026-06-04,Absent,Sick
9514,952,2026-05-25,Present,
9515,952,2026-03-24,Absent,
9516,952,2026-06-08,Present,
9517,952,2026-03-21,Present,
9518,952,2026-05-18,Present,
9519,952,2026-05-06,Present,
9520,952,2026-05-17,Present,
9521,953,2026-05-27,Present,
9522,953,2026-05-07,Present,
9523,953,2026-04-26,Present,
9524,953,2026-04-26,Present,
9525,953,2026-03-17,Present,
9526,953,2026-03-18,Present,
9527,953,2026-05-26,Present,
9528,953,2026-03-13,Present,
9529,953,2026-05-23,Present,
9530,953,2026-03-30,Absent,
9531,954,2026-05-10,Present,
9532,954,2026-05-18,Present,
9533,954,2026-06-02,Present,
9534,954,2026-05-29,Present,
9535,954,2026-05-10,Present,
9536,954,2026-06-01,Present,
9537,954,2026-04-06,Absent,
9538,954,2026-06-08,Present,
9539,954,2026-05-06,Present,
9540,954,2026-05-02,Present,
9541,955,2026-05-22,Absent,
9542,955,2026-05-30,Present,
9543,955,2026-04-02,Absent,Sick
9544,955,2026-05-15,Present,
9545,955,2026-06-03,Present,
9546,955,2026-04-30,Present,
9547,955,2026-05-16,Present,
9548,955,2026-05-24,Absent,Sick
9549,955,2026-05-06,Present,
9550,955,2026-04-03,Present,
9551,956,2026-04-29,Present,
9552,956,2026-03-23,Present,
9553,956,2026-04-10,Present,
9554,956,2026-05-28,Present,
9555,956,2026-05-31,Absent,Sick
9556,956,2026-03-11,Present,
9557,956,2026-04-03,Present,
9558,956,2026-03-13,Present,
9559,956,2026-04-06,Present,
9560,956,2026-05-31,Present,
9561,957,2026-04-20,Absent,Sick
9562,957,2026-05-07,Absent,
9563,957,2026-06-06,Present,
9564,957,2026-04-22,Present,
9565,957,2026-04-04,Absent,
9566,957,2026-05-21,Present,
9567,957,2026-05-13,Absent,
9568,957,2026-04-29,Present,
9569,957,2026-06-07,Present,
9570,957,2026-05-05,Present,
9571,958,2026-05-07,Present,
9572,958,2026-03-14,Present,
9573,958,2026-03-24,Present,
9574,958,2026-03-17,Present,
9575,958,2026-04-15,Present,
9576,958,2026-05-06,Present,
9577,958,2026-05-08,Present,
9578,958,2026-03-19,Present,
9579,958,2026-05-08,Present,
9580,958,2026-04-19,Present,
9581,959,2026-05-01,Present,
9582,959,2026-05-17,Present,
9583,959,2026-04-27,Present,
9584,959,2026-05-27,Present,
9585,959,2026-05-30,Present,
9586,959,2026-04-22,Present,
9587,959,2026-06-04,Absent,
9588,959,2026-04-28,Absent,
9589,959,2026-05-08,Present,
9590,959,2026-04-24,Present,
9591,960,2026-04-21,Absent,Sick
9592,960,2026-04-29,Present,
9593,960,2026-04-25,Present,
9594,960,2026-03-26,Present,
9595,960,2026-03-19,Present,
9596,960,2026-04-13,Present,
9597,960,2026-04-14,Present,
9598,960,2026-03-14,Present,
9599,960,2026-04-28,Present,
9600,960,2026-04-07,Present,
9601,961,2026-04-22,Present,
9602,961,2026-04-05,Present,
9603,961,2026-04-30,Present,
9604,961,2026-04-04,Present,
9605,961,2026-04-23,Present,
9606,961,2026-05-07,Present,
9607,961,2026-05-25,Present,
9608,961,2026-05-18,Present,
9609,961,2026-03-29,Present,
9610,961,2026-03-24,Present,
9611,962,2026-04-23,Present,
9612,962,2026-05-20,Present,
9613,962,2026-03-28,Present,
9614,962,2026-05-05,Present,
9615,962,2026-05-04,Present,
9616,962,2026-05-27,Present,
9617,962,2026-04-27,Present,
9618,962,2026-03-14,Present,
9619,962,2026-05-15,Present,
9620,962,2026-05-12,Present,
9621,963,2026-05-18,Present,
9622,963,2026-04-26,Present,
9623,963,2026-05-26,Present,
9624,963,2026-04-12,Present,
9625,963,2026-04-22,Present,
9626,963,2026-04-10,Present,
9627,963,2026-04-12,Present,
9628,963,2026-03-14,Present,
9629,963,2026-04-22,Present,
9630,963,2026-04-21,Present,
9631,964,2026-05-14,Present,
9632,964,2026-04-10,Present,
9633,964,2026-04-24,Present,
9634,964,2026-04-20,Present,
9635,964,2026-06-04,Present,
9636,964,2026-05-15,Present,
9637,964,2026-03-30,Present,
9638,964,2026-05-29,Present,
9639,964,2026-05-04,Present,
9640,964,2026-04-24,Present,
9641,965,2026-04-15,Present,
9642,965,2026-03-22,Present,
9643,965,2026-04-10,Present,
9644,965,2026-05-29,Present,
9645,965,2026-05-14,Absent,
9646,965,2026-04-21,Present,
9647,965,2026-05-04,Present,
9648,965,2026-05-24,Present,
9649,965,2026-05-03,Present,
9650,965,2026-05-13,Present,
9651,966,2026-04-29,Present,
9652,966,2026-05-10,Present,
9653,966,2026-04-12,Present,
9654,966,2026-05-06,Present,
9655,966,2026-05-14,Present,
9656,966,2026-03-17,Present,
9657,966,2026-03-24,Present,
9658,966,2026-03-28,Present,
9659,966,2026-03-15,Present,
9660,966,2026-03-28,Present,
9661,967,2026-03-20,Present,
9662,967,2026-04-20,Present,
9663,967,2026-05-19,Present,
9664,967,2026-04-21,Present,
9665,967,2026-04-03,Present,
9666,967,2026-06-03,Present,
9667,967,2026-06-02,Present,
9668,967,2026-04-22,Present,
9669,967,2026-05-30,Present,
9670,967,2026-03-25,Present,
9671,968,2026-03-15,Present,
9672,968,2026-05-17,Present,
9673,968,2026-03-12,Present,
9674,968,2026-05-16,Present,
9675,968,2026-05-18,Present,
9676,968,2026-04-02,Present,
9677,968,2026-05-08,Present,
9678,968,2026-03-14,Present,
9679,968,2026-04-14,Present,
9680,968,2026-05-20,Absent,
9681,969,2026-03-14,Present,
9682,969,2026-03-28,Present,
9683,969,2026-05-23,Absent,
9684,969,2026-03-29,Absent,
9685,969,2026-05-22,Present,
9686,969,2026-05-16,Present,
9687,969,2026-05-05,Present,
9688,969,2026-04-26,Present,
9689,969,2026-05-10,Absent,
9690,969,2026-04-25,Present,
9691,970,2026-06-05,Present,
9692,970,2026-03-12,Present,
9693,970,2026-04-21,Present,
9694,970,2026-05-06,Present,
9695,970,2026-03-26,Present,
9696,970,2026-04-05,Present,
9697,970,2026-05-31,Present,
9698,970,2026-04-09,Present,
9699,970,2026-04-17,Present,
9700,970,2026-05-08,Present,
9701,971,2026-05-15,Present,
9702,971,2026-05-14,Absent,Sick
9703,971,2026-03-18,Present,
9704,971,2026-03-21,Present,
9705,971,2026-03-13,Present,
9706,971,2026-03-28,Present,
9707,971,2026-05-08,Present,
9708,971,2026-06-06,Present,
9709,971,2026-04-26,Present,
9710,971,2026-04-15,Present,
9711,972,2026-05-10,Present,
9712,972,2026-05-11,Present,
9713,972,2026-04-01,Present,
9714,972,2026-04-29,Present,
9715,972,2026-03-21,Present,
9716,972,2026-05-19,Present,
9717,972,2026-04-19,Present,
9718,972,2026-05-10,Present,
9719,972,2026-05-11,Present,
9720,972,2026-05-15,Present,
9721,973,2026-05-30,Present,
9722,973,2026-05-17,Absent,
9723,973,2026-04-17,Present,
9724,973,2026-03-16,Present,
9725,973,2026-04-24,Present,
9726,973,2026-05-25,Absent,
9727,973,2026-05-06,Present,
9728,973,2026-03-29,Absent,
9729,973,2026-04-05,Present,
9730,973,2026-06-02,Absent,Sick
9731,974,2026-06-02,Present,
9732,974,2026-05-11,Absent,
9733,974,2026-03-24,Present,
9734,974,2026-04-26,Present,
9735,974,2026-04-30,Present,
9736,974,2026-04-09,Present,
9737,974,2026-05-03,Absent,Sick
9738,974,2026-05-15,Present,
9739,974,2026-06-06,Present,
9740,974,2026-05-10,Present,
9741,975,2026-04-23,Present,
9742,975,2026-03-24,Present,
9743,975,2026-04-01,Absent,
9744,975,2026-03-22,Present,
9745,975,2026-04-10,Present,
9746,975,2026-04-21,Present,
9747,975,2026-05-21,Present,
9748,975,2026-04-01,Present,
9749,975,2026-04-24,Present,
9750,975,2026-05-25,Present,
9751,976,2026-04-18,Present,
9752,976,2026-05-11,Present,
9753,976,2026-05-26,Absent,
9754,976,2026-03-26,Present,
9755,976,2026-04-10,Present,
9756,976,2026-04-14,Present,
9757,976,2026-03-28,Present,
9758,976,2026-04-20,Present,
9759,976,2026-05-29,Present,
9760,976,2026-04-19,Present,
9761,977,2026-04-04,Present,
9762,977,2026-03-16,Present,
9763,977,2026-04-08,Absent,
9764,977,2026-04-19,Present,
9765,977,2026-05-11,Present,
9766,977,2026-03-22,Present,
9767,977,2026-04-22,Present,
9768,977,2026-04-01,Present,
9769,977,2026-05-12,Present,
9770,977,2026-03-25,Present,
9771,978,2026-04-18,Present,
9772,978,2026-03-28,Present,
9773,978,2026-03-23,Present,
9774,978,2026-05-21,Present,
9775,978,2026-04-22,Present,
9776,978,2026-06-05,Present,
9777,978,2026-05-05,Present,
9778,978,2026-05-29,Present,
9779,978,2026-05-07,Present,
9780,978,2026-03-14,Present,
9781,979,2026-05-28,Present,
9782,979,2026-04-01,Present,
9783,979,2026-04-06,Present,
9784,979,2026-05-13,Present,
9785,979,2026-04-23,Present,
9786,979,2026-03-19,Present,
9787,979,2026-04-06,Present,
9788,979,2026-04-24,Absent,
9789,979,2026-05-11,Present,
9790,979,2026-05-12,Present,
9791,980,2026-04-06,Present,
9792,980,2026-04-10,Present,
9793,980,2026-05-30,Present,
9794,980,2026-04-17,Present,
9795,980,2026-04-07,Present,
9796,980,2026-03-27,Present,
9797,980,2026-03-23,Present,
9798,980,2026-04-09,Present,
9799,980,2026-04-27,Present,
9800,980,2026-04-13,Present,
9801,981,2026-05-15,Present,
9802,981,2026-03-17,Present,
9803,981,2026-05-25,Present,
9804,981,2026-05-27,Present,
9805,981,2026-04-21,Present,
9806,981,2026-05-31,Present,
9807,981,2026-03-11,Present,
9808,981,2026-05-16,Present,
9809,981,2026-03-23,Present,
9810,981,2026-04-09,Present,
9811,982,2026-06-05,Absent,
9812,982,2026-05-06,Present,
9813,982,2026-05-18,Present,
9814,982,2026-04-03,Present,
9815,982,2026-04-30,Present,
9816,982,2026-04-29,Present,
9817,982,2026-04-10,Present,
9818,982,2026-05-03,Present,
9819,982,2026-04-29,Present,
9820,982,2026-03-12,Present,
9821,983,2026-04-06,Present,
9822,983,2026-04-30,Present,
9823,983,2026-06-03,Present,
9824,983,2026-05-07,Present,
9825,983,2026-03-16,Present,
9826,983,2026-03-24,Present,
9827,983,2026-03-30,Present,
9828,983,2026-05-06,Present,
9829,983,2026-03-28,Present,
9830,983,2026-05-28,Present,
9831,984,2026-04-12,Present,
9832,984,2026-03-20,Present,
9833,984,2026-03-26,Present,
9834,984,2026-05-20,Present,
9835,984,2026-05-08,Present,
9836,984,2026-05-01,Present,
9837,984,2026-04-29,Present,
9838,984,2026-04-08,Present,
9839,984,2026-05-14,Present,
9840,984,2026-03-14,Present,
9841,985,2026-05-08,Present,
9842,985,2026-04-16,Present,
9843,985,2026-04-13,Present,
9844,985,2026-04-28,Present,
9845,985,2026-03-16,Present,
9846,985,2026-04-01,Absent,
9847,985,2026-03-25,Present,
9848,985,2026-05-18,Present,
9849,985,2026-05-23,Present,
9850,985,2026-03-15,Present,
9851,986,2026-05-13,Present,
9852,986,2026-04-22,Present,
9853,986,2026-06-06,Present,
9854,986,2026-06-04,Present,
9855,986,2026-03-16,Present,
9856,986,2026-05-29,Present,
9857,986,2026-06-06,Present,
9858,986,2026-06-02,Present,
9859,986,2026-03-17,Present,
9860,986,2026-03-31,Present,
9861,987,2026-05-21,Present,
9862,987,2026-03-24,Present,
9863,987,2026-04-16,Present,
9864,987,2026-05-24,Present,
9865,987,2026-03-27,Absent,
9866,987,2026-04-27,Present,
9867,987,2026-04-16,Present,
9868,987,2026-03-26,Present,
9869,987,2026-05-24,Absent,
9870,987,2026-05-04,Present,
9871,988,2026-03-18,Present,
9872,988,2026-03-30,Present,
9873,988,2026-05-31,Present,
9874,988,2026-05-15,Present,
9875,988,2026-04-14,Present,
9876,988,2026-05-19,Present,
9877,988,2026-06-07,Present,
9878,988,2026-05-18,Present,
9879,988,2026-05-24,Present,
9880,988,2026-05-02,Present,
9881,989,2026-05-25,Present,
9882,989,2026-05-30,Present,
9883,989,2026-04-14,Present,
9884,989,2026-04-13,Present,
9885,989,2026-03-31,Present,
9886,989,2026-04-09,Absent,Sick
9887,989,2026-05-03,Present,
9888,989,2026-06-05,Present,
9889,989,2026-04-22,Absent,Sick
9890,989,2026-04-24,Present,
9891,990,2026-03-31,Present,
9892,990,2026-04-26,Present,
9893,990,2026-04-06,Present,
9894,990,2026-06-04,Present,
9895,990,2026-03-20,Present,
9896,990,2026-04-04,Present,
9897,990,2026-04-07,Present,
9898,990,2026-03-31,Present,
9899,990,2026-03-27,Present,
9900,990,2026-03-13,Present,
9901,991,2026-05-14,Present,
9902,991,2026-04-19,Present,
9903,991,2026-06-07,Present,
9904,991,2026-05-10,Present,
9905,991,2026-03-27,Present,
9906,991,2026-05-10,Present,
9907,991,2026-05-22,Present,
9908,991,2026-04-15,Present,
9909,991,2026-03-14,Present,
9910,991,2026-05-16,Present,
9911,992,2026-03-22,Absent,Sick
9912,992,2026-05-24,Present,
9913,992,2026-03-11,Absent,Sick
9914,992,2026-05-14,Present,
9915,992,2026-04-04,Present,
9916,992,2026-03-28,Present,
9917,992,2026-03-12,Present,
9918,992,2026-03-31,Absent,
9919,992,2026-06-02,Absent,
9920,992,2026-05-25,Present,
9921,993,2026-04-15,Present,
9922,993,2026-06-07,Present,
9923,993,2026-05-14,Present,
9924,993,2026-06-06,Present,
9925,993,2026-03-23,Present,
9926,993,2026-04-12,Present,
9927,993,2026-05-24,Present,
9928,993,2026-04-18,Present,
9929,993,2026-03-15,Present,
9930,993,2026-03-14,Present,
9931,994,2026-06-02,Present,
9932,994,2026-06-02,Present,
9933,994,2026-03-31,Present,
9934,994,2026-04-07,Present,
9935,994,2026-05-09,Absent,
9936,994,2026-03-26,Present,
9937,994,2026-04-30,Present,
9938,994,2026-03-21,Present,
9939,994,2026-03-15,Present,
9940,994,2026-06-01,Present,
9941,995,2026-05-31,Present,
9942,995,2026-06-02,Present,
9943,995,2026-05-16,Present,
9944,995,2026-04-10,Absent,Sick
9945,995,2026-05-24,Present,
9946,995,2026-03-22,Present,
9947,995,2026-05-14,Present,
9948,995,2026-04-09,Present,
9949,995,2026-06-03,Present,
9950,995,2026-05-26,Present,
9951,996,2026-03-26,Present,
9952,996,2026-06-02,Present,
9953,996,2026-03-27,Present,
9954,996,2026-03-24,Absent,
9955,996,2026-04-16,Present,
9956,996,2026-04-21,Present,
9957,996,2026-05-24,Present,
9958,996,2026-03-24,Present,
9959,996,2026-04-15,Present,
9960,996,2026-06-02,Present,
9961,997,2026-05-10,Present,
9962,997,2026-03-28,Present,
9963,997,2026-03-11,Absent,Sick
9964,997,2026-05-22,Present,
9965,997,2026-05-02,Present,
9966,997,2026-05-03,Present,
9967,997,2026-03-26,Present,
9968,997,2026-04-12,Present,
9969,997,2026-05-24,Present,
9970,997,2026-05-01,Present,
9971,998,2026-05-28,Present,
9972,998,2026-04-20,Present,
9973,998,2026-03-29,Absent,Sick
9974,998,2026-03-22,Present,
9975,998,2026-04-19,Present,
9976,998,2026-03-16,Present,
9977,998,2026-03-20,Present,
9978,998,2026-04-08,Present,
9979,998,2026-05-25,Present,
9980,998,2026-05-21,Present,
9981,999,2026-06-05,Present,
9982,999,2026-04-26,Present,
9983,999,2026-05-27,Present,
9984,999,2026-05-07,Present,
9985,999,2026-06-02,Present,
9986,999,2026-05-07,Present,
9987,999,2026-03-23,Present,
9988,999,2026-05-02,Present,
9989,999,2026-04-28,Present,
9990,999,2026-05-07,Present,
9991,1000,2026-04-25,Present,
9992,1000,2026-03-22,Present,
9993,1000,2026-06-03,Present,
9994,1000,2026-04-16,Present,
9995,1000,2026-03-27,Present,
9996,1000,2026-03-28,Absent,
9997,1000,2026-03-21,Present,
9998,1000,2026-04-08,Present,
9999,1000,2026-05-18,Present,
10000,1000,2026-04-13,Present,
