id,evaluation_id,student_id,score,is_absent,comments,graded_at
1,1,2,11.13,False,,2026-06-04 16:51:15.668411
2,1,5,14.86,False,,2026-06-04 16:51:15.668435
3,1,15,12.48,False,,2026-06-04 16:51:15.668455
4,1,16,15.99,False,,2026-06-04 16:51:15.668474
5,1,19,17.86,False,,2026-06-04 16:51:15.668490
6,1,20,11.98,False,,2026-06-04 16:51:15.668505
7,1,21,16.17,False,,2026-06-04 16:51:15.668520
8,1,30,10.54,False,,2026-06-04 16:51:15.668534
9,1,37,9.28,False,,2026-06-04 16:51:15.668548
10,1,40,0.0,True,Absent,2026-06-04 16:51:15.668561
11,1,44,10.41,False,,2026-06-04 16:51:15.668575
12,1,47,12.06,False,,2026-06-04 16:51:15.668588
13,1,49,10.4,False,,2026-06-04 16:51:15.668602
14,1,50,0.0,True,Absent,2026-06-04 16:51:15.668615
15,1,51,8.75,False,,2026-06-04 16:51:15.668628
16,1,57,12.4,False,,2026-06-04 16:51:15.668644
17,1,58,8.94,False,,2026-06-04 16:51:15.668658
18,1,59,12.63,False,,2026-06-04 16:51:15.668671
19,1,62,0.0,True,Absent,2026-06-04 16:51:15.668684
20,1,64,12.11,False,,2026-06-04 16:51:15.668697
21,1,71,10.37,False,,2026-06-04 16:51:15.668713
22,1,72,10.8,False,,2026-06-04 16:51:15.668726
23,1,78,9.62,False,,2026-06-04 16:51:15.668740
24,1,79,9.46,False,,2026-06-04 16:51:15.668753
25,1,80,11.16,False,,2026-06-04 16:51:15.668766
26,1,81,8.62,False,,2026-06-04 16:51:15.668779
27,1,82,13.42,False,,2026-06-04 16:51:15.668792
28,1,84,13.15,False,,2026-06-04 16:51:15.668805
29,1,85,6.04,False,,2026-06-04 16:51:15.668819
30,1,86,15.87,False,,2026-06-04 16:51:15.668832
31,1,87,16.26,False,,2026-06-04 16:51:15.668845
32,1,88,10.49,False,,2026-06-04 16:51:15.668858
33,1,92,8.82,False,,2026-06-04 16:51:15.668871
34,1,94,0.0,True,Absent,2026-06-04 16:51:15.668883
35,1,95,11.38,False,,2026-06-04 16:51:15.668896
36,1,96,9.2,False,,2026-06-04 16:51:15.668909
37,1,97,13.96,False,,2026-06-04 16:51:15.668922
38,1,105,10.21,False,,2026-06-04 16:51:15.668938
39,1,108,15.89,False,,2026-06-04 16:51:15.668951
40,1,110,12.42,False,,2026-06-04 16:51:15.668966
41,1,121,14.43,False,,2026-06-04 16:51:15.668979
42,1,123,10.23,False,,2026-06-04 16:51:15.668992
43,1,125,14.25,False,,2026-06-04 16:51:15.669005
44,1,131,12.71,False,,2026-06-04 16:51:15.669018
45,1,132,11.85,False,,2026-06-04 16:51:15.669031
46,1,135,10.33,False,,2026-06-04 16:51:15.669044
47,1,137,11.06,False,,2026-06-04 16:51:15.669057
48,1,140,12.64,False,,2026-06-04 16:51:15.669072
49,1,143,12.65,False,,2026-06-04 16:51:15.669085
50,1,146,15.95,False,,2026-06-04 16:51:15.669101
51,1,153,8.66,False,,2026-06-04 16:51:15.669117
52,1,156,14.15,False,,2026-06-04 16:51:15.669130
53,1,158,16.61,False,,2026-06-04 16:51:15.669146
54,1,166,10.33,False,,2026-06-04 16:51:15.669159
55,1,168,6.14,False,,2026-06-04 16:51:15.669172
56,1,169,12.48,False,,2026-06-04 16:51:15.669185
57,1,173,9.35,False,,2026-06-04 16:51:15.669201
58,1,176,16.63,False,,2026-06-04 16:51:15.669214
59,1,179,7.55,False,,2026-06-04 16:51:15.669227
60,1,182,9.5,False,,2026-06-04 16:51:15.669240
61,1,183,13.73,False,,2026-06-04 16:51:15.669253
62,1,184,14.22,False,,2026-06-04 16:51:15.669266
63,1,185,10.87,False,,2026-06-04 16:51:15.669279
64,1,186,8.86,False,,2026-06-04 16:51:15.669292
65,1,191,12.43,False,,2026-06-04 16:51:15.669305
66,1,196,12.92,False,,2026-06-04 16:51:15.669318
67,1,199,16.07,False,,2026-06-04 16:51:15.669331
68,1,201,11.43,False,,2026-06-04 16:51:15.669347
69,1,203,13.3,False,,2026-06-04 16:51:15.669360
70,1,204,12.05,False,,2026-06-04 16:51:15.669373
71,1,212,5.65,False,,2026-06-04 16:51:15.669389
72,1,213,0.0,True,Absent,2026-06-04 16:51:15.669401
73,1,216,10.69,False,,2026-06-04 16:51:15.669414
74,1,219,10.36,False,,2026-06-04 16:51:15.669427
75,1,220,9.88,False,,2026-06-04 16:51:15.669440
76,1,221,17.05,False,,2026-06-04 16:51:15.669453
77,1,227,6.96,False,,2026-06-04 16:51:15.669469
78,1,228,13.53,False,,2026-06-04 16:51:15.669483
79,1,232,11.91,False,,2026-06-04 16:51:15.669499
80,1,235,14.79,False,,2026-06-04 16:51:15.669512
81,1,236,11.91,False,,2026-06-04 16:51:15.669525
82,1,243,8.06,False,,2026-06-04 16:51:15.669541
83,1,244,0.0,True,Absent,2026-06-04 16:51:15.669553
84,1,248,12.42,False,,2026-06-04 16:51:15.669566
85,1,250,14.39,False,,2026-06-04 16:51:15.669579
86,1,251,12.01,False,,2026-06-04 16:51:15.669592
87,1,254,12.91,False,,2026-06-04 16:51:15.669605
88,1,258,12.85,False,,2026-06-04 16:51:15.669619
89,1,260,10.68,False,,2026-06-04 16:51:15.669633
90,1,264,15.22,False,,2026-06-04 16:51:15.669646
91,1,269,14.93,False,,2026-06-04 16:51:15.669660
92,1,271,14.99,False,,2026-06-04 16:51:15.669672
93,1,272,12.31,False,,2026-06-04 16:51:15.669686
94,1,281,11.11,False,,2026-06-04 16:51:15.669702
95,1,284,12.9,False,,2026-06-04 16:51:15.669715
96,1,286,11.13,False,,2026-06-04 16:51:15.669731
97,1,288,17.39,False,,2026-06-04 16:51:15.669744
98,1,289,9.73,False,,2026-06-04 16:51:15.669758
99,1,291,14.51,False,,2026-06-04 16:51:15.669771
100,1,295,15.09,False,,2026-06-04 16:51:15.669784
101,1,296,8.47,False,,2026-06-04 16:51:15.669797
102,1,298,14.49,False,,2026-06-04 16:51:15.669809
103,1,299,15.87,False,,2026-06-04 16:51:15.669823
104,1,300,11.44,False,,2026-06-04 16:51:15.669836
105,1,302,9.42,False,,2026-06-04 16:51:15.669849
106,1,310,11.02,False,,2026-06-04 16:51:15.669862
107,1,313,13.29,False,,2026-06-04 16:51:15.669874
108,1,315,8.43,False,,2026-06-04 16:51:15.669887
109,1,319,15.18,False,,2026-06-04 16:51:15.669900
110,1,325,9.57,False,,2026-06-04 16:51:15.669920
111,1,327,13.39,False,,2026-06-04 16:51:15.669933
112,1,332,9.72,False,,2026-06-04 16:51:15.669946
113,1,333,17.45,False,,2026-06-04 16:51:15.669959
114,1,336,0.0,True,Absent,2026-06-04 16:51:15.669971
115,1,339,14.23,False,,2026-06-04 16:51:15.669984
116,1,340,11.44,False,,2026-06-04 16:51:15.669997
117,1,342,12.56,False,,2026-06-04 16:51:15.670011
118,1,343,0.0,True,Absent,2026-06-04 16:51:15.670023
119,1,346,14.9,False,,2026-06-04 16:51:15.670036
120,1,350,6.93,False,,2026-06-04 16:51:15.670049
121,1,351,15.81,False,,2026-06-04 16:51:15.670062
122,1,357,8.2,False,,2026-06-04 16:51:15.670075
123,1,359,10.69,False,,2026-06-04 16:51:15.670088
124,1,361,7.96,False,,2026-06-04 16:51:15.670101
125,1,365,0.0,True,Absent,2026-06-04 16:51:15.670114
126,1,368,7.54,False,,2026-06-04 16:51:15.670127
127,1,371,15.14,False,,2026-06-04 16:51:15.670140
128,1,372,12.69,False,,2026-06-04 16:51:15.670153
129,1,373,16.01,False,,2026-06-04 16:51:15.670166
130,1,374,16.72,False,,2026-06-04 16:51:15.670183
131,1,381,12.88,False,,2026-06-04 16:51:15.670196
132,1,382,9.78,False,,2026-06-04 16:51:15.670209
133,1,383,11.18,False,,2026-06-04 16:51:15.670222
134,1,384,12.87,False,,2026-06-04 16:51:15.670234
135,1,385,7.99,False,,2026-06-04 16:51:15.670247
136,1,386,9.17,False,,2026-06-04 16:51:15.670260
137,1,389,7.93,False,,2026-06-04 16:51:15.670273
138,1,390,13.67,False,,2026-06-04 16:51:15.670289
139,1,391,14.82,False,,2026-06-04 16:51:15.670303
140,1,394,9.74,False,,2026-06-04 16:51:15.670316
141,1,398,13.04,False,,2026-06-04 16:51:15.670329
142,1,403,9.73,False,,2026-06-04 16:51:15.670342
143,1,413,7.92,False,,2026-06-04 16:51:15.670355
144,1,415,13.76,False,,2026-06-04 16:51:15.670368
145,1,416,12.49,False,,2026-06-04 16:51:15.670381
146,1,418,13.17,False,,2026-06-04 16:51:15.670393
147,1,420,14.46,False,,2026-06-04 16:51:15.670406
148,1,422,10.17,False,,2026-06-04 16:51:15.670419
149,1,423,10.0,False,,2026-06-04 16:51:15.670433
150,1,424,12.25,False,,2026-06-04 16:51:15.670449
151,1,428,0.0,True,Absent,2026-06-04 16:51:15.670462
152,1,431,0.0,True,Absent,2026-06-04 16:51:15.670474
153,1,433,14.78,False,,2026-06-04 16:51:15.670487
154,1,443,6.2,False,,2026-06-04 16:51:15.670500
155,1,448,12.73,False,,2026-06-04 16:51:15.670513
156,1,449,0.0,True,Absent,2026-06-04 16:51:15.670526
157,1,453,12.45,False,,2026-06-04 16:51:15.670539
158,1,457,11.95,False,,2026-06-04 16:51:15.670552
159,1,458,13.79,False,,2026-06-04 16:51:15.670565
160,1,459,10.95,False,,2026-06-04 16:51:15.670578
161,1,461,15.73,False,,2026-06-04 16:51:15.670591
162,1,471,0.0,True,Absent,2026-06-04 16:51:15.670603
163,1,479,16.69,False,,2026-06-04 16:51:15.670616
164,1,481,16.56,False,,2026-06-04 16:51:15.670629
165,1,484,11.1,False,,2026-06-04 16:51:15.670642
166,1,487,16.81,False,,2026-06-04 16:51:15.670655
167,1,490,13.49,False,,2026-06-04 16:51:15.670668
168,1,494,11.32,False,,2026-06-04 16:51:15.670680
169,1,495,14.91,False,,2026-06-04 16:51:15.670693
170,1,497,11.15,False,,2026-06-04 16:51:15.670706
171,1,506,15.0,False,,2026-06-04 16:51:15.670719
172,1,508,0.0,True,Absent,2026-06-04 16:51:15.670732
173,1,509,9.83,False,,2026-06-04 16:51:15.670744
174,1,512,14.58,False,,2026-06-04 16:51:15.670762
175,1,514,10.16,False,,2026-06-04 16:51:15.670775
176,1,516,15.3,False,,2026-06-04 16:51:15.670788
177,1,523,16.75,False,,2026-06-04 16:51:15.670801
178,1,526,12.66,False,,2026-06-04 16:51:15.670814
179,1,529,9.83,False,,2026-06-04 16:51:15.670827
180,1,536,13.29,False,,2026-06-04 16:51:15.670840
181,1,539,0.0,True,Absent,2026-06-04 16:51:15.670852
182,1,541,11.63,False,,2026-06-04 16:51:15.670865
183,1,542,9.45,False,,2026-06-04 16:51:15.670878
184,1,547,12.69,False,,2026-06-04 16:51:15.670891
185,1,548,8.96,False,,2026-06-04 16:51:15.670904
186,1,552,0.0,True,Absent,2026-06-04 16:51:15.670916
187,1,553,10.75,False,,2026-06-04 16:51:15.670929
188,1,554,11.44,False,,2026-06-04 16:51:15.670942
189,1,555,0.0,True,Absent,2026-06-04 16:51:15.670954
190,1,558,14.23,False,,2026-06-04 16:51:15.670967
191,1,569,13.45,False,,2026-06-04 16:51:15.670980
192,1,571,13.41,False,,2026-06-04 16:51:15.670993
193,1,576,14.68,False,,2026-06-04 16:51:15.671006
194,1,579,14.52,False,,2026-06-04 16:51:15.671019
195,1,580,12.72,False,,2026-06-04 16:51:15.671031
196,1,584,13.85,False,,2026-06-04 16:51:15.671044
197,1,585,8.0,False,,2026-06-04 16:51:15.671057
198,1,586,13.25,False,,2026-06-04 16:51:15.671070
199,1,592,7.51,False,,2026-06-04 16:51:15.671088
200,1,593,16.98,False,,2026-06-04 16:51:15.671101
201,1,595,9.39,False,,2026-06-04 16:51:15.671115
202,1,599,18.28,False,,2026-06-04 16:51:15.671131
203,1,603,0.0,True,Absent,2026-06-04 16:51:15.671143
204,1,604,11.17,False,,2026-06-04 16:51:15.671156
205,1,605,6.78,False,,2026-06-04 16:51:15.671169
206,1,608,8.46,False,,2026-06-04 16:51:15.671182
207,1,611,14.01,False,,2026-06-04 16:51:15.671195
208,1,619,10.62,False,,2026-06-04 16:51:15.671208
209,1,620,13.82,False,,2026-06-04 16:51:15.671221
210,1,623,11.41,False,,2026-06-04 16:51:15.671234
211,1,624,12.3,False,,2026-06-04 16:51:15.671246
212,1,636,13.56,False,,2026-06-04 16:51:15.671259
213,1,638,13.86,False,,2026-06-04 16:51:15.671272
214,1,641,16.85,False,,2026-06-04 16:51:15.671285
215,1,643,13.79,False,,2026-06-04 16:51:15.671298
216,1,644,13.2,False,,2026-06-04 16:51:15.671311
217,1,646,9.92,False,,2026-06-04 16:51:15.671324
218,1,647,6.62,False,,2026-06-04 16:51:15.671336
219,1,648,7.92,False,,2026-06-04 16:51:15.671349
220,1,649,8.37,False,,2026-06-04 16:51:15.671362
221,1,653,13.46,False,,2026-06-04 16:51:15.671375
222,1,657,11.14,False,,2026-06-04 16:51:15.671388
223,1,660,7.95,False,,2026-06-04 16:51:15.671401
224,1,663,0.0,True,Absent,2026-06-04 16:51:15.671413
225,1,666,10.22,False,,2026-06-04 16:51:15.671426
226,1,667,11.96,False,,2026-06-04 16:51:15.671439
227,1,669,10.79,False,,2026-06-04 16:51:15.671452
228,1,672,8.33,False,,2026-06-04 16:51:15.671465
229,1,674,7.54,False,,2026-06-04 16:51:15.671478
230,1,675,13.04,False,,2026-06-04 16:51:15.671491
231,1,678,17.28,False,,2026-06-04 16:51:15.671504
232,1,684,16.43,False,,2026-06-04 16:51:15.671517
233,1,687,10.21,False,,2026-06-04 16:51:15.671530
234,1,692,8.29,False,,2026-06-04 16:51:15.671547
235,1,693,12.59,False,,2026-06-04 16:51:15.671560
236,1,694,12.59,False,,2026-06-04 16:51:15.671573
237,1,696,18.83,False,,2026-06-04 16:51:15.671586
238,1,701,9.33,False,,2026-06-04 16:51:15.671599
239,1,710,12.38,False,,2026-06-04 16:51:15.671612
240,1,712,12.64,False,,2026-06-04 16:51:15.671625
241,1,715,10.33,False,,2026-06-04 16:51:15.671638
242,1,720,16.27,False,,2026-06-04 16:51:15.671650
243,1,723,15.27,False,,2026-06-04 16:51:15.671663
244,1,732,0.0,True,Absent,2026-06-04 16:51:15.671676
245,1,734,0.0,True,Absent,2026-06-04 16:51:15.671688
246,1,743,0.0,True,Absent,2026-06-04 16:51:15.671700
247,1,744,11.98,False,,2026-06-04 16:51:15.671713
248,1,746,12.75,False,,2026-06-04 16:51:15.671726
249,1,755,14.18,False,,2026-06-04 16:51:15.671739
250,1,757,7.45,False,,2026-06-04 16:51:15.671754
251,1,762,8.79,False,,2026-06-04 16:51:15.671768
252,1,763,8.92,False,,2026-06-04 16:51:15.671781
253,1,766,8.01,False,,2026-06-04 16:51:15.671794
254,1,774,8.89,False,,2026-06-04 16:51:15.671807
255,1,776,12.67,False,,2026-06-04 16:51:15.671823
256,1,779,13.85,False,,2026-06-04 16:51:15.671836
257,1,781,9.88,False,,2026-06-04 16:51:15.671850
258,1,784,11.17,False,,2026-06-04 16:51:15.671863
259,1,788,16.55,False,,2026-06-04 16:51:15.671876
260,1,790,9.41,False,,2026-06-04 16:51:15.671889
261,1,797,8.12,False,,2026-06-04 16:51:15.671902
262,1,798,10.21,False,,2026-06-04 16:51:15.671915
263,1,805,11.27,False,,2026-06-04 16:51:15.671928
264,1,806,11.17,False,,2026-06-04 16:51:15.671941
265,1,810,11.62,False,,2026-06-04 16:51:15.671954
266,1,813,9.7,False,,2026-06-04 16:51:15.671968
267,1,815,16.22,False,,2026-06-04 16:51:15.671980
268,1,820,5.67,False,,2026-06-04 16:51:15.671994
269,1,821,6.83,False,,2026-06-04 16:51:15.672006
270,1,822,13.19,False,,2026-06-04 16:51:15.672020
271,1,830,15.97,False,,2026-06-04 16:51:15.672033
272,1,836,11.0,False,,2026-06-04 16:51:15.672046
273,1,839,10.49,False,,2026-06-04 16:51:15.672059
274,1,842,9.97,False,,2026-06-04 16:51:15.672072
275,1,851,10.51,False,,2026-06-04 16:51:15.672085
276,1,853,9.8,False,,2026-06-04 16:51:15.672098
277,1,855,12.29,False,,2026-06-04 16:51:15.672111
278,1,859,0.0,True,Absent,2026-06-04 16:51:15.672124
279,1,860,12.73,False,,2026-06-04 16:51:15.672137
280,1,862,15.85,False,,2026-06-04 16:51:15.672150
281,1,868,9.94,False,,2026-06-04 16:51:15.672163
282,1,870,13.32,False,,2026-06-04 16:51:15.672176
283,1,873,14.97,False,,2026-06-04 16:51:15.672189
284,1,875,12.68,False,,2026-06-04 16:51:15.672202
285,1,877,11.32,False,,2026-06-04 16:51:15.672215
286,1,879,7.89,False,,2026-06-04 16:51:15.672228
287,1,881,13.23,False,,2026-06-04 16:51:15.672241
288,1,891,16.22,False,,2026-06-04 16:51:15.672254
289,1,893,14.13,False,,2026-06-04 16:51:15.672267
290,1,894,11.85,False,,2026-06-04 16:51:15.672280
291,1,905,10.51,False,,2026-06-04 16:51:15.672293
292,1,912,15.5,False,,2026-06-04 16:51:15.672306
293,1,914,14.03,False,,2026-06-04 16:51:15.672319
294,1,919,14.64,False,,2026-06-04 16:51:15.672332
295,1,921,6.6,False,,2026-06-04 16:51:15.672345
296,1,922,12.36,False,,2026-06-04 16:51:15.672358
297,1,928,8.53,False,,2026-06-04 16:51:15.672371
298,1,929,14.03,False,,2026-06-04 16:51:15.672384
299,1,931,14.55,False,,2026-06-04 16:51:15.672397
300,1,934,9.15,False,,2026-06-04 16:51:15.672410
301,1,937,11.98,False,,2026-06-04 16:51:15.672422
302,1,938,12.36,False,,2026-06-04 16:51:15.672435
303,1,940,11.59,False,,2026-06-04 16:51:15.672449
304,1,947,17.05,False,,2026-06-04 16:51:15.672462
305,1,954,12.76,False,,2026-06-04 16:51:15.672475
306,1,956,12.96,False,,2026-06-04 16:51:15.672488
307,1,959,16.44,False,,2026-06-04 16:51:15.672501
308,1,961,16.13,False,,2026-06-04 16:51:15.672514
309,1,963,15.5,False,,2026-06-04 16:51:15.672527
310,1,971,15.39,False,,2026-06-04 16:51:15.672543
311,1,977,15.92,False,,2026-06-04 16:51:15.672556
312,1,979,7.56,False,,2026-06-04 16:51:15.672569
313,1,980,12.82,False,,2026-06-04 16:51:15.672582
314,1,983,15.53,False,,2026-06-04 16:51:15.672595
315,1,988,11.69,False,,2026-06-04 16:51:15.672608
316,1,989,11.44,False,,2026-06-04 16:51:15.672621
317,1,991,16.21,False,,2026-06-04 16:51:15.672634
318,1,992,17.47,False,,2026-06-04 16:51:15.672647
319,1,994,7.4,False,,2026-06-04 16:51:15.672660
320,1,997,0.0,True,Absent,2026-06-04 16:51:15.672673
321,1,999,11.54,False,,2026-06-04 16:51:15.672685
322,2,2,13.67,False,,2026-06-04 16:51:15.673069
323,2,5,12.42,False,,2026-06-04 16:51:15.673087
324,2,15,12.69,False,,2026-06-04 16:51:15.673103
325,2,16,13.02,False,,2026-06-04 16:51:15.673118
326,2,19,17.98,False,,2026-06-04 16:51:15.673131
327,2,20,13.29,False,,2026-06-04 16:51:15.673145
328,2,21,12.29,False,,2026-06-04 16:51:15.673158
329,2,30,8.18,False,,2026-06-04 16:51:15.673172
330,2,37,12.32,False,,2026-06-04 16:51:15.673185
331,2,40,12.79,False,,2026-06-04 16:51:15.673199
332,2,44,5.68,False,,2026-06-04 16:51:15.673215
333,2,47,11.73,False,,2026-06-04 16:51:15.673228
334,2,49,9.17,False,,2026-06-04 16:51:15.673242
335,2,50,10.33,False,,2026-06-04 16:51:15.673255
336,2,51,11.8,False,,2026-06-04 16:51:15.673268
337,2,57,8.26,False,,2026-06-04 16:51:15.673281
338,2,58,8.67,False,,2026-06-04 16:51:15.673294
339,2,59,16.23,False,,2026-06-04 16:51:15.673307
340,2,62,9.67,False,,2026-06-04 16:51:15.673320
341,2,64,15.31,False,,2026-06-04 16:51:15.673332
342,2,71,11.92,False,,2026-06-04 16:51:15.673345
343,2,72,12.15,False,,2026-06-04 16:51:15.673358
344,2,78,9.76,False,,2026-06-04 16:51:15.673371
345,2,79,13.45,False,,2026-06-04 16:51:15.673384
346,2,80,8.42,False,,2026-06-04 16:51:15.673397
347,2,81,10.43,False,,2026-06-04 16:51:15.673410
348,2,82,14.68,False,,2026-06-04 16:51:15.673423
349,2,84,12.55,False,,2026-06-04 16:51:15.673436
350,2,85,8.31,False,,2026-06-04 16:51:15.673448
351,2,86,11.83,False,,2026-06-04 16:51:15.673461
352,2,87,17.32,False,,2026-06-04 16:51:15.673474
353,2,88,11.79,False,,2026-06-04 16:51:15.673487
354,2,92,6.66,False,,2026-06-04 16:51:15.673500
355,2,94,6.7,False,,2026-06-04 16:51:15.673513
356,2,95,10.83,False,,2026-06-04 16:51:15.673526
357,2,96,11.73,False,,2026-06-04 16:51:15.673539
358,2,97,14.53,False,,2026-06-04 16:51:15.673552
359,2,105,13.11,False,,2026-06-04 16:51:15.673564
360,2,108,13.47,False,,2026-06-04 16:51:15.673577
361,2,110,13.08,False,,2026-06-04 16:51:15.673590
362,2,121,13.74,False,,2026-06-04 16:51:15.673602
363,2,123,11.18,False,,2026-06-04 16:51:15.673615
364,2,125,13.17,False,,2026-06-04 16:51:15.673628
365,2,131,13.05,False,,2026-06-04 16:51:15.673641
366,2,132,10.22,False,,2026-06-04 16:51:15.673654
367,2,135,10.28,False,,2026-06-04 16:51:15.673666
368,2,137,10.43,False,,2026-06-04 16:51:15.673679
369,2,140,10.36,False,,2026-06-04 16:51:15.673692
370,2,143,12.01,False,,2026-06-04 16:51:15.673705
371,2,146,14.27,False,,2026-06-04 16:51:15.673718
372,2,153,8.37,False,,2026-06-04 16:51:15.673731
373,2,156,18.21,False,,2026-06-04 16:51:15.673743
374,2,158,11.91,False,,2026-06-04 16:51:15.673756
375,2,166,9.18,False,,2026-06-04 16:51:15.673769
376,2,168,9.77,False,,2026-06-04 16:51:15.673781
377,2,169,15.35,False,,2026-06-04 16:51:15.673794
378,2,173,6.34,False,,2026-06-04 16:51:15.673807
379,2,176,18.58,False,,2026-06-04 16:51:15.673820
380,2,179,0.0,True,Absent,2026-06-04 16:51:15.673832
381,2,182,10.71,False,,2026-06-04 16:51:15.673845
382,2,183,15.41,False,,2026-06-04 16:51:15.673858
383,2,184,14.07,False,,2026-06-04 16:51:15.673871
384,2,185,8.67,False,,2026-06-04 16:51:15.673884
385,2,186,9.54,False,,2026-06-04 16:51:15.673896
386,2,191,14.89,False,,2026-06-04 16:51:15.673909
387,2,196,16.04,False,,2026-06-04 16:51:15.673922
388,2,199,14.69,False,,2026-06-04 16:51:15.673935
389,2,201,7.78,False,,2026-06-04 16:51:15.673947
390,2,203,12.41,False,,2026-06-04 16:51:15.673960
391,2,204,6.48,False,,2026-06-04 16:51:15.673973
392,2,212,7.07,False,,2026-06-04 16:51:15.673986
393,2,213,12.96,False,,2026-06-04 16:51:15.673999
394,2,216,9.34,False,,2026-06-04 16:51:15.674014
395,2,219,11.08,False,,2026-06-04 16:51:15.674028
396,2,220,8.55,False,,2026-06-04 16:51:15.674041
397,2,221,0.0,True,Absent,2026-06-04 16:51:15.674053
398,2,227,12.08,False,,2026-06-04 16:51:15.674066
399,2,228,8.67,False,,2026-06-04 16:51:15.674079
400,2,232,14.56,False,,2026-06-04 16:51:15.674092
401,2,235,9.92,False,,2026-06-04 16:51:15.674105
402,2,236,11.88,False,,2026-06-04 16:51:15.674118
403,2,243,7.83,False,,2026-06-04 16:51:15.674131
404,2,244,8.31,False,,2026-06-04 16:51:15.674144
405,2,248,10.45,False,,2026-06-04 16:51:15.674157
406,2,250,0.0,True,Absent,2026-06-04 16:51:15.674169
407,2,251,12.8,False,,2026-06-04 16:51:15.674182
408,2,254,13.22,False,,2026-06-04 16:51:15.674195
409,2,258,15.02,False,,2026-06-04 16:51:15.674209
410,2,260,16.12,False,,2026-06-04 16:51:15.674225
411,2,264,16.11,False,,2026-06-04 16:51:15.674238
412,2,269,13.23,False,,2026-06-04 16:51:15.674251
413,2,271,10.49,False,,2026-06-04 16:51:15.674264
414,2,272,8.75,False,,2026-06-04 16:51:15.674277
415,2,281,11.92,False,,2026-06-04 16:51:15.674290
416,2,284,16.78,False,,2026-06-04 16:51:15.674303
417,2,286,13.77,False,,2026-06-04 16:51:15.674316
418,2,288,12.94,False,,2026-06-04 16:51:15.674329
419,2,289,11.73,False,,2026-06-04 16:51:15.674341
420,2,291,12.55,False,,2026-06-04 16:51:15.674354
421,2,295,15.55,False,,2026-06-04 16:51:15.674367
422,2,296,11.33,False,,2026-06-04 16:51:15.674380
423,2,298,11.01,False,,2026-06-04 16:51:15.674393
424,2,299,0.0,True,Absent,2026-06-04 16:51:15.674405
425,2,300,10.12,False,,2026-06-04 16:51:15.674418
426,2,302,11.86,False,,2026-06-04 16:51:15.674431
427,2,310,10.3,False,,2026-06-04 16:51:15.674443
428,2,313,13.43,False,,2026-06-04 16:51:15.674459
429,2,315,7.54,False,,2026-06-04 16:51:15.674473
430,2,319,17.0,False,,2026-06-04 16:51:15.674486
431,2,325,11.03,False,,2026-06-04 16:51:15.674499
432,2,327,13.67,False,,2026-06-04 16:51:15.674511
433,2,332,10.25,False,,2026-06-04 16:51:15.674524
434,2,333,14.03,False,,2026-06-04 16:51:15.674537
435,2,336,12.1,False,,2026-06-04 16:51:15.674550
436,2,339,13.3,False,,2026-06-04 16:51:15.674563
437,2,340,14.87,False,,2026-06-04 16:51:15.674576
438,2,342,11.1,False,,2026-06-04 16:51:15.674589
439,2,343,6.52,False,,2026-06-04 16:51:15.674602
440,2,346,11.28,False,,2026-06-04 16:51:15.674614
441,2,350,8.62,False,,2026-06-04 16:51:15.674627
442,2,351,14.89,False,,2026-06-04 16:51:15.674640
443,2,357,0.0,True,Absent,2026-06-04 16:51:15.674653
444,2,359,12.53,False,,2026-06-04 16:51:15.674665
445,2,361,0.0,True,Absent,2026-06-04 16:51:15.674678
446,2,365,0.0,True,Absent,2026-06-04 16:51:15.674693
447,2,368,0.0,True,Absent,2026-06-04 16:51:15.674705
448,2,371,14.32,False,,2026-06-04 16:51:15.674718
449,2,372,12.42,False,,2026-06-04 16:51:15.674731
450,2,373,16.61,False,,2026-06-04 16:51:15.674744
451,2,374,17.7,False,,2026-06-04 16:51:15.674757
452,2,381,10.67,False,,2026-06-04 16:51:15.674770
453,2,382,0.0,True,Absent,2026-06-04 16:51:15.674782
454,2,383,0.0,True,Absent,2026-06-04 16:51:15.674795
455,2,384,0.0,True,Absent,2026-06-04 16:51:15.674807
456,2,385,11.03,False,,2026-06-04 16:51:15.674820
457,2,386,6.45,False,,2026-06-04 16:51:15.674832
458,2,389,11.55,False,,2026-06-04 16:51:15.674846
459,2,390,14.26,False,,2026-06-04 16:51:15.674859
460,2,391,17.57,False,,2026-06-04 16:51:15.674872
461,2,394,9.69,False,,2026-06-04 16:51:15.674885
462,2,398,11.77,False,,2026-06-04 16:51:15.674897
463,2,403,9.19,False,,2026-06-04 16:51:15.674910
464,2,413,0.0,True,Absent,2026-06-04 16:51:15.674922
465,2,415,13.32,False,,2026-06-04 16:51:15.674935
466,2,416,9.94,False,,2026-06-04 16:51:15.674948
467,2,418,11.54,False,,2026-06-04 16:51:15.674962
468,2,420,11.95,False,,2026-06-04 16:51:15.674978
469,2,422,9.16,False,,2026-06-04 16:51:15.674991
470,2,423,15.76,False,,2026-06-04 16:51:15.675004
471,2,424,8.9,False,,2026-06-04 16:51:15.675017
472,2,428,9.06,False,,2026-06-04 16:51:15.675030
473,2,431,12.51,False,,2026-06-04 16:51:15.675043
474,2,433,8.89,False,,2026-06-04 16:51:15.675056
475,2,443,7.55,False,,2026-06-04 16:51:15.675068
476,2,448,12.54,False,,2026-06-04 16:51:15.675081
477,2,449,11.19,False,,2026-06-04 16:51:15.675094
478,2,453,0.0,True,Absent,2026-06-04 16:51:15.675106
479,2,457,13.13,False,,2026-06-04 16:51:15.675118
480,2,458,0.0,True,Absent,2026-06-04 16:51:15.675131
481,2,459,0.0,True,Absent,2026-06-04 16:51:15.675143
482,2,461,13.56,False,,2026-06-04 16:51:15.675155
483,2,471,11.77,False,,2026-06-04 16:51:15.675168
484,2,479,16.35,False,,2026-06-04 16:51:15.675181
485,2,481,14.86,False,,2026-06-04 16:51:15.675194
486,2,484,13.82,False,,2026-06-04 16:51:15.675207
487,2,487,13.48,False,,2026-06-04 16:51:15.675219
488,2,490,12.07,False,,2026-06-04 16:51:15.675235
489,2,494,11.42,False,,2026-06-04 16:51:15.675248
490,2,495,11.02,False,,2026-06-04 16:51:15.675261
491,2,497,10.92,False,,2026-06-04 16:51:15.675274
492,2,506,9.51,False,,2026-06-04 16:51:15.675287
493,2,508,14.26,False,,2026-06-04 16:51:15.675300
494,2,509,12.2,False,,2026-06-04 16:51:15.675313
495,2,512,17.57,False,,2026-06-04 16:51:15.675326
496,2,514,14.4,False,,2026-06-04 16:51:15.675339
497,2,516,12.0,False,,2026-06-04 16:51:15.675352
498,2,523,16.59,False,,2026-06-04 16:51:15.675365
499,2,526,11.91,False,,2026-06-04 16:51:15.675378
500,2,529,11.12,False,,2026-06-04 16:51:15.675391
501,2,536,14.88,False,,2026-06-04 16:51:15.675422
502,2,539,13.61,False,,2026-06-04 16:51:15.675440
503,2,541,8.78,False,,2026-06-04 16:51:15.675453
504,2,542,6.53,False,,2026-06-04 16:51:15.675467
505,2,547,10.86,False,,2026-06-04 16:51:15.675479
506,2,548,0.0,True,Absent,2026-06-04 16:51:15.675492
507,2,552,12.32,False,,2026-06-04 16:51:15.675505
508,2,553,11.31,False,,2026-06-04 16:51:15.675519
509,2,554,14.35,False,,2026-06-04 16:51:15.675532
510,2,555,15.92,False,,2026-06-04 16:51:15.675545
511,2,558,8.4,False,,2026-06-04 16:51:15.675558
512,2,569,0.0,True,Absent,2026-06-04 16:51:15.675571
513,2,571,8.04,False,,2026-06-04 16:51:15.675583
514,2,576,13.02,False,,2026-06-04 16:51:15.675596
515,2,579,11.17,False,,2026-06-04 16:51:15.675609
516,2,580,17.12,False,,2026-06-04 16:51:15.675622
517,2,584,8.69,False,,2026-06-04 16:51:15.675635
518,2,585,13.82,False,,2026-06-04 16:51:15.675648
519,2,586,14.55,False,,2026-06-04 16:51:15.675661
520,2,592,7.27,False,,2026-06-04 16:51:15.675674
521,2,593,13.22,False,,2026-06-04 16:51:15.675687
522,2,595,13.2,False,,2026-06-04 16:51:15.675700
523,2,599,17.47,False,,2026-06-04 16:51:15.675713
524,2,603,14.9,False,,2026-06-04 16:51:15.675725
525,2,604,0.0,True,Absent,2026-06-04 16:51:15.675738
526,2,605,8.83,False,,2026-06-04 16:51:15.675750
527,2,608,11.39,False,,2026-06-04 16:51:15.675763
528,2,611,12.43,False,,2026-06-04 16:51:15.675776
529,2,619,7.98,False,,2026-06-04 16:51:15.675789
530,2,620,12.71,False,,2026-06-04 16:51:15.675802
531,2,623,10.33,False,,2026-06-04 16:51:15.675815
532,2,624,12.11,False,,2026-06-04 16:51:15.675828
533,2,636,10.57,False,,2026-06-04 16:51:15.675841
534,2,638,0.0,True,Absent,2026-06-04 16:51:15.675853
535,2,641,16.12,False,,2026-06-04 16:51:15.675866
536,2,643,14.82,False,,2026-06-04 16:51:15.675879
537,2,644,16.1,False,,2026-06-04 16:51:15.675892
538,2,646,11.07,False,,2026-06-04 16:51:15.675905
539,2,647,10.66,False,,2026-06-04 16:51:15.675918
540,2,648,7.58,False,,2026-06-04 16:51:15.675931
541,2,649,6.35,False,,2026-06-04 16:51:15.675944
542,2,653,10.28,False,,2026-06-04 16:51:15.675957
543,2,657,7.92,False,,2026-06-04 16:51:15.675970
544,2,660,7.34,False,,2026-06-04 16:51:15.675983
545,2,663,8.56,False,,2026-06-04 16:51:15.675996
546,2,666,10.9,False,,2026-06-04 16:51:15.676009
547,2,667,10.79,False,,2026-06-04 16:51:15.676022
548,2,669,10.51,False,,2026-06-04 16:51:15.676035
549,2,672,7.13,False,,2026-06-04 16:51:15.676047
550,2,674,11.64,False,,2026-06-04 16:51:15.676061
551,2,675,10.16,False,,2026-06-04 16:51:15.676073
552,2,678,17.1,False,,2026-06-04 16:51:15.676086
553,2,684,15.44,False,,2026-06-04 16:51:15.676099
554,2,687,7.34,False,,2026-06-04 16:51:15.676112
555,2,692,7.22,False,,2026-06-04 16:51:15.676124
556,2,693,11.1,False,,2026-06-04 16:51:15.676137
557,2,694,7.45,False,,2026-06-04 16:51:15.676150
558,2,696,13.95,False,,2026-06-04 16:51:15.676163
559,2,701,9.74,False,,2026-06-04 16:51:15.676176
560,2,710,0.0,True,Absent,2026-06-04 16:51:15.676188
561,2,712,12.03,False,,2026-06-04 16:51:15.676200
562,2,715,8.49,False,,2026-06-04 16:51:15.676213
563,2,720,15.63,False,,2026-06-04 16:51:15.676226
564,2,723,10.81,False,,2026-06-04 16:51:15.676239
565,2,732,11.36,False,,2026-06-04 16:51:15.676251
566,2,734,9.78,False,,2026-06-04 16:51:15.676267
567,2,743,10.19,False,,2026-06-04 16:51:15.676280
568,2,744,14.85,False,,2026-06-04 16:51:15.676293
569,2,746,12.56,False,,2026-06-04 16:51:15.676306
570,2,755,13.61,False,,2026-06-04 16:51:15.676319
571,2,757,9.61,False,,2026-06-04 16:51:15.676332
572,2,762,10.43,False,,2026-06-04 16:51:15.676345
573,2,763,12.72,False,,2026-06-04 16:51:15.676358
574,2,766,6.66,False,,2026-06-04 16:51:15.676371
575,2,774,9.49,False,,2026-06-04 16:51:15.676385
576,2,776,12.3,False,,2026-06-04 16:51:15.676398
577,2,779,11.77,False,,2026-06-04 16:51:15.676412
578,2,781,14.78,False,,2026-06-04 16:51:15.676425
579,2,784,12.49,False,,2026-06-04 16:51:15.676439
580,2,788,13.6,False,,2026-06-04 16:51:15.676453
581,2,790,9.84,False,,2026-06-04 16:51:15.676465
582,2,797,8.0,False,,2026-06-04 16:51:15.676479
583,2,798,12.24,False,,2026-06-04 16:51:15.676491
584,2,805,9.98,False,,2026-06-04 16:51:15.676504
585,2,806,16.87,False,,2026-06-04 16:51:15.676517
586,2,810,8.45,False,,2026-06-04 16:51:15.676530
587,2,813,10.78,False,,2026-06-04 16:51:15.676543
588,2,815,15.48,False,,2026-06-04 16:51:15.676556
589,2,820,6.34,False,,2026-06-04 16:51:15.676568
590,2,821,11.17,False,,2026-06-04 16:51:15.676581
591,2,822,16.86,False,,2026-06-04 16:51:15.676594
592,2,830,0.0,True,Absent,2026-06-04 16:51:15.676606
593,2,836,0.0,True,Absent,2026-06-04 16:51:15.676618
594,2,839,8.16,False,,2026-06-04 16:51:15.676635
595,2,842,8.26,False,,2026-06-04 16:51:15.676649
596,2,851,9.69,False,,2026-06-04 16:51:15.676662
597,2,853,14.29,False,,2026-06-04 16:51:15.676675
598,2,855,11.28,False,,2026-06-04 16:51:15.676688
599,2,859,17.46,False,,2026-06-04 16:51:15.676701
600,2,860,14.38,False,,2026-06-04 16:51:15.676714
601,2,862,15.21,False,,2026-06-04 16:51:15.676727
602,2,868,9.31,False,,2026-06-04 16:51:15.676742
603,2,870,10.07,False,,2026-06-04 16:51:15.676755
604,2,873,10.09,False,,2026-06-04 16:51:15.676768
605,2,875,12.98,False,,2026-06-04 16:51:15.676781
606,2,877,12.08,False,,2026-06-04 16:51:15.676793
607,2,879,11.46,False,,2026-06-04 16:51:15.676806
608,2,881,9.57,False,,2026-06-04 16:51:15.676819
609,2,891,0.0,True,Absent,2026-06-04 16:51:15.676831
610,2,893,13.21,False,,2026-06-04 16:51:15.676844
611,2,894,15.95,False,,2026-06-04 16:51:15.676857
612,2,905,5.76,False,,2026-06-04 16:51:15.676870
613,2,912,0.0,True,Absent,2026-06-04 16:51:15.676883
614,2,914,10.84,False,,2026-06-04 16:51:15.676895
615,2,919,16.81,False,,2026-06-04 16:51:15.676908
616,2,921,6.84,False,,2026-06-04 16:51:15.676921
617,2,922,11.47,False,,2026-06-04 16:51:15.676934
618,2,928,7.12,False,,2026-06-04 16:51:15.676947
619,2,929,13.84,False,,2026-06-04 16:51:15.676960
620,2,931,15.49,False,,2026-06-04 16:51:15.676973
621,2,934,10.56,False,,2026-06-04 16:51:15.676986
622,2,937,0.0,True,Absent,2026-06-04 16:51:15.676998
623,2,938,8.33,False,,2026-06-04 16:51:15.677011
624,2,940,13.94,False,,2026-06-04 16:51:15.677024
625,2,947,13.97,False,,2026-06-04 16:51:15.677037
626,2,954,10.49,False,,2026-06-04 16:51:15.677050
627,2,956,8.75,False,,2026-06-04 16:51:15.677063
628,2,959,15.74,False,,2026-06-04 16:51:15.677076
629,2,961,15.88,False,,2026-06-04 16:51:15.677089
630,2,963,16.45,False,,2026-06-04 16:51:15.677101
631,2,971,0.0,True,Absent,2026-06-04 16:51:15.677119
632,2,977,12.77,False,,2026-06-04 16:51:15.677132
633,2,979,8.34,False,,2026-06-04 16:51:15.677145
634,2,980,15.83,False,,2026-06-04 16:51:15.677158
635,2,983,13.38,False,,2026-06-04 16:51:15.677171
636,2,988,12.94,False,,2026-06-04 16:51:15.677183
637,2,989,11.79,False,,2026-06-04 16:51:15.677196
638,2,991,10.83,False,,2026-06-04 16:51:15.677209
639,2,992,17.16,False,,2026-06-04 16:51:15.677222
640,2,994,10.54,False,,2026-06-04 16:51:15.677235
641,2,997,12.75,False,,2026-06-04 16:51:15.677248
642,2,999,11.57,False,,2026-06-04 16:51:15.677261
643,3,2,16.09,False,,2026-06-04 16:51:15.677616
644,3,5,16.11,False,,2026-06-04 16:51:15.677635
645,3,15,12.85,False,,2026-06-04 16:51:15.677654
646,3,16,0.0,True,Absent,2026-06-04 16:51:15.677667
647,3,19,15.11,False,,2026-06-04 16:51:15.677681
648,3,20,13.8,False,,2026-06-04 16:51:15.677694
649,3,21,12.1,False,,2026-06-04 16:51:15.677707
650,3,30,9.15,False,,2026-06-04 16:51:15.677720
651,3,37,0.0,True,Absent,2026-06-04 16:51:15.677732
652,3,40,14.47,False,,2026-06-04 16:51:15.677745
653,3,44,6.48,False,,2026-06-04 16:51:15.677758
654,3,47,12.83,False,,2026-06-04 16:51:15.677771
655,3,49,11.28,False,,2026-06-04 16:51:15.677784
656,3,50,7.48,False,,2026-06-04 16:51:15.677797
657,3,51,8.89,False,,2026-06-04 16:51:15.677810
658,3,57,8.27,False,,2026-06-04 16:51:15.677823
659,3,58,9.95,False,,2026-06-04 16:51:15.677837
660,3,59,16.64,False,,2026-06-04 16:51:15.677850
661,3,62,13.78,False,,2026-06-04 16:51:15.677863
662,3,64,15.17,False,,2026-06-04 16:51:15.677876
663,3,71,13.57,False,,2026-06-04 16:51:15.677888
664,3,72,12.11,False,,2026-06-04 16:51:15.677901
665,3,78,0.0,True,Absent,2026-06-04 16:51:15.677914
666,3,79,0.0,True,Absent,2026-06-04 16:51:15.677926
667,3,80,8.98,False,,2026-06-04 16:51:15.677938
668,3,81,12.03,False,,2026-06-04 16:51:15.677951
669,3,82,12.53,False,,2026-06-04 16:51:15.677964
670,3,84,14.98,False,,2026-06-04 16:51:15.677977
671,3,85,10.62,False,,2026-06-04 16:51:15.677990
672,3,86,12.3,False,,2026-06-04 16:51:15.678003
673,3,87,13.59,False,,2026-06-04 16:51:15.678016
674,3,88,14.22,False,,2026-06-04 16:51:15.678029
675,3,92,10.65,False,,2026-06-04 16:51:15.678042
676,3,94,10.33,False,,2026-06-04 16:51:15.678055
677,3,95,12.76,False,,2026-06-04 16:51:15.678068
678,3,96,0.0,True,Absent,2026-06-04 16:51:15.678081
679,3,97,14.0,False,,2026-06-04 16:51:15.678093
680,3,105,15.48,False,,2026-06-04 16:51:15.678106
681,3,108,14.55,False,,2026-06-04 16:51:15.678120
682,3,110,9.38,False,,2026-06-04 16:51:15.678133
683,3,121,12.35,False,,2026-06-04 16:51:15.678146
684,3,123,10.23,False,,2026-06-04 16:51:15.678159
685,3,125,12.18,False,,2026-06-04 16:51:15.678172
686,3,131,0.0,True,Absent,2026-06-04 16:51:15.678185
687,3,132,11.14,False,,2026-06-04 16:51:15.678198
688,3,135,0.0,True,Absent,2026-06-04 16:51:15.678210
689,3,137,11.44,False,,2026-06-04 16:51:15.678223
690,3,140,11.39,False,,2026-06-04 16:51:15.678236
691,3,143,9.62,False,,2026-06-04 16:51:15.678249
692,3,146,16.69,False,,2026-06-04 16:51:15.678262
693,3,153,7.97,False,,2026-06-04 16:51:15.678275
694,3,156,12.96,False,,2026-06-04 16:51:15.678288
695,3,158,13.4,False,,2026-06-04 16:51:15.678301
696,3,166,9.23,False,,2026-06-04 16:51:15.678314
697,3,168,7.79,False,,2026-06-04 16:51:15.678327
698,3,169,13.99,False,,2026-06-04 16:51:15.678339
699,3,173,11.52,False,,2026-06-04 16:51:15.678352
700,3,176,14.41,False,,2026-06-04 16:51:15.678368
701,3,179,10.81,False,,2026-06-04 16:51:15.678382
702,3,182,8.5,False,,2026-06-04 16:51:15.678395
703,3,183,15.13,False,,2026-06-04 16:51:15.678408
704,3,184,17.0,False,,2026-06-04 16:51:15.678421
705,3,185,10.48,False,,2026-06-04 16:51:15.678434
706,3,186,0.0,True,Absent,2026-06-04 16:51:15.678446
707,3,191,12.62,False,,2026-06-04 16:51:15.678459
708,3,196,16.93,False,,2026-06-04 16:51:15.678472
709,3,199,16.04,False,,2026-06-04 16:51:15.678485
710,3,201,8.59,False,,2026-06-04 16:51:15.678498
711,3,203,15.52,False,,2026-06-04 16:51:15.678511
712,3,204,7.88,False,,2026-06-04 16:51:15.678523
713,3,212,7.75,False,,2026-06-04 16:51:15.678536
714,3,213,12.36,False,,2026-06-04 16:51:15.678549
715,3,216,12.68,False,,2026-06-04 16:51:15.678562
716,3,219,11.91,False,,2026-06-04 16:51:15.678574
717,3,220,9.74,False,,2026-06-04 16:51:15.678587
718,3,221,0.0,True,Absent,2026-06-04 16:51:15.678599
719,3,227,10.8,False,,2026-06-04 16:51:15.678612
720,3,228,13.63,False,,2026-06-04 16:51:15.678630
721,3,232,14.93,False,,2026-06-04 16:51:15.678643
722,3,235,14.73,False,,2026-06-04 16:51:15.678656
723,3,236,12.68,False,,2026-06-04 16:51:15.678672
724,3,243,8.58,False,,2026-06-04 16:51:15.678684
725,3,244,10.47,False,,2026-06-04 16:51:15.678697
726,3,248,8.94,False,,2026-06-04 16:51:15.678710
727,3,250,14.4,False,,2026-06-04 16:51:15.678723
728,3,251,14.85,False,,2026-06-04 16:51:15.678736
729,3,254,15.26,False,,2026-06-04 16:51:15.678748
730,3,258,0.0,True,Absent,2026-06-04 16:51:15.678762
731,3,260,12.93,False,,2026-06-04 16:51:15.678775
732,3,264,18.46,False,,2026-06-04 16:51:15.678788
733,3,269,10.07,False,,2026-06-04 16:51:15.678801
734,3,271,14.87,False,,2026-06-04 16:51:15.678814
735,3,272,7.73,False,,2026-06-04 16:51:15.678827
736,3,281,9.57,False,,2026-06-04 16:51:15.678839
737,3,284,13.26,False,,2026-06-04 16:51:15.678852
738,3,286,8.09,False,,2026-06-04 16:51:15.678865
739,3,288,15.47,False,,2026-06-04 16:51:15.678878
740,3,289,8.49,False,,2026-06-04 16:51:15.678891
741,3,291,15.19,False,,2026-06-04 16:51:15.678903
742,3,295,16.74,False,,2026-06-04 16:51:15.678916
743,3,296,7.08,False,,2026-06-04 16:51:15.678929
744,3,298,14.79,False,,2026-06-04 16:51:15.678942
745,3,299,15.92,False,,2026-06-04 16:51:15.678954
746,3,300,11.72,False,,2026-06-04 16:51:15.678967
747,3,302,13.93,False,,2026-06-04 16:51:15.678980
748,3,310,9.37,False,,2026-06-04 16:51:15.678993
749,3,313,0.0,True,Absent,2026-06-04 16:51:15.679005
750,3,315,6.13,False,,2026-06-04 16:51:15.679018
751,3,319,17.73,False,,2026-06-04 16:51:15.679031
752,3,325,13.83,False,,2026-06-04 16:51:15.679044
753,3,327,15.7,False,,2026-06-04 16:51:15.679056
754,3,332,13.01,False,,2026-06-04 16:51:15.679069
755,3,333,17.66,False,,2026-06-04 16:51:15.679082
756,3,336,15.82,False,,2026-06-04 16:51:15.679095
757,3,339,9.58,False,,2026-06-04 16:51:15.679108
758,3,340,13.2,False,,2026-06-04 16:51:15.679121
759,3,342,12.41,False,,2026-06-04 16:51:15.679134
760,3,343,9.97,False,,2026-06-04 16:51:15.679147
761,3,346,13.36,False,,2026-06-04 16:51:15.679160
762,3,350,10.78,False,,2026-06-04 16:51:15.679173
763,3,351,14.19,False,,2026-06-04 16:51:15.679186
764,3,357,10.29,False,,2026-06-04 16:51:15.679199
765,3,359,13.97,False,,2026-06-04 16:51:15.679212
766,3,361,11.02,False,,2026-06-04 16:51:15.679225
767,3,365,16.45,False,,2026-06-04 16:51:15.679237
768,3,368,9.93,False,,2026-06-04 16:51:15.679250
769,3,371,15.41,False,,2026-06-04 16:51:15.679263
770,3,372,14.98,False,,2026-06-04 16:51:15.679276
771,3,373,15.19,False,,2026-06-04 16:51:15.679289
772,3,374,13.47,False,,2026-06-04 16:51:15.679302
773,3,381,14.73,False,,2026-06-04 16:51:15.679315
774,3,382,10.95,False,,2026-06-04 16:51:15.679328
775,3,383,13.15,False,,2026-06-04 16:51:15.679340
776,3,384,13.41,False,,2026-06-04 16:51:15.679353
777,3,385,10.92,False,,2026-06-04 16:51:15.679366
778,3,386,7.61,False,,2026-06-04 16:51:15.679379
779,3,389,7.95,False,,2026-06-04 16:51:15.679392
780,3,390,11.23,False,,2026-06-04 16:51:15.679405
781,3,391,17.2,False,,2026-06-04 16:51:15.679418
782,3,394,8.37,False,,2026-06-04 16:51:15.679430
783,3,398,13.39,False,,2026-06-04 16:51:15.679443
784,3,403,11.6,False,,2026-06-04 16:51:15.679456
785,3,413,9.51,False,,2026-06-04 16:51:15.679469
786,3,415,12.38,False,,2026-06-04 16:51:15.679482
787,3,416,13.89,False,,2026-06-04 16:51:15.679495
788,3,418,8.21,False,,2026-06-04 16:51:15.679508
789,3,420,13.79,False,,2026-06-04 16:51:15.679521
790,3,422,9.74,False,,2026-06-04 16:51:15.679534
791,3,423,10.58,False,,2026-06-04 16:51:15.679547
792,3,424,11.52,False,,2026-06-04 16:51:15.679559
793,3,428,14.13,False,,2026-06-04 16:51:15.679572
794,3,431,12.28,False,,2026-06-04 16:51:15.679585
795,3,433,10.67,False,,2026-06-04 16:51:15.679598
796,3,443,8.07,False,,2026-06-04 16:51:15.679611
797,3,448,16.01,False,,2026-06-04 16:51:15.679624
798,3,449,13.53,False,,2026-06-04 16:51:15.679636
799,3,453,12.31,False,,2026-06-04 16:51:15.679649
800,3,457,16.5,False,,2026-06-04 16:51:15.679662
801,3,458,13.5,False,,2026-06-04 16:51:15.679678
802,3,459,11.25,False,,2026-06-04 16:51:15.679691
803,3,461,16.67,False,,2026-06-04 16:51:15.679704
804,3,471,0.0,True,Absent,2026-06-04 16:51:15.679719
805,3,479,15.68,False,,2026-06-04 16:51:15.679732
806,3,481,0.0,True,Absent,2026-06-04 16:51:15.679745
807,3,484,12.21,False,,2026-06-04 16:51:15.679757
808,3,487,12.46,False,,2026-06-04 16:51:15.679773
809,3,490,17.36,False,,2026-06-04 16:51:15.679786
810,3,494,14.47,False,,2026-06-04 16:51:15.679799
811,3,495,11.61,False,,2026-06-04 16:51:15.679812
812,3,497,14.71,False,,2026-06-04 16:51:15.679825
813,3,506,13.36,False,,2026-06-04 16:51:15.679838
814,3,508,11.46,False,,2026-06-04 16:51:15.679850
815,3,509,10.63,False,,2026-06-04 16:51:15.679863
816,3,512,12.26,False,,2026-06-04 16:51:15.679876
817,3,514,9.64,False,,2026-06-04 16:51:15.679889
818,3,516,11.81,False,,2026-06-04 16:51:15.679902
819,3,523,14.76,False,,2026-06-04 16:51:15.679915
820,3,526,10.95,False,,2026-06-04 16:51:15.679928
821,3,529,13.72,False,,2026-06-04 16:51:15.679941
822,3,536,14.37,False,,2026-06-04 16:51:15.679953
823,3,539,15.37,False,,2026-06-04 16:51:15.679966
824,3,541,6.51,False,,2026-06-04 16:51:15.679979
825,3,542,8.55,False,,2026-06-04 16:51:15.679992
826,3,547,13.09,False,,2026-06-04 16:51:15.680005
827,3,548,11.98,False,,2026-06-04 16:51:15.680017
828,3,552,14.71,False,,2026-06-04 16:51:15.680030
829,3,553,11.21,False,,2026-06-04 16:51:15.680043
830,3,554,12.03,False,,2026-06-04 16:51:15.680055
831,3,555,11.6,False,,2026-06-04 16:51:15.680068
832,3,558,9.72,False,,2026-06-04 16:51:15.680081
833,3,569,14.34,False,,2026-06-04 16:51:15.680094
834,3,571,11.27,False,,2026-06-04 16:51:15.680107
835,3,576,14.26,False,,2026-06-04 16:51:15.680119
836,3,579,15.3,False,,2026-06-04 16:51:15.680132
837,3,580,16.29,False,,2026-06-04 16:51:15.680145
838,3,584,11.16,False,,2026-06-04 16:51:15.680158
839,3,585,8.23,False,,2026-06-04 16:51:15.680170
840,3,586,0.0,True,Absent,2026-06-04 16:51:15.680183
841,3,592,8.19,False,,2026-06-04 16:51:15.680195
842,3,593,12.13,False,,2026-06-04 16:51:15.680208
843,3,595,8.39,False,,2026-06-04 16:51:15.680221
844,3,599,16.24,False,,2026-06-04 16:51:15.680234
845,3,603,15.82,False,,2026-06-04 16:51:15.680247
846,3,604,12.41,False,,2026-06-04 16:51:15.680259
847,3,605,10.51,False,,2026-06-04 16:51:15.680272
848,3,608,9.41,False,,2026-06-04 16:51:15.680285
849,3,611,12.6,False,,2026-06-04 16:51:15.680298
850,3,619,9.56,False,,2026-06-04 16:51:15.680311
851,3,620,16.66,False,,2026-06-04 16:51:15.680324
852,3,623,15.23,False,,2026-06-04 16:51:15.680337
853,3,624,13.12,False,,2026-06-04 16:51:15.680350
854,3,636,10.61,False,,2026-06-04 16:51:15.680363
855,3,638,0.0,True,Absent,2026-06-04 16:51:15.680375
856,3,641,15.73,False,,2026-06-04 16:51:15.680388
857,3,643,16.96,False,,2026-06-04 16:51:15.680401
858,3,644,0.0,True,Absent,2026-06-04 16:51:15.680413
859,3,646,9.79,False,,2026-06-04 16:51:15.680426
860,3,647,10.91,False,,2026-06-04 16:51:15.680439
861,3,648,0.0,True,Absent,2026-06-04 16:51:15.680452
862,3,649,6.6,False,,2026-06-04 16:51:15.680466
863,3,653,13.07,False,,2026-06-04 16:51:15.680479
864,3,657,8.24,False,,2026-06-04 16:51:15.680492
865,3,660,12.22,False,,2026-06-04 16:51:15.680505
866,3,663,9.36,False,,2026-06-04 16:51:15.680518
867,3,666,6.82,False,,2026-06-04 16:51:15.680530
868,3,667,7.25,False,,2026-06-04 16:51:15.680543
869,3,669,6.47,False,,2026-06-04 16:51:15.680556
870,3,672,11.63,False,,2026-06-04 16:51:15.680569
871,3,674,11.2,False,,2026-06-04 16:51:15.680581
872,3,675,12.53,False,,2026-06-04 16:51:15.680594
873,3,678,17.57,False,,2026-06-04 16:51:15.680607
874,3,684,15.22,False,,2026-06-04 16:51:15.680620
875,3,687,8.8,False,,2026-06-04 16:51:15.680633
876,3,692,8.82,False,,2026-06-04 16:51:15.680646
877,3,693,12.05,False,,2026-06-04 16:51:15.680659
878,3,694,7.72,False,,2026-06-04 16:51:15.680671
879,3,696,13.07,False,,2026-06-04 16:51:15.680687
880,3,701,7.4,False,,2026-06-04 16:51:15.680700
881,3,710,0.0,True,Absent,2026-06-04 16:51:15.680713
882,3,712,12.17,False,,2026-06-04 16:51:15.680726
883,3,715,8.42,False,,2026-06-04 16:51:15.680738
884,3,720,17.12,False,,2026-06-04 16:51:15.680751
885,3,723,13.19,False,,2026-06-04 16:51:15.680764
886,3,732,11.95,False,,2026-06-04 16:51:15.680777
887,3,734,9.58,False,,2026-06-04 16:51:15.680790
888,3,743,0.0,True,Absent,2026-06-04 16:51:15.680802
889,3,744,17.37,False,,2026-06-04 16:51:15.680815
890,3,746,15.86,False,,2026-06-04 16:51:15.680828
891,3,755,13.79,False,,2026-06-04 16:51:15.680840
892,3,757,6.58,False,,2026-06-04 16:51:15.680853
893,3,762,10.8,False,,2026-06-04 16:51:15.680865
894,3,763,8.04,False,,2026-06-04 16:51:15.680878
895,3,766,6.68,False,,2026-06-04 16:51:15.680891
896,3,774,8.2,False,,2026-06-04 16:51:15.680904
897,3,776,10.4,False,,2026-06-04 16:51:15.680916
898,3,779,0.0,True,Absent,2026-06-04 16:51:15.680928
899,3,781,14.0,False,,2026-06-04 16:51:15.680941
900,3,784,10.81,False,,2026-06-04 16:51:15.680954
901,3,788,14.14,False,,2026-06-04 16:51:15.680967
902,3,790,12.71,False,,2026-06-04 16:51:15.680980
903,3,797,11.08,False,,2026-06-04 16:51:15.680992
904,3,798,12.27,False,,2026-06-04 16:51:15.681005
905,3,805,8.1,False,,2026-06-04 16:51:15.681018
906,3,806,16.91,False,,2026-06-04 16:51:15.681031
907,3,810,11.49,False,,2026-06-04 16:51:15.681043
908,3,813,7.38,False,,2026-06-04 16:51:15.681056
909,3,815,14.35,False,,2026-06-04 16:51:15.681069
910,3,820,5.6,False,,2026-06-04 16:51:15.681082
911,3,821,9.34,False,,2026-06-04 16:51:15.681095
912,3,822,15.86,False,,2026-06-04 16:51:15.681108
913,3,830,14.37,False,,2026-06-04 16:51:15.681121
914,3,836,14.7,False,,2026-06-04 16:51:15.681133
915,3,839,11.18,False,,2026-06-04 16:51:15.681146
916,3,842,9.65,False,,2026-06-04 16:51:15.681159
917,3,851,9.22,False,,2026-06-04 16:51:15.681172
918,3,853,11.52,False,,2026-06-04 16:51:15.681184
919,3,855,0.0,True,Absent,2026-06-04 16:51:15.681197
920,3,859,16.36,False,,2026-06-04 16:51:15.681209
921,3,860,10.3,False,,2026-06-04 16:51:15.681222
922,3,862,16.97,False,,2026-06-04 16:51:15.681235
923,3,868,12.19,False,,2026-06-04 16:51:15.681248
924,3,870,9.74,False,,2026-06-04 16:51:15.681261
925,3,873,13.17,False,,2026-06-04 16:51:15.681274
926,3,875,10.34,False,,2026-06-04 16:51:15.681287
927,3,877,13.76,False,,2026-06-04 16:51:15.681299
928,3,879,6.73,False,,2026-06-04 16:51:15.681312
929,3,881,12.95,False,,2026-06-04 16:51:15.681325
930,3,891,12.2,False,,2026-06-04 16:51:15.681338
931,3,893,9.9,False,,2026-06-04 16:51:15.681351
932,3,894,11.72,False,,2026-06-04 16:51:15.681364
933,3,905,10.59,False,,2026-06-04 16:51:15.681377
934,3,912,11.89,False,,2026-06-04 16:51:15.681390
935,3,914,14.1,False,,2026-06-04 16:51:15.681403
936,3,919,14.96,False,,2026-06-04 16:51:15.681416
937,3,921,10.14,False,,2026-06-04 16:51:15.681428
938,3,922,13.3,False,,2026-06-04 16:51:15.681441
939,3,928,10.4,False,,2026-06-04 16:51:15.681454
940,3,929,11.65,False,,2026-06-04 16:51:15.681467
941,3,931,15.37,False,,2026-06-04 16:51:15.681480
942,3,934,6.29,False,,2026-06-04 16:51:15.681493
943,3,937,14.31,False,,2026-06-04 16:51:15.681506
944,3,938,11.78,False,,2026-06-04 16:51:15.681519
945,3,940,13.88,False,,2026-06-04 16:51:15.681531
946,3,947,16.97,False,,2026-06-04 16:51:15.681544
947,3,954,9.92,False,,2026-06-04 16:51:15.681557
948,3,956,11.05,False,,2026-06-04 16:51:15.681570
949,3,959,0.0,True,Absent,2026-06-04 16:51:15.681582
950,3,961,11.07,False,,2026-06-04 16:51:15.681595
951,3,963,17.19,False,,2026-06-04 16:51:15.681608
952,3,971,13.47,False,,2026-06-04 16:51:15.681621
953,3,977,15.79,False,,2026-06-04 16:51:15.681634
954,3,979,8.69,False,,2026-06-04 16:51:15.681647
955,3,980,0.0,True,Absent,2026-06-04 16:51:15.681662
956,3,983,11.63,False,,2026-06-04 16:51:15.681676
957,3,988,7.79,False,,2026-06-04 16:51:15.681692
958,3,989,0.0,True,Absent,2026-06-04 16:51:15.681704
959,3,991,14.07,False,,2026-06-04 16:51:15.681718
960,3,992,17.09,False,,2026-06-04 16:51:15.681730
961,3,994,11.09,False,,2026-06-04 16:51:15.681743
962,3,997,14.84,False,,2026-06-04 16:51:15.681756
963,3,999,11.85,False,,2026-06-04 16:51:15.681769
964,4,2,15.29,False,,2026-06-04 16:51:15.682107
965,4,5,16.84,False,,2026-06-04 16:51:15.682124
966,4,15,0.0,True,Absent,2026-06-04 16:51:15.682139
967,4,16,16.71,False,,2026-06-04 16:51:15.682153
968,4,19,15.55,False,,2026-06-04 16:51:15.682166
969,4,20,12.6,False,,2026-06-04 16:51:15.682179
970,4,21,12.48,False,,2026-06-04 16:51:15.682192
971,4,30,11.85,False,,2026-06-04 16:51:15.682206
972,4,37,9.89,False,,2026-06-04 16:51:15.682219
973,4,40,11.92,False,,2026-06-04 16:51:15.682232
974,4,44,9.2,False,,2026-06-04 16:51:15.682246
975,4,47,10.62,False,,2026-06-04 16:51:15.682259
976,4,49,9.51,False,,2026-06-04 16:51:15.682272
977,4,50,8.81,False,,2026-06-04 16:51:15.682285
978,4,51,11.88,False,,2026-06-04 16:51:15.682298
979,4,57,9.89,False,,2026-06-04 16:51:15.682311
980,4,58,12.61,False,,2026-06-04 16:51:15.682324
981,4,59,15.43,False,,2026-06-04 16:51:15.682337
982,4,62,9.67,False,,2026-06-04 16:51:15.682350
983,4,64,13.31,False,,2026-06-04 16:51:15.682363
984,4,71,0.0,True,Absent,2026-06-04 16:51:15.682376
985,4,72,8.7,False,,2026-06-04 16:51:15.682389
986,4,78,8.05,False,,2026-06-04 16:51:15.682402
987,4,79,11.58,False,,2026-06-04 16:51:15.682415
988,4,80,7.5,False,,2026-06-04 16:51:15.682428
989,4,81,12.13,False,,2026-06-04 16:51:15.682441
990,4,82,15.24,False,,2026-06-04 16:51:15.682455
991,4,84,15.91,False,,2026-06-04 16:51:15.682468
992,4,85,9.76,False,,2026-06-04 16:51:15.682481
993,4,86,13.48,False,,2026-06-04 16:51:15.682494
994,4,87,17.12,False,,2026-06-04 16:51:15.682507
995,4,88,13.56,False,,2026-06-04 16:51:15.682520
996,4,92,9.13,False,,2026-06-04 16:51:15.682533
997,4,94,7.49,False,,2026-06-04 16:51:15.682546
998,4,95,12.39,False,,2026-06-04 16:51:15.682559
999,4,96,0.0,True,Absent,2026-06-04 16:51:15.682572
1000,4,97,12.96,False,,2026-06-04 16:51:15.682585
1001,4,105,14.25,False,,2026-06-04 16:51:15.682598
1002,4,108,15.78,False,,2026-06-04 16:51:15.682611
1003,4,110,10.78,False,,2026-06-04 16:51:15.682623
1004,4,121,15.22,False,,2026-06-04 16:51:15.682636
1005,4,123,7.69,False,,2026-06-04 16:51:15.682649
1006,4,125,12.24,False,,2026-06-04 16:51:15.682662
1007,4,131,0.0,True,Absent,2026-06-04 16:51:15.682675
1008,4,132,14.02,False,,2026-06-04 16:51:15.682688
1009,4,135,9.49,False,,2026-06-04 16:51:15.682701
1010,4,137,8.07,False,,2026-06-04 16:51:15.682714
1011,4,140,12.87,False,,2026-06-04 16:51:15.682727
1012,4,143,8.53,False,,2026-06-04 16:51:15.682741
1013,4,146,16.77,False,,2026-06-04 16:51:15.682753
1014,4,153,9.47,False,,2026-06-04 16:51:15.682767
1015,4,156,17.17,False,,2026-06-04 16:51:15.682780
1016,4,158,15.45,False,,2026-06-04 16:51:15.682796
1017,4,166,0.0,True,Absent,2026-06-04 16:51:15.682809
1018,4,168,10.23,False,,2026-06-04 16:51:15.682822
1019,4,169,13.19,False,,2026-06-04 16:51:15.682835
1020,4,173,9.52,False,,2026-06-04 16:51:15.682848
1021,4,176,12.9,False,,2026-06-04 16:51:15.682861
1022,4,179,12.57,False,,2026-06-04 16:51:15.682874
1023,4,182,9.4,False,,2026-06-04 16:51:15.682886
1024,4,183,16.07,False,,2026-06-04 16:51:15.682899
1025,4,184,0.0,True,Absent,2026-06-04 16:51:15.682912
1026,4,185,11.48,False,,2026-06-04 16:51:15.682924
1027,4,186,8.99,False,,2026-06-04 16:51:15.682938
1028,4,191,13.72,False,,2026-06-04 16:51:15.682951
1029,4,196,0.0,True,Absent,2026-06-04 16:51:15.682963
1030,4,199,17.2,False,,2026-06-04 16:51:15.682976
1031,4,201,10.45,False,,2026-06-04 16:51:15.682989
1032,4,203,12.85,False,,2026-06-04 16:51:15.683002
1033,4,204,11.05,False,,2026-06-04 16:51:15.683015
1034,4,212,0.0,True,Absent,2026-06-04 16:51:15.683032
1035,4,213,8.38,False,,2026-06-04 16:51:15.683046
1036,4,216,7.3,False,,2026-06-04 16:51:15.683059
1037,4,219,7.31,False,,2026-06-04 16:51:15.683073
1038,4,220,8.15,False,,2026-06-04 16:51:15.683086
1039,4,221,15.35,False,,2026-06-04 16:51:15.683099
1040,4,227,12.27,False,,2026-06-04 16:51:15.683112
1041,4,228,10.09,False,,2026-06-04 16:51:15.683125
1042,4,232,13.85,False,,2026-06-04 16:51:15.683138
1043,4,235,12.4,False,,2026-06-04 16:51:15.683151
1044,4,236,15.53,False,,2026-06-04 16:51:15.683164
1045,4,243,9.39,False,,2026-06-04 16:51:15.683177
1046,4,244,12.56,False,,2026-06-04 16:51:15.683190
1047,4,248,9.84,False,,2026-06-04 16:51:15.683203
1048,4,250,18.44,False,,2026-06-04 16:51:15.683215
1049,4,251,13.32,False,,2026-06-04 16:51:15.683228
1050,4,254,0.0,True,Absent,2026-06-04 16:51:15.683241
1051,4,258,11.33,False,,2026-06-04 16:51:15.683254
1052,4,260,12.58,False,,2026-06-04 16:51:15.683268
1053,4,264,16.67,False,,2026-06-04 16:51:15.683281
1054,4,269,11.63,False,,2026-06-04 16:51:15.683294
1055,4,271,12.15,False,,2026-06-04 16:51:15.683307
1056,4,272,13.02,False,,2026-06-04 16:51:15.683320
1057,4,281,0.0,True,Absent,2026-06-04 16:51:15.683332
1058,4,284,18.02,False,,2026-06-04 16:51:15.683345
1059,4,286,13.02,False,,2026-06-04 16:51:15.683358
1060,4,288,17.12,False,,2026-06-04 16:51:15.683371
1061,4,289,7.95,False,,2026-06-04 16:51:15.683384
1062,4,291,14.83,False,,2026-06-04 16:51:15.683398
1063,4,295,13.47,False,,2026-06-04 16:51:15.683410
1064,4,296,11.85,False,,2026-06-04 16:51:15.683423
1065,4,298,15.8,False,,2026-06-04 16:51:15.683436
1066,4,299,15.76,False,,2026-06-04 16:51:15.683449
1067,4,300,10.98,False,,2026-06-04 16:51:15.683462
1068,4,302,10.1,False,,2026-06-04 16:51:15.683475
1069,4,310,10.11,False,,2026-06-04 16:51:15.683488
1070,4,313,14.37,False,,2026-06-04 16:51:15.683500
1071,4,315,6.23,False,,2026-06-04 16:51:15.683513
1072,4,319,12.75,False,,2026-06-04 16:51:15.683526
1073,4,325,8.28,False,,2026-06-04 16:51:15.683539
1074,4,327,14.14,False,,2026-06-04 16:51:15.683552
1075,4,332,9.03,False,,2026-06-04 16:51:15.683564
1076,4,333,0.0,True,Absent,2026-06-04 16:51:15.683577
1077,4,336,16.5,False,,2026-06-04 16:51:15.683590
1078,4,339,11.7,False,,2026-06-04 16:51:15.683603
1079,4,340,11.06,False,,2026-06-04 16:51:15.683616
1080,4,342,13.3,False,,2026-06-04 16:51:15.683628
1081,4,343,8.38,False,,2026-06-04 16:51:15.683641
1082,4,346,12.65,False,,2026-06-04 16:51:15.683654
1083,4,350,8.18,False,,2026-06-04 16:51:15.683667
1084,4,351,15.2,False,,2026-06-04 16:51:15.683680
1085,4,357,0.0,True,Absent,2026-06-04 16:51:15.683693
1086,4,359,0.0,True,Absent,2026-06-04 16:51:15.683706
1087,4,361,10.06,False,,2026-06-04 16:51:15.683719
1088,4,365,0.0,True,Absent,2026-06-04 16:51:15.683732
1089,4,368,10.57,False,,2026-06-04 16:51:15.683808
1090,4,371,12.89,False,,2026-06-04 16:51:15.683840
1091,4,372,17.25,False,,2026-06-04 16:51:15.683861
1092,4,373,17.17,False,,2026-06-04 16:51:15.683879
1093,4,374,16.78,False,,2026-06-04 16:51:15.683894
1094,4,381,15.72,False,,2026-06-04 16:51:15.683911
1095,4,382,8.97,False,,2026-06-04 16:51:15.683930
1096,4,383,8.19,False,,2026-06-04 16:51:15.683947
1097,4,384,14.48,False,,2026-06-04 16:51:15.683965
1098,4,385,12.52,False,,2026-06-04 16:51:15.683982
1099,4,386,7.81,False,,2026-06-04 16:51:15.683999
1100,4,389,8.99,False,,2026-06-04 16:51:15.684017
1101,4,390,11.11,False,,2026-06-04 16:51:15.684034
1102,4,391,16.32,False,,2026-06-04 16:51:15.684051
1103,4,394,0.0,True,Absent,2026-06-04 16:51:15.684068
1104,4,398,16.18,False,,2026-06-04 16:51:15.684082
1105,4,403,6.93,False,,2026-06-04 16:51:15.684099
1106,4,413,6.57,False,,2026-06-04 16:51:15.684113
1107,4,415,8.8,False,,2026-06-04 16:51:15.684130
1108,4,416,0.0,True,Absent,2026-06-04 16:51:15.684148
1109,4,418,7.36,False,,2026-06-04 16:51:15.684161
1110,4,420,14.65,False,,2026-06-04 16:51:15.684176
1111,4,422,14.54,False,,2026-06-04 16:51:15.684190
1112,4,423,15.88,False,,2026-06-04 16:51:15.684208
1113,4,424,10.86,False,,2026-06-04 16:51:15.684225
1114,4,428,9.92,False,,2026-06-04 16:51:15.684242
1115,4,431,13.33,False,,2026-06-04 16:51:15.684260
1116,4,433,9.56,False,,2026-06-04 16:51:15.684277
1117,4,443,10.33,False,,2026-06-04 16:51:15.684296
1118,4,448,15.32,False,,2026-06-04 16:51:15.684313
1119,4,449,11.93,False,,2026-06-04 16:51:15.684327
1120,4,453,15.17,False,,2026-06-04 16:51:15.684345
1121,4,457,17.3,False,,2026-06-04 16:51:15.684362
1122,4,458,8.35,False,,2026-06-04 16:51:15.684379
1123,4,459,8.78,False,,2026-06-04 16:51:15.684397
1124,4,461,13.46,False,,2026-06-04 16:51:15.684414
1125,4,471,12.16,False,,2026-06-04 16:51:15.684432
1126,4,479,14.79,False,,2026-06-04 16:51:15.684449
1127,4,481,0.0,True,Absent,2026-06-04 16:51:15.684466
1128,4,484,12.64,False,,2026-06-04 16:51:15.684479
1129,4,487,15.31,False,,2026-06-04 16:51:15.684496
1130,4,490,16.3,False,,2026-06-04 16:51:15.684514
1131,4,494,11.97,False,,2026-06-04 16:51:15.684531
1132,4,495,10.64,False,,2026-06-04 16:51:15.684544
1133,4,497,10.57,False,,2026-06-04 16:51:15.684562
1134,4,506,11.82,False,,2026-06-04 16:51:15.684579
1135,4,508,12.53,False,,2026-06-04 16:51:15.684596
1136,4,509,7.81,False,,2026-06-04 16:51:15.684614
1137,4,512,12.85,False,,2026-06-04 16:51:15.684627
1138,4,514,14.79,False,,2026-06-04 16:51:15.684644
1139,4,516,0.0,True,Absent,2026-06-04 16:51:15.684657
1140,4,523,14.41,False,,2026-06-04 16:51:15.684671
1141,4,526,14.43,False,,2026-06-04 16:51:15.684687
1142,4,529,14.26,False,,2026-06-04 16:51:15.684705
1143,4,536,13.4,False,,2026-06-04 16:51:15.684722
1144,4,539,15.99,False,,2026-06-04 16:51:15.684739
1145,4,541,9.24,False,,2026-06-04 16:51:15.684753
1146,4,542,9.47,False,,2026-06-04 16:51:15.684770
1147,4,547,0.0,True,Absent,2026-06-04 16:51:15.684783
1148,4,548,14.0,False,,2026-06-04 16:51:15.684800
1149,4,552,17.93,False,,2026-06-04 16:51:15.684817
1150,4,553,11.81,False,,2026-06-04 16:51:15.684835
1151,4,554,14.79,False,,2026-06-04 16:51:15.684852
1152,4,555,15.33,False,,2026-06-04 16:51:15.684869
1153,4,558,11.25,False,,2026-06-04 16:51:15.684886
1154,4,569,11.83,False,,2026-06-04 16:51:15.684904
1155,4,571,8.98,False,,2026-06-04 16:51:15.684918
1156,4,576,15.64,False,,2026-06-04 16:51:15.684931
1157,4,579,13.33,False,,2026-06-04 16:51:15.684944
1158,4,580,0.0,True,Absent,2026-06-04 16:51:15.684957
1159,4,584,11.71,False,,2026-06-04 16:51:15.684971
1160,4,585,13.79,False,,2026-06-04 16:51:15.684984
1161,4,586,9.31,False,,2026-06-04 16:51:15.684997
1162,4,592,9.56,False,,2026-06-04 16:51:15.685011
1163,4,593,14.68,False,,2026-06-04 16:51:15.685024
1164,4,595,10.37,False,,2026-06-04 16:51:15.685040
1165,4,599,13.17,False,,2026-06-04 16:51:15.685057
1166,4,603,17.43,False,,2026-06-04 16:51:15.685071
1167,4,604,13.59,False,,2026-06-04 16:51:15.685084
1168,4,605,9.94,False,,2026-06-04 16:51:15.685101
1169,4,608,6.37,False,,2026-06-04 16:51:15.685115
1170,4,611,11.19,False,,2026-06-04 16:51:15.685132
1171,4,619,10.93,False,,2026-06-04 16:51:15.685147
1172,4,620,13.77,False,,2026-06-04 16:51:15.685164
1173,4,623,15.3,False,,2026-06-04 16:51:15.685182
1174,4,624,12.38,False,,2026-06-04 16:51:15.685199
1175,4,636,10.78,False,,2026-06-04 16:51:15.685217
1176,4,638,17.93,False,,2026-06-04 16:51:15.685230
1177,4,641,15.74,False,,2026-06-04 16:51:15.685247
1178,4,643,14.07,False,,2026-06-04 16:51:15.685261
1179,4,644,14.83,False,,2026-06-04 16:51:15.685278
1180,4,646,11.06,False,,2026-06-04 16:51:15.685295
1181,4,647,6.75,False,,2026-06-04 16:51:15.685308
1182,4,648,6.53,False,,2026-06-04 16:51:15.685325
1183,4,649,7.66,False,,2026-06-04 16:51:15.685343
1184,4,653,9.69,False,,2026-06-04 16:51:15.685360
1185,4,657,7.34,False,,2026-06-04 16:51:15.685377
1186,4,660,11.88,False,,2026-06-04 16:51:15.685394
1187,4,663,9.97,False,,2026-06-04 16:51:15.685412
1188,4,666,9.15,False,,2026-06-04 16:51:15.685429
1189,4,667,7.26,False,,2026-06-04 16:51:15.685447
1190,4,669,8.57,False,,2026-06-04 16:51:15.685475
1191,4,672,9.62,False,,2026-06-04 16:51:15.685492
1192,4,674,9.02,False,,2026-06-04 16:51:15.685510
1193,4,675,0.0,True,Absent,2026-06-04 16:51:15.685526
1194,4,678,14.93,False,,2026-06-04 16:51:15.685540
1195,4,684,17.16,False,,2026-06-04 16:51:15.685557
1196,4,687,6.61,False,,2026-06-04 16:51:15.685574
1197,4,692,6.6,False,,2026-06-04 16:51:15.685592
1198,4,693,13.32,False,,2026-06-04 16:51:15.685609
1199,4,694,12.55,False,,2026-06-04 16:51:15.685626
1200,4,696,17.15,False,,2026-06-04 16:51:15.685644
1201,4,701,7.16,False,,2026-06-04 16:51:15.685661
1202,4,710,12.64,False,,2026-06-04 16:51:15.685678
1203,4,712,13.53,False,,2026-06-04 16:51:15.685692
1204,4,715,12.84,False,,2026-06-04 16:51:15.685709
1205,4,720,13.34,False,,2026-06-04 16:51:15.685727
1206,4,723,16.31,False,,2026-06-04 16:51:15.685740
1207,4,732,8.0,False,,2026-06-04 16:51:15.685757
1208,4,734,11.39,False,,2026-06-04 16:51:15.685775
1209,4,743,15.34,False,,2026-06-04 16:51:15.685792
1210,4,744,17.47,False,,2026-06-04 16:51:15.685809
1211,4,746,13.49,False,,2026-06-04 16:51:15.685827
1212,4,755,0.0,True,Absent,2026-06-04 16:51:15.685844
1213,4,757,6.9,False,,2026-06-04 16:51:15.685857
1214,4,762,5.92,False,,2026-06-04 16:51:15.685874
1215,4,763,10.68,False,,2026-06-04 16:51:15.685893
1216,4,766,7.96,False,,2026-06-04 16:51:15.685906
1217,4,774,11.64,False,,2026-06-04 16:51:15.685923
1218,4,776,13.66,False,,2026-06-04 16:51:15.685940
1219,4,779,14.51,False,,2026-06-04 16:51:15.685957
1220,4,781,14.5,False,,2026-06-04 16:51:15.685975
1221,4,784,10.29,False,,2026-06-04 16:51:15.685992
1222,4,788,11.88,False,,2026-06-04 16:51:15.686009
1223,4,790,10.35,False,,2026-06-04 16:51:15.686027
1224,4,797,10.32,False,,2026-06-04 16:51:15.686044
1225,4,798,6.86,False,,2026-06-04 16:51:15.686061
1226,4,805,6.71,False,,2026-06-04 16:51:15.686079
1227,4,806,16.98,False,,2026-06-04 16:51:15.686096
1228,4,810,12.49,False,,2026-06-04 16:51:15.686114
1229,4,813,9.49,False,,2026-06-04 16:51:15.686131
1230,4,815,16.66,False,,2026-06-04 16:51:15.686145
1231,4,820,7.9,False,,2026-06-04 16:51:15.686162
1232,4,821,7.79,False,,2026-06-04 16:51:15.686179
1233,4,822,15.48,False,,2026-06-04 16:51:15.686196
1234,4,830,14.2,False,,2026-06-04 16:51:15.686214
1235,4,836,12.88,False,,2026-06-04 16:51:15.686231
1236,4,839,0.0,True,Absent,2026-06-04 16:51:15.686248
1237,4,842,6.75,False,,2026-06-04 16:51:15.686262
1238,4,851,12.5,False,,2026-06-04 16:51:15.686279
1239,4,853,14.4,False,,2026-06-04 16:51:15.686296
1240,4,855,10.41,False,,2026-06-04 16:51:15.686313
1241,4,859,15.94,False,,2026-06-04 16:51:15.686331
1242,4,860,13.36,False,,2026-06-04 16:51:15.686348
1243,4,862,15.59,False,,2026-06-04 16:51:15.686361
1244,4,868,10.87,False,,2026-06-04 16:51:15.686375
1245,4,870,11.47,False,,2026-06-04 16:51:15.686390
1246,4,873,13.76,False,,2026-06-04 16:51:15.686412
1247,4,875,11.77,False,,2026-06-04 16:51:15.686430
1248,4,877,14.8,False,,2026-06-04 16:51:15.686447
1249,4,879,0.0,True,Absent,2026-06-04 16:51:15.686464
1250,4,881,9.71,False,,2026-06-04 16:51:15.686477
1251,4,891,15.46,False,,2026-06-04 16:51:15.686494
1252,4,893,9.16,False,,2026-06-04 16:51:15.686512
1253,4,894,12.44,False,,2026-06-04 16:51:15.686529
1254,4,905,9.95,False,,2026-06-04 16:51:15.686547
1255,4,912,15.58,False,,2026-06-04 16:51:15.686560
1256,4,914,13.26,False,,2026-06-04 16:51:15.686577
1257,4,919,13.29,False,,2026-06-04 16:51:15.686591
1258,4,921,8.21,False,,2026-06-04 16:51:15.686604
1259,4,922,13.67,False,,2026-06-04 16:51:15.686621
1260,4,928,10.61,False,,2026-06-04 16:51:15.686634
1261,4,929,10.69,False,,2026-06-04 16:51:15.686651
1262,4,931,14.05,False,,2026-06-04 16:51:15.686668
1263,4,934,8.5,False,,2026-06-04 16:51:15.686686
1264,4,937,13.83,False,,2026-06-04 16:51:15.686699
1265,4,938,7.27,False,,2026-06-04 16:51:15.686716
1266,4,940,12.8,False,,2026-06-04 16:51:15.686733
1267,4,947,16.18,False,,2026-06-04 16:51:15.686750
1268,4,954,14.84,False,,2026-06-04 16:51:15.686769
1269,4,956,9.79,False,,2026-06-04 16:51:15.686786
1270,4,959,16.12,False,,2026-06-04 16:51:15.686802
1271,4,961,11.13,False,,2026-06-04 16:51:15.686819
1272,4,963,17.72,False,,2026-06-04 16:51:15.686832
1273,4,971,14.63,False,,2026-06-04 16:51:15.686849
1274,4,977,13.39,False,,2026-06-04 16:51:15.686866
1275,4,979,7.72,False,,2026-06-04 16:51:15.686884
1276,4,980,0.0,True,Absent,2026-06-04 16:51:15.686900
1277,4,983,13.48,False,,2026-06-04 16:51:15.686914
1278,4,988,10.81,False,,2026-06-04 16:51:15.686927
1279,4,989,9.22,False,,2026-06-04 16:51:15.686940
1280,4,991,10.91,False,,2026-06-04 16:51:15.686954
1281,4,992,0.0,True,Absent,2026-06-04 16:51:15.686966
1282,4,994,6.94,False,,2026-06-04 16:51:15.686979
1283,4,997,0.0,True,Absent,2026-06-04 16:51:15.686992
1284,4,999,14.38,False,,2026-06-04 16:51:15.687005
1285,5,2,15.78,False,,2026-06-04 16:51:15.687489
1286,5,5,13.06,False,,2026-06-04 16:51:15.687508
1287,5,15,13.94,False,,2026-06-04 16:51:15.687527
1288,5,16,12.54,False,,2026-06-04 16:51:15.687544
1289,5,19,15.06,False,,2026-06-04 16:51:15.687560
1290,5,20,8.62,False,,2026-06-04 16:51:15.687578
1291,5,21,13.39,False,,2026-06-04 16:51:15.687595
1292,5,30,8.66,False,,2026-06-04 16:51:15.687613
1293,5,37,0.0,True,Absent,2026-06-04 16:51:15.687629
1294,5,40,11.88,False,,2026-06-04 16:51:15.687643
1295,5,44,0.0,True,Absent,2026-06-04 16:51:15.687659
1296,5,47,8.82,False,,2026-06-04 16:51:15.687672
1297,5,49,9.89,False,,2026-06-04 16:51:15.687686
1298,5,50,6.92,False,,2026-06-04 16:51:15.687699
1299,5,51,0.0,True,Absent,2026-06-04 16:51:15.687712
1300,5,57,12.2,False,,2026-06-04 16:51:15.687725
1301,5,58,11.83,False,,2026-06-04 16:51:15.687738
1302,5,59,16.16,False,,2026-06-04 16:51:15.687754
1303,5,62,12.08,False,,2026-06-04 16:51:15.687772
1304,5,64,13.35,False,,2026-06-04 16:51:15.687785
1305,5,71,14.7,False,,2026-06-04 16:51:15.687798
1306,5,72,10.69,False,,2026-06-04 16:51:15.687812
1307,5,78,7.96,False,,2026-06-04 16:51:15.687830
1308,5,79,12.17,False,,2026-06-04 16:51:15.687843
1309,5,80,8.19,False,,2026-06-04 16:51:15.687856
1310,5,81,12.88,False,,2026-06-04 16:51:15.687869
1311,5,82,12.46,False,,2026-06-04 16:51:15.687882
1312,5,84,16.81,False,,2026-06-04 16:51:15.687894
1313,5,85,11.69,False,,2026-06-04 16:51:15.687907
1314,5,86,13.04,False,,2026-06-04 16:51:15.687920
1315,5,87,16.16,False,,2026-06-04 16:51:15.687933
1316,5,88,10.6,False,,2026-06-04 16:51:15.687946
1317,5,92,10.67,False,,2026-06-04 16:51:15.687962
1318,5,94,6.12,False,,2026-06-04 16:51:15.687975
1319,5,95,13.59,False,,2026-06-04 16:51:15.687989
1320,5,96,7.72,False,,2026-06-04 16:51:15.688004
1321,5,97,13.57,False,,2026-06-04 16:51:15.688018
1322,5,105,0.0,True,Absent,2026-06-04 16:51:15.688033
1323,5,108,0.0,True,Absent,2026-06-04 16:51:15.688046
1324,5,110,11.11,False,,2026-06-04 16:51:15.688061
1325,5,121,18.19,False,,2026-06-04 16:51:15.688075
1326,5,123,9.47,False,,2026-06-04 16:51:15.688088
1327,5,125,11.12,False,,2026-06-04 16:51:15.688104
1328,5,131,14.92,False,,2026-06-04 16:51:15.688121
1329,5,132,15.58,False,,2026-06-04 16:51:15.688138
1330,5,135,13.86,False,,2026-06-04 16:51:15.688154
1331,5,137,8.05,False,,2026-06-04 16:51:15.688171
1332,5,140,14.92,False,,2026-06-04 16:51:15.688184
1333,5,143,13.24,False,,2026-06-04 16:51:15.688200
1334,5,146,13.3,False,,2026-06-04 16:51:15.688217
1335,5,153,8.29,False,,2026-06-04 16:51:15.688233
1336,5,156,17.36,False,,2026-06-04 16:51:15.688249
1337,5,158,11.66,False,,2026-06-04 16:51:15.688267
1338,5,166,8.74,False,,2026-06-04 16:51:15.688280
1339,5,168,8.69,False,,2026-06-04 16:51:15.688293
1340,5,169,9.87,False,,2026-06-04 16:51:15.688308
1341,5,173,8.16,False,,2026-06-04 16:51:15.688325
1342,5,176,16.86,False,,2026-06-04 16:51:15.688338
1343,5,179,8.91,False,,2026-06-04 16:51:15.688351
1344,5,182,11.04,False,,2026-06-04 16:51:15.688364
1345,5,183,18.01,False,,2026-06-04 16:51:15.688377
1346,5,184,0.0,True,Absent,2026-06-04 16:51:15.688389
1347,5,185,10.49,False,,2026-06-04 16:51:15.688405
1348,5,186,7.82,False,,2026-06-04 16:51:15.688418
1349,5,191,16.04,False,,2026-06-04 16:51:15.688434
1350,5,196,13.35,False,,2026-06-04 16:51:15.688450
1351,5,199,14.74,False,,2026-06-04 16:51:15.688467
1352,5,201,11.41,False,,2026-06-04 16:51:15.688480
1353,5,203,10.85,False,,2026-06-04 16:51:15.688496
1354,5,204,11.76,False,,2026-06-04 16:51:15.688512
1355,5,212,8.27,False,,2026-06-04 16:51:15.688529
1356,5,213,11.61,False,,2026-06-04 16:51:15.688545
1357,5,216,7.2,False,,2026-06-04 16:51:15.688561
1358,5,219,11.46,False,,2026-06-04 16:51:15.688578
1359,5,220,8.93,False,,2026-06-04 16:51:15.688591
1360,5,221,13.82,False,,2026-06-04 16:51:15.688607
1361,5,227,10.41,False,,2026-06-04 16:51:15.688623
1362,5,228,0.0,True,Absent,2026-06-04 16:51:15.688635
1363,5,232,12.96,False,,2026-06-04 16:51:15.688651
1364,5,235,9.82,False,,2026-06-04 16:51:15.688667
1365,5,236,15.53,False,,2026-06-04 16:51:15.688684
1366,5,243,0.0,True,Absent,2026-06-04 16:51:15.688696
1367,5,244,0.0,True,Absent,2026-06-04 16:51:15.688708
1368,5,248,12.62,False,,2026-06-04 16:51:15.688721
1369,5,250,18.67,False,,2026-06-04 16:51:15.688734
1370,5,251,14.27,False,,2026-06-04 16:51:15.688747
1371,5,254,0.0,True,Absent,2026-06-04 16:51:15.688760
1372,5,258,15.55,False,,2026-06-04 16:51:15.688781
1373,5,260,11.8,False,,2026-06-04 16:51:15.688797
1374,5,264,16.73,False,,2026-06-04 16:51:15.688814
1375,5,269,10.95,False,,2026-06-04 16:51:15.688830
1376,5,271,12.8,False,,2026-06-04 16:51:15.688847
1377,5,272,8.39,False,,2026-06-04 16:51:15.688863
1378,5,281,12.93,False,,2026-06-04 16:51:15.688876
1379,5,284,12.44,False,,2026-06-04 16:51:15.688889
1380,5,286,11.44,False,,2026-06-04 16:51:15.688902
1381,5,288,16.24,False,,2026-06-04 16:51:15.688918
1382,5,289,0.0,True,Absent,2026-06-04 16:51:15.688935
1383,5,291,0.0,True,Absent,2026-06-04 16:51:15.688947
1384,5,295,0.0,True,Absent,2026-06-04 16:51:15.688959
1385,5,296,10.74,False,,2026-06-04 16:51:15.688974
1386,5,298,16.21,False,,2026-06-04 16:51:15.688990
1387,5,299,16.15,False,,2026-06-04 16:51:15.689003
1388,5,300,10.99,False,,2026-06-04 16:51:15.689019
1389,5,302,12.23,False,,2026-06-04 16:51:15.689036
1390,5,310,7.89,False,,2026-06-04 16:51:15.689054
1391,5,313,10.4,False,,2026-06-04 16:51:15.689071
1392,5,315,11.24,False,,2026-06-04 16:51:15.689084
1393,5,319,13.62,False,,2026-06-04 16:51:15.689101
1394,5,325,12.76,False,,2026-06-04 16:51:15.689114
1395,5,327,13.01,False,,2026-06-04 16:51:15.689127
1396,5,332,9.97,False,,2026-06-04 16:51:15.689140
1397,5,333,13.5,False,,2026-06-04 16:51:15.689154
1398,5,336,14.55,False,,2026-06-04 16:51:15.689167
1399,5,339,12.8,False,,2026-06-04 16:51:15.689180
1400,5,340,10.79,False,,2026-06-04 16:51:15.689193
1401,5,342,11.02,False,,2026-06-04 16:51:15.689207
1402,5,343,8.58,False,,2026-06-04 16:51:15.689221
1403,5,346,12.53,False,,2026-06-04 16:51:15.689234
1404,5,350,5.77,False,,2026-06-04 16:51:15.689247
1405,5,351,12.7,False,,2026-06-04 16:51:15.689263
1406,5,357,0.0,True,Absent,2026-06-04 16:51:15.689280
1407,5,359,11.77,False,,2026-06-04 16:51:15.689295
1408,5,361,0.0,True,Absent,2026-06-04 16:51:15.689308
1409,5,365,15.45,False,,2026-06-04 16:51:15.689324
1410,5,368,9.55,False,,2026-06-04 16:51:15.689337
1411,5,371,13.09,False,,2026-06-04 16:51:15.689350
1412,5,372,13.72,False,,2026-06-04 16:51:15.689363
1413,5,373,12.01,False,,2026-06-04 16:51:15.689376
1414,5,374,0.0,True,Absent,2026-06-04 16:51:15.689388
1415,5,381,15.45,False,,2026-06-04 16:51:15.689401
1416,5,382,0.0,True,Absent,2026-06-04 16:51:15.689414
1417,5,383,11.44,False,,2026-06-04 16:51:15.689426
1418,5,384,0.0,True,Absent,2026-06-04 16:51:15.689439
1419,5,385,8.17,False,,2026-06-04 16:51:15.689452
1420,5,386,6.28,False,,2026-06-04 16:51:15.689465
1421,5,389,6.44,False,,2026-06-04 16:51:15.689478
1422,5,390,9.58,False,,2026-06-04 16:51:15.689491
1423,5,391,16.2,False,,2026-06-04 16:51:15.689504
1424,5,394,7.27,False,,2026-06-04 16:51:15.689517
1425,5,398,13.31,False,,2026-06-04 16:51:15.689532
1426,5,403,9.83,False,,2026-06-04 16:51:15.689545
1427,5,413,9.2,False,,2026-06-04 16:51:15.689559
1428,5,415,12.38,False,,2026-06-04 16:51:15.689572
1429,5,416,15.21,False,,2026-06-04 16:51:15.689584
1430,5,418,7.54,False,,2026-06-04 16:51:15.689597
1431,5,420,12.79,False,,2026-06-04 16:51:15.689610
1432,5,422,9.44,False,,2026-06-04 16:51:15.689623
1433,5,423,11.27,False,,2026-06-04 16:51:15.689636
1434,5,424,12.63,False,,2026-06-04 16:51:15.689649
1435,5,428,0.0,True,Absent,2026-06-04 16:51:15.689661
1436,5,431,10.38,False,,2026-06-04 16:51:15.689674
1437,5,433,10.31,False,,2026-06-04 16:51:15.689687
1438,5,443,10.86,False,,2026-06-04 16:51:15.689700
1439,5,448,13.83,False,,2026-06-04 16:51:15.689713
1440,5,449,8.91,False,,2026-06-04 16:51:15.689726
1441,5,453,12.66,False,,2026-06-04 16:51:15.689739
1442,5,457,17.16,False,,2026-06-04 16:51:15.689752
1443,5,458,7.9,False,,2026-06-04 16:51:15.689765
1444,5,459,9.03,False,,2026-06-04 16:51:15.689778
1445,5,461,15.83,False,,2026-06-04 16:51:15.689791
1446,5,471,0.0,True,Absent,2026-06-04 16:51:15.689803
1447,5,479,13.68,False,,2026-06-04 16:51:15.689816
1448,5,481,14.57,False,,2026-06-04 16:51:15.689829
1449,5,484,10.02,False,,2026-06-04 16:51:15.689842
1450,5,487,13.61,False,,2026-06-04 16:51:15.689855
1451,5,490,15.53,False,,2026-06-04 16:51:15.689868
1452,5,494,9.46,False,,2026-06-04 16:51:15.689881
1453,5,495,11.36,False,,2026-06-04 16:51:15.689894
1454,5,497,10.41,False,,2026-06-04 16:51:15.689907
1455,5,506,11.75,False,,2026-06-04 16:51:15.689920
1456,5,508,13.06,False,,2026-06-04 16:51:15.689933
1457,5,509,8.62,False,,2026-06-04 16:51:15.689945
1458,5,512,14.63,False,,2026-06-04 16:51:15.689958
1459,5,514,11.53,False,,2026-06-04 16:51:15.689971
1460,5,516,15.13,False,,2026-06-04 16:51:15.689984
1461,5,523,16.78,False,,2026-06-04 16:51:15.689997
1462,5,526,13.9,False,,2026-06-04 16:51:15.690013
1463,5,529,10.14,False,,2026-06-04 16:51:15.690026
1464,5,536,16.4,False,,2026-06-04 16:51:15.690040
1465,5,539,11.92,False,,2026-06-04 16:51:15.690053
1466,5,541,6.81,False,,2026-06-04 16:51:15.690066
1467,5,542,8.69,False,,2026-06-04 16:51:15.690079
1468,5,547,13.12,False,,2026-06-04 16:51:15.690092
1469,5,548,9.1,False,,2026-06-04 16:51:15.690105
1470,5,552,16.6,False,,2026-06-04 16:51:15.690117
1471,5,553,10.94,False,,2026-06-04 16:51:15.690130
1472,5,554,11.83,False,,2026-06-04 16:51:15.690143
1473,5,555,14.47,False,,2026-06-04 16:51:15.690156
1474,5,558,11.05,False,,2026-06-04 16:51:15.690169
1475,5,569,14.1,False,,2026-06-04 16:51:15.690182
1476,5,571,13.13,False,,2026-06-04 16:51:15.690195
1477,5,576,13.57,False,,2026-06-04 16:51:15.690208
1478,5,579,10.72,False,,2026-06-04 16:51:15.690221
1479,5,580,13.84,False,,2026-06-04 16:51:15.690234
1480,5,584,10.17,False,,2026-06-04 16:51:15.690247
1481,5,585,12.85,False,,2026-06-04 16:51:15.690260
1482,5,586,12.73,False,,2026-06-04 16:51:15.690273
1483,5,592,8.88,False,,2026-06-04 16:51:15.690286
1484,5,593,14.89,False,,2026-06-04 16:51:15.690299
1485,5,595,12.76,False,,2026-06-04 16:51:15.690312
1486,5,599,17.95,False,,2026-06-04 16:51:15.690325
1487,5,603,15.86,False,,2026-06-04 16:51:15.690338
1488,5,604,14.2,False,,2026-06-04 16:51:15.690354
1489,5,605,11.85,False,,2026-06-04 16:51:15.690367
1490,5,608,11.79,False,,2026-06-04 16:51:15.690380
1491,5,611,12.34,False,,2026-06-04 16:51:15.690393
1492,5,619,6.26,False,,2026-06-04 16:51:15.690406
1493,5,620,15.38,False,,2026-06-04 16:51:15.690419
1494,5,623,0.0,True,Absent,2026-06-04 16:51:15.690431
1495,5,624,17.97,False,,2026-06-04 16:51:15.690444
1496,5,636,11.34,False,,2026-06-04 16:51:15.690457
1497,5,638,16.23,False,,2026-06-04 16:51:15.690470
1498,5,641,18.27,False,,2026-06-04 16:51:15.690483
1499,5,643,14.01,False,,2026-06-04 16:51:15.690496
1500,5,644,15.72,False,,2026-06-04 16:51:15.690509
1501,5,646,8.8,False,,2026-06-04 16:51:15.690522
1502,5,647,6.79,False,,2026-06-04 16:51:15.690535
1503,5,648,11.37,False,,2026-06-04 16:51:15.690550
1504,5,649,9.43,False,,2026-06-04 16:51:15.690563
1505,5,653,9.13,False,,2026-06-04 16:51:15.690576
1506,5,657,7.44,False,,2026-06-04 16:51:15.690589
1507,5,660,10.31,False,,2026-06-04 16:51:15.690602
1508,5,663,9.41,False,,2026-06-04 16:51:15.690615
1509,5,666,9.32,False,,2026-06-04 16:51:15.690628
1510,5,667,8.56,False,,2026-06-04 16:51:15.690641
1511,5,669,9.54,False,,2026-06-04 16:51:15.690654
1512,5,672,7.47,False,,2026-06-04 16:51:15.690667
1513,5,674,9.01,False,,2026-06-04 16:51:15.690679
1514,5,675,8.5,False,,2026-06-04 16:51:15.690692
1515,5,678,18.84,False,,2026-06-04 16:51:15.690705
1516,5,684,17.72,False,,2026-06-04 16:51:15.690718
1517,5,687,8.54,False,,2026-06-04 16:51:15.690731
1518,5,692,11.32,False,,2026-06-04 16:51:15.690744
1519,5,693,10.55,False,,2026-06-04 16:51:15.690757
1520,5,694,9.0,False,,2026-06-04 16:51:15.690770
1521,5,696,17.69,False,,2026-06-04 16:51:15.690783
1522,5,701,7.96,False,,2026-06-04 16:51:15.690796
1523,5,710,0.0,True,Absent,2026-06-04 16:51:15.690808
1524,5,712,9.41,False,,2026-06-04 16:51:15.690821
1525,5,715,13.03,False,,2026-06-04 16:51:15.690834
1526,5,720,12.68,False,,2026-06-04 16:51:15.690847
1527,5,723,14.87,False,,2026-06-04 16:51:15.690860
1528,5,732,12.98,False,,2026-06-04 16:51:15.690873
1529,5,734,11.52,False,,2026-06-04 16:51:15.690886
1530,5,743,11.56,False,,2026-06-04 16:51:15.690899
1531,5,744,17.54,False,,2026-06-04 16:51:15.690912
1532,5,746,12.05,False,,2026-06-04 16:51:15.690924
1533,5,755,13.75,False,,2026-06-04 16:51:15.690940
1534,5,757,11.05,False,,2026-06-04 16:51:15.690953
1535,5,762,6.53,False,,2026-06-04 16:51:15.690966
1536,5,763,9.77,False,,2026-06-04 16:51:15.690979
1537,5,766,6.9,False,,2026-06-04 16:51:15.690991
1538,5,774,0.0,True,Absent,2026-06-04 16:51:15.691004
1539,5,776,10.49,False,,2026-06-04 16:51:15.691018
1540,5,779,11.4,False,,2026-06-04 16:51:15.691031
1541,5,781,10.55,False,,2026-06-04 16:51:15.691044
1542,5,784,0.0,True,Absent,2026-06-04 16:51:15.691056
1543,5,788,14.93,False,,2026-06-04 16:51:15.691069
1544,5,790,13.86,False,,2026-06-04 16:51:15.691082
1545,5,797,11.43,False,,2026-06-04 16:51:15.691095
1546,5,798,9.69,False,,2026-06-04 16:51:15.691108
1547,5,805,0.0,True,Absent,2026-06-04 16:51:15.691120
1548,5,806,12.09,False,,2026-06-04 16:51:15.691133
1549,5,810,8.26,False,,2026-06-04 16:51:15.691146
1550,5,813,0.0,True,Absent,2026-06-04 16:51:15.691158
1551,5,815,13.5,False,,2026-06-04 16:51:15.691171
1552,5,820,9.94,False,,2026-06-04 16:51:15.691184
1553,5,821,5.69,False,,2026-06-04 16:51:15.691198
1554,5,822,16.58,False,,2026-06-04 16:51:15.691211
1555,5,830,17.17,False,,2026-06-04 16:51:15.691224
1556,5,836,14.07,False,,2026-06-04 16:51:15.691237
1557,5,839,6.65,False,,2026-06-04 16:51:15.691250
1558,5,842,9.21,False,,2026-06-04 16:51:15.691263
1559,5,851,10.86,False,,2026-06-04 16:51:15.691275
1560,5,853,13.21,False,,2026-06-04 16:51:15.691288
1561,5,855,12.35,False,,2026-06-04 16:51:15.691301
1562,5,859,15.21,False,,2026-06-04 16:51:15.691314
1563,5,860,10.2,False,,2026-06-04 16:51:15.691327
1564,5,862,13.33,False,,2026-06-04 16:51:15.691340
1565,5,868,11.26,False,,2026-06-04 16:51:15.691352
1566,5,870,10.87,False,,2026-06-04 16:51:15.691365
1567,5,873,14.03,False,,2026-06-04 16:51:15.691378
1568,5,875,12.78,False,,2026-06-04 16:51:15.691391
1569,5,877,12.01,False,,2026-06-04 16:51:15.691404
1570,5,879,8.65,False,,2026-06-04 16:51:15.691417
1571,5,881,11.41,False,,2026-06-04 16:51:15.691430
1572,5,891,13.97,False,,2026-06-04 16:51:15.691442
1573,5,893,0.0,True,Absent,2026-06-04 16:51:15.691455
1574,5,894,14.23,False,,2026-06-04 16:51:15.691467
1575,5,905,6.54,False,,2026-06-04 16:51:15.691480
1576,5,912,14.8,False,,2026-06-04 16:51:15.691494
1577,5,914,14.55,False,,2026-06-04 16:51:15.691507
1578,5,919,14.59,False,,2026-06-04 16:51:15.691520
1579,5,921,5.78,False,,2026-06-04 16:51:15.691533
1580,5,922,11.16,False,,2026-06-04 16:51:15.691547
1581,5,928,0.0,True,Absent,2026-06-04 16:51:15.691562
1582,5,929,0.0,True,Absent,2026-06-04 16:51:15.691574
1583,5,931,13.59,False,,2026-06-04 16:51:15.691588
1584,5,934,6.72,False,,2026-06-04 16:51:15.691601
1585,5,937,11.07,False,,2026-06-04 16:51:15.691614
1586,5,938,11.17,False,,2026-06-04 16:51:15.691627
1587,5,940,13.09,False,,2026-06-04 16:51:15.691640
1588,5,947,12.91,False,,2026-06-04 16:51:15.691653
1589,5,954,15.68,False,,2026-06-04 16:51:15.691666
1590,5,956,10.1,False,,2026-06-04 16:51:15.691679
1591,5,959,12.92,False,,2026-06-04 16:51:15.691692
1592,5,961,11.7,False,,2026-06-04 16:51:15.691705
1593,5,963,17.31,False,,2026-06-04 16:51:15.691718
1594,5,971,14.63,False,,2026-06-04 16:51:15.691732
1595,5,977,13.3,False,,2026-06-04 16:51:15.691744
1596,5,979,0.0,True,Absent,2026-06-04 16:51:15.691757
1597,5,980,17.4,False,,2026-06-04 16:51:15.691770
1598,5,983,16.14,False,,2026-06-04 16:51:15.691783
1599,5,988,12.25,False,,2026-06-04 16:51:15.691796
1600,5,989,12.07,False,,2026-06-04 16:51:15.691808
1601,5,991,0.0,True,Absent,2026-06-04 16:51:15.691821
1602,5,992,16.25,False,,2026-06-04 16:51:15.691834
1603,5,994,5.77,False,,2026-06-04 16:51:15.691846
1604,5,997,0.0,True,Absent,2026-06-04 16:51:15.691859
1605,5,999,16.92,False,,2026-06-04 16:51:15.691871
1606,6,2,15.02,False,,2026-06-04 16:51:15.692240
1607,6,5,13.66,False,,2026-06-04 16:51:15.692257
1608,6,15,11.46,False,,2026-06-04 16:51:15.692272
1609,6,16,12.97,False,,2026-06-04 16:51:15.692285
1610,6,19,14.66,False,,2026-06-04 16:51:15.692299
1611,6,20,13.88,False,,2026-06-04 16:51:15.692312
1612,6,21,12.62,False,,2026-06-04 16:51:15.692325
1613,6,30,8.39,False,,2026-06-04 16:51:15.692339
1614,6,37,9.2,False,,2026-06-04 16:51:15.692352
1615,6,40,14.53,False,,2026-06-04 16:51:15.692365
1616,6,44,6.74,False,,2026-06-04 16:51:15.692378
1617,6,47,9.56,False,,2026-06-04 16:51:15.692391
1618,6,49,12.0,False,,2026-06-04 16:51:15.692404
1619,6,50,7.79,False,,2026-06-04 16:51:15.692417
1620,6,51,10.86,False,,2026-06-04 16:51:15.692431
1621,6,57,11.7,False,,2026-06-04 16:51:15.692444
1622,6,58,12.87,False,,2026-06-04 16:51:15.692457
1623,6,59,13.3,False,,2026-06-04 16:51:15.692470
1624,6,62,9.91,False,,2026-06-04 16:51:15.692483
1625,6,64,16.26,False,,2026-06-04 16:51:15.692496
1626,6,71,13.25,False,,2026-06-04 16:51:15.692509
1627,6,72,12.06,False,,2026-06-04 16:51:15.692522
1628,6,78,11.55,False,,2026-06-04 16:51:15.692536
1629,6,79,12.25,False,,2026-06-04 16:51:15.692549
1630,6,80,10.81,False,,2026-06-04 16:51:15.692562
1631,6,81,0.0,True,Absent,2026-06-04 16:51:15.692574
1632,6,82,12.98,False,,2026-06-04 16:51:15.692587
1633,6,84,15.33,False,,2026-06-04 16:51:15.692600
1634,6,85,6.16,False,,2026-06-04 16:51:15.692613
1635,6,86,14.33,False,,2026-06-04 16:51:15.692626
1636,6,87,17.92,False,,2026-06-04 16:51:15.692639
1637,6,88,14.14,False,,2026-06-04 16:51:15.692652
1638,6,92,9.44,False,,2026-06-04 16:51:15.692665
1639,6,94,0.0,True,Absent,2026-06-04 16:51:15.692677
1640,6,95,11.56,False,,2026-06-04 16:51:15.692690
1641,6,96,10.07,False,,2026-06-04 16:51:15.692703
1642,6,97,14.0,False,,2026-06-04 16:51:15.692716
1643,6,105,13.44,False,,2026-06-04 16:51:15.692729
1644,6,108,17.15,False,,2026-06-04 16:51:15.692745
1645,6,110,11.92,False,,2026-06-04 16:51:15.692758
1646,6,121,15.19,False,,2026-06-04 16:51:15.692771
1647,6,123,11.03,False,,2026-06-04 16:51:15.692784
1648,6,125,15.18,False,,2026-06-04 16:51:15.692797
1649,6,131,16.75,False,,2026-06-04 16:51:15.692809
1650,6,132,11.37,False,,2026-06-04 16:51:15.692822
1651,6,135,11.49,False,,2026-06-04 16:51:15.692835
1652,6,137,9.31,False,,2026-06-04 16:51:15.692848
1653,6,140,10.52,False,,2026-06-04 16:51:15.692861
1654,6,143,12.46,False,,2026-06-04 16:51:15.692874
1655,6,146,17.97,False,,2026-06-04 16:51:15.692887
1656,6,153,11.02,False,,2026-06-04 16:51:15.692900
1657,6,156,17.26,False,,2026-06-04 16:51:15.692912
1658,6,158,13.36,False,,2026-06-04 16:51:15.692925
1659,6,166,14.41,False,,2026-06-04 16:51:15.692941
1660,6,168,6.76,False,,2026-06-04 16:51:15.692954
1661,6,169,10.07,False,,2026-06-04 16:51:15.692967
1662,6,173,10.4,False,,2026-06-04 16:51:15.692980
1663,6,176,0.0,True,Absent,2026-06-04 16:51:15.692992
1664,6,179,7.42,False,,2026-06-04 16:51:15.693005
1665,6,182,12.49,False,,2026-06-04 16:51:15.693018
1666,6,183,14.33,False,,2026-06-04 16:51:15.693031
1667,6,184,15.89,False,,2026-06-04 16:51:15.693044
1668,6,185,12.45,False,,2026-06-04 16:51:15.693057
1669,6,186,9.78,False,,2026-06-04 16:51:15.693069
1670,6,191,11.42,False,,2026-06-04 16:51:15.693082
1671,6,196,17.04,False,,2026-06-04 16:51:15.693095
1672,6,199,12.55,False,,2026-06-04 16:51:15.693108
1673,6,201,7.58,False,,2026-06-04 16:51:15.693121
1674,6,203,13.18,False,,2026-06-04 16:51:15.693134
1675,6,204,0.0,True,Absent,2026-06-04 16:51:15.693146
1676,6,212,6.65,False,,2026-06-04 16:51:15.693159
1677,6,213,11.83,False,,2026-06-04 16:51:15.693172
1678,6,216,7.59,False,,2026-06-04 16:51:15.693185
1679,6,219,10.12,False,,2026-06-04 16:51:15.693198
1680,6,220,11.29,False,,2026-06-04 16:51:15.693211
1681,6,221,14.97,False,,2026-06-04 16:51:15.693224
1682,6,227,7.17,False,,2026-06-04 16:51:15.693237
1683,6,228,13.47,False,,2026-06-04 16:51:15.693250
1684,6,232,10.77,False,,2026-06-04 16:51:15.693263
1685,6,235,9.35,False,,2026-06-04 16:51:15.693276
1686,6,236,13.13,False,,2026-06-04 16:51:15.693289
1687,6,243,13.05,False,,2026-06-04 16:51:15.693302
1688,6,244,12.47,False,,2026-06-04 16:51:15.693314
1689,6,248,12.6,False,,2026-06-04 16:51:15.693327
1690,6,250,18.64,False,,2026-06-04 16:51:15.693340
1691,6,251,14.44,False,,2026-06-04 16:51:15.693353
1692,6,254,12.14,False,,2026-06-04 16:51:15.693366
1693,6,258,13.56,False,,2026-06-04 16:51:15.693380
1694,6,260,11.62,False,,2026-06-04 16:51:15.693393
1695,6,264,17.81,False,,2026-06-04 16:51:15.693406
1696,6,269,9.7,False,,2026-06-04 16:51:15.693420
1697,6,271,13.71,False,,2026-06-04 16:51:15.693433
1698,6,272,9.52,False,,2026-06-04 16:51:15.693446
1699,6,281,10.01,False,,2026-06-04 16:51:15.693459
1700,6,284,13.97,False,,2026-06-04 16:51:15.693472
1701,6,286,8.41,False,,2026-06-04 16:51:15.693485
1702,6,288,12.26,False,,2026-06-04 16:51:15.693498
1703,6,289,7.57,False,,2026-06-04 16:51:15.693510
1704,6,291,15.05,False,,2026-06-04 16:51:15.693523
1705,6,295,12.84,False,,2026-06-04 16:51:15.693536
1706,6,296,10.48,False,,2026-06-04 16:51:15.693549
1707,6,298,11.21,False,,2026-06-04 16:51:15.693562
1708,6,299,0.0,True,Absent,2026-06-04 16:51:15.693574
1709,6,300,9.88,False,,2026-06-04 16:51:15.693587
1710,6,302,12.17,False,,2026-06-04 16:51:15.693600
1711,6,310,0.0,True,Absent,2026-06-04 16:51:15.693612
1712,6,313,12.06,False,,2026-06-04 16:51:15.693625
1713,6,315,0.0,True,Absent,2026-06-04 16:51:15.693637
1714,6,319,15.35,False,,2026-06-04 16:51:15.693650
1715,6,325,10.89,False,,2026-06-04 16:51:15.693663
1716,6,327,14.06,False,,2026-06-04 16:51:15.693679
1717,6,332,13.54,False,,2026-06-04 16:51:15.693693
1718,6,333,12.22,False,,2026-06-04 16:51:15.693706
1719,6,336,13.79,False,,2026-06-04 16:51:15.693719
1720,6,339,11.25,False,,2026-06-04 16:51:15.693732
1721,6,340,9.39,False,,2026-06-04 16:51:15.693745
1722,6,342,15.22,False,,2026-06-04 16:51:15.693787
1723,6,343,10.06,False,,2026-06-04 16:51:15.693817
1724,6,346,16.8,False,,2026-06-04 16:51:15.693831
1725,6,350,6.33,False,,2026-06-04 16:51:15.693845
1726,6,351,14.03,False,,2026-06-04 16:51:15.693860
1727,6,357,11.22,False,,2026-06-04 16:51:15.693873
1728,6,359,13.29,False,,2026-06-04 16:51:15.693887
1729,6,361,7.87,False,,2026-06-04 16:51:15.693903
1730,6,365,13.21,False,,2026-06-04 16:51:15.693921
1731,6,368,9.88,False,,2026-06-04 16:51:15.693938
1732,6,371,13.26,False,,2026-06-04 16:51:15.693951
1733,6,372,17.45,False,,2026-06-04 16:51:15.693969
1734,6,373,15.53,False,,2026-06-04 16:51:15.693986
1735,6,374,0.0,True,Absent,2026-06-04 16:51:15.694003
1736,6,381,15.47,False,,2026-06-04 16:51:15.694016
1737,6,382,14.25,False,,2026-06-04 16:51:15.694038
1738,6,383,12.6,False,,2026-06-04 16:51:15.694055
1739,6,384,11.59,False,,2026-06-04 16:51:15.694068
1740,6,385,10.76,False,,2026-06-04 16:51:15.694082
1741,6,386,10.54,False,,2026-06-04 16:51:15.694095
1742,6,389,7.57,False,,2026-06-04 16:51:15.694108
1743,6,390,15.45,False,,2026-06-04 16:51:15.694122
1744,6,391,14.07,False,,2026-06-04 16:51:15.694139
1745,6,394,5.87,False,,2026-06-04 16:51:15.694153
1746,6,398,15.64,False,,2026-06-04 16:51:15.694169
1747,6,403,10.19,False,,2026-06-04 16:51:15.694183
1748,6,413,6.32,False,,2026-06-04 16:51:15.694199
1749,6,415,9.73,False,,2026-06-04 16:51:15.694216
1750,6,416,0.0,True,Absent,2026-06-04 16:51:15.694233
1751,6,418,7.5,False,,2026-06-04 16:51:15.694246
1752,6,420,11.18,False,,2026-06-04 16:51:15.694260
1753,6,422,12.15,False,,2026-06-04 16:51:15.694276
1754,6,423,15.36,False,,2026-06-04 16:51:15.694293
1755,6,424,10.1,False,,2026-06-04 16:51:15.694306
1756,6,428,10.98,False,,2026-06-04 16:51:15.694323
1757,6,431,13.28,False,,2026-06-04 16:51:15.694336
1758,6,433,14.04,False,,2026-06-04 16:51:15.694353
1759,6,443,7.33,False,,2026-06-04 16:51:15.694366
1760,6,448,16.1,False,,2026-06-04 16:51:15.694383
1761,6,449,9.55,False,,2026-06-04 16:51:15.694400
1762,6,453,14.42,False,,2026-06-04 16:51:15.694418
1763,6,457,12.27,False,,2026-06-04 16:51:15.694436
1764,6,458,0.0,True,Absent,2026-06-04 16:51:15.694453
1765,6,459,7.59,False,,2026-06-04 16:51:15.694466
1766,6,461,15.82,False,,2026-06-04 16:51:15.694484
1767,6,471,8.17,False,,2026-06-04 16:51:15.694502
1768,6,479,14.23,False,,2026-06-04 16:51:15.694519
1769,6,481,15.67,False,,2026-06-04 16:51:15.694543
1770,6,484,9.54,False,,2026-06-04 16:51:15.694557
1771,6,487,14.44,False,,2026-06-04 16:51:15.694574
1772,6,490,16.84,False,,2026-06-04 16:51:15.694591
1773,6,494,9.13,False,,2026-06-04 16:51:15.694608
1774,6,495,13.36,False,,2026-06-04 16:51:15.694625
1775,6,497,9.49,False,,2026-06-04 16:51:15.694639
1776,6,506,12.18,False,,2026-06-04 16:51:15.694656
1777,6,508,11.86,False,,2026-06-04 16:51:15.694673
1778,6,509,10.3,False,,2026-06-04 16:51:15.694690
1779,6,512,17.43,False,,2026-06-04 16:51:15.694708
1780,6,514,9.98,False,,2026-06-04 16:51:15.694725
1781,6,516,14.2,False,,2026-06-04 16:51:15.694739
1782,6,523,13.18,False,,2026-06-04 16:51:15.694756
1783,6,526,13.52,False,,2026-06-04 16:51:15.694773
1784,6,529,10.43,False,,2026-06-04 16:51:15.694791
1785,6,536,11.7,False,,2026-06-04 16:51:15.694804
1786,6,539,10.85,False,,2026-06-04 16:51:15.694819
1787,6,541,11.61,False,,2026-06-04 16:51:15.694833
1788,6,542,6.76,False,,2026-06-04 16:51:15.694850
1789,6,547,0.0,True,Absent,2026-06-04 16:51:15.694866
1790,6,548,12.18,False,,2026-06-04 16:51:15.694886
1791,6,552,15.7,False,,2026-06-04 16:51:15.694902
1792,6,553,7.92,False,,2026-06-04 16:51:15.694919
1793,6,554,12.97,False,,2026-06-04 16:51:15.694937
1794,6,555,13.57,False,,2026-06-04 16:51:15.694954
1795,6,558,12.42,False,,2026-06-04 16:51:15.694972
1796,6,569,0.0,True,Absent,2026-06-04 16:51:15.694988
1797,6,571,0.0,True,Absent,2026-06-04 16:51:15.695001
1798,6,576,15.35,False,,2026-06-04 16:51:15.695019
1799,6,579,10.73,False,,2026-06-04 16:51:15.695032
1800,6,580,15.74,False,,2026-06-04 16:51:15.695045
1801,6,584,12.73,False,,2026-06-04 16:51:15.695058
1802,6,585,0.0,True,Absent,2026-06-04 16:51:15.695071
1803,6,586,11.29,False,,2026-06-04 16:51:15.695084
1804,6,592,0.0,True,Absent,2026-06-04 16:51:15.695100
1805,6,593,16.53,False,,2026-06-04 16:51:15.695113
1806,6,595,9.09,False,,2026-06-04 16:51:15.695128
1807,6,599,16.64,False,,2026-06-04 16:51:15.695141
1808,6,603,14.1,False,,2026-06-04 16:51:15.695157
1809,6,604,14.91,False,,2026-06-04 16:51:15.695175
1810,6,605,8.78,False,,2026-06-04 16:51:15.695192
1811,6,608,7.45,False,,2026-06-04 16:51:15.695205
1812,6,611,13.06,False,,2026-06-04 16:51:15.695222
1813,6,619,8.29,False,,2026-06-04 16:51:15.695240
1814,6,620,0.0,True,Absent,2026-06-04 16:51:15.695252
1815,6,623,12.92,False,,2026-06-04 16:51:15.695271
1816,6,624,15.69,False,,2026-06-04 16:51:15.695288
1817,6,636,14.94,False,,2026-06-04 16:51:15.695306
1818,6,638,16.45,False,,2026-06-04 16:51:15.695323
1819,6,641,18.66,False,,2026-06-04 16:51:15.695341
1820,6,643,0.0,True,Absent,2026-06-04 16:51:15.695357
1821,6,644,15.93,False,,2026-06-04 16:51:15.695371
1822,6,646,10.79,False,,2026-06-04 16:51:15.695388
1823,6,647,8.02,False,,2026-06-04 16:51:15.695405
1824,6,648,0.0,True,Absent,2026-06-04 16:51:15.695422
1825,6,649,9.25,False,,2026-06-04 16:51:15.695435
1826,6,653,13.42,False,,2026-06-04 16:51:15.695452
1827,6,657,12.35,False,,2026-06-04 16:51:15.695466
1828,6,660,7.42,False,,2026-06-04 16:51:15.695484
1829,6,663,10.2,False,,2026-06-04 16:51:15.695501
1830,6,666,7.91,False,,2026-06-04 16:51:15.695518
1831,6,667,10.8,False,,2026-06-04 16:51:15.695536
1832,6,669,6.2,False,,2026-06-04 16:51:15.695553
1833,6,672,9.62,False,,2026-06-04 16:51:15.695568
1834,6,674,8.16,False,,2026-06-04 16:51:15.695584
1835,6,675,12.45,False,,2026-06-04 16:51:15.695597
1836,6,678,13.04,False,,2026-06-04 16:51:15.695613
1837,6,684,11.9,False,,2026-06-04 16:51:15.695630
1838,6,687,8.15,False,,2026-06-04 16:51:15.695643
1839,6,692,5.91,False,,2026-06-04 16:51:15.695656
1840,6,693,12.05,False,,2026-06-04 16:51:15.695673
1841,6,694,10.72,False,,2026-06-04 16:51:15.695690
1842,6,696,16.0,False,,2026-06-04 16:51:15.695706
1843,6,701,7.88,False,,2026-06-04 16:51:15.695724
1844,6,710,11.83,False,,2026-06-04 16:51:15.695741
1845,6,712,11.73,False,,2026-06-04 16:51:15.695758
1846,6,715,10.08,False,,2026-06-04 16:51:15.695776
1847,6,720,14.18,False,,2026-06-04 16:51:15.695793
1848,6,723,16.14,False,,2026-06-04 16:51:15.695811
1849,6,732,13.39,False,,2026-06-04 16:51:15.695828
1850,6,734,10.06,False,,2026-06-04 16:51:15.695845
1851,6,743,13.48,False,,2026-06-04 16:51:15.695863
1852,6,744,16.29,False,,2026-06-04 16:51:15.695880
1853,6,746,0.0,True,Absent,2026-06-04 16:51:15.695897
1854,6,755,12.63,False,,2026-06-04 16:51:15.695910
1855,6,757,6.67,False,,2026-06-04 16:51:15.695926
1856,6,762,11.04,False,,2026-06-04 16:51:15.695942
1857,6,763,11.2,False,,2026-06-04 16:51:15.695960
1858,6,766,9.53,False,,2026-06-04 16:51:15.695973
1859,6,774,9.43,False,,2026-06-04 16:51:15.695990
1860,6,776,13.74,False,,2026-06-04 16:51:15.696007
1861,6,779,0.0,True,Absent,2026-06-04 16:51:15.696024
1862,6,781,14.69,False,,2026-06-04 16:51:15.696037
1863,6,784,10.58,False,,2026-06-04 16:51:15.696051
1864,6,788,15.32,False,,2026-06-04 16:51:15.696068
1865,6,790,12.36,False,,2026-06-04 16:51:15.696085
1866,6,797,7.44,False,,2026-06-04 16:51:15.696102
1867,6,798,7.08,False,,2026-06-04 16:51:15.696120
1868,6,805,9.6,False,,2026-06-04 16:51:15.696137
1869,6,806,12.51,False,,2026-06-04 16:51:15.696151
1870,6,810,0.0,True,Absent,2026-06-04 16:51:15.696167
1871,6,813,6.6,False,,2026-06-04 16:51:15.696180
1872,6,815,13.97,False,,2026-06-04 16:51:15.696196
1873,6,820,8.72,False,,2026-06-04 16:51:15.696214
1874,6,821,5.75,False,,2026-06-04 16:51:15.696231
1875,6,822,14.9,False,,2026-06-04 16:51:15.696248
1876,6,830,17.42,False,,2026-06-04 16:51:15.696266
1877,6,836,12.81,False,,2026-06-04 16:51:15.696279
1878,6,839,12.08,False,,2026-06-04 16:51:15.696296
1879,6,842,9.91,False,,2026-06-04 16:51:15.696309
1880,6,851,9.31,False,,2026-06-04 16:51:15.696326
1881,6,853,14.76,False,,2026-06-04 16:51:15.696343
1882,6,855,13.32,False,,2026-06-04 16:51:15.696361
1883,6,859,0.0,True,Absent,2026-06-04 16:51:15.696378
1884,6,860,9.22,False,,2026-06-04 16:51:15.696394
1885,6,862,11.32,False,,2026-06-04 16:51:15.696411
1886,6,868,13.54,False,,2026-06-04 16:51:15.696428
1887,6,870,14.94,False,,2026-06-04 16:51:15.696446
1888,6,873,14.05,False,,2026-06-04 16:51:15.696463
1889,6,875,10.07,False,,2026-06-04 16:51:15.696480
1890,6,877,12.41,False,,2026-06-04 16:51:15.696497
1891,6,879,8.86,False,,2026-06-04 16:51:15.696515
1892,6,881,12.66,False,,2026-06-04 16:51:15.696532
1893,6,891,13.57,False,,2026-06-04 16:51:15.696551
1894,6,893,11.14,False,,2026-06-04 16:51:15.696568
1895,6,894,10.71,False,,2026-06-04 16:51:15.696586
1896,6,905,5.55,False,,2026-06-04 16:51:15.696603
1897,6,912,13.96,False,,2026-06-04 16:51:15.696617
1898,6,914,16.45,False,,2026-06-04 16:51:15.696634
1899,6,919,13.26,False,,2026-06-04 16:51:15.696651
1900,6,921,6.31,False,,2026-06-04 16:51:15.696668
1901,6,922,11.94,False,,2026-06-04 16:51:15.696685
1902,6,928,11.32,False,,2026-06-04 16:51:15.696703
1903,6,929,14.42,False,,2026-06-04 16:51:15.696720
1904,6,931,12.02,False,,2026-06-04 16:51:15.696737
1905,6,934,7.25,False,,2026-06-04 16:51:15.696754
1906,6,937,12.81,False,,2026-06-04 16:51:15.696770
1907,6,938,0.0,True,Absent,2026-06-04 16:51:15.696785
1908,6,940,14.34,False,,2026-06-04 16:51:15.696798
1909,6,947,12.15,False,,2026-06-04 16:51:15.696814
1910,6,954,13.94,False,,2026-06-04 16:51:15.696827
1911,6,956,9.17,False,,2026-06-04 16:51:15.696843
1912,6,959,14.94,False,,2026-06-04 16:51:15.696861
1913,6,961,13.54,False,,2026-06-04 16:51:15.696878
1914,6,963,16.35,False,,2026-06-04 16:51:15.696895
1915,6,971,13.66,False,,2026-06-04 16:51:15.696913
1916,6,977,14.58,False,,2026-06-04 16:51:15.696930
1917,6,979,9.48,False,,2026-06-04 16:51:15.696944
1918,6,980,15.08,False,,2026-06-04 16:51:15.696961
1919,6,983,16.31,False,,2026-06-04 16:51:15.696979
1920,6,988,11.94,False,,2026-06-04 16:51:15.696997
1921,6,989,11.94,False,,2026-06-04 16:51:15.697014
1922,6,991,10.51,False,,2026-06-04 16:51:15.697031
1923,6,992,12.59,False,,2026-06-04 16:51:15.697048
1924,6,994,10.81,False,,2026-06-04 16:51:15.697061
1925,6,997,18.05,False,,2026-06-04 16:51:15.697075
1926,6,999,16.82,False,,2026-06-04 16:51:15.697090
1927,7,2,14.01,False,,2026-06-04 16:51:15.697505
1928,7,5,11.94,False,,2026-06-04 16:51:15.697523
1929,7,15,14.82,False,,2026-06-04 16:51:15.697542
1930,7,16,12.56,False,,2026-06-04 16:51:15.697558
1931,7,19,14.36,False,,2026-06-04 16:51:15.697571
1932,7,20,14.48,False,,2026-06-04 16:51:15.697584
1933,7,21,12.17,False,,2026-06-04 16:51:15.697600
1934,7,30,10.97,False,,2026-06-04 16:51:15.697617
1935,7,37,14.07,False,,2026-06-04 16:51:15.697634
1936,7,40,11.36,False,,2026-06-04 16:51:15.697647
1937,7,44,10.28,False,,2026-06-04 16:51:15.697662
1938,7,47,0.0,True,Absent,2026-06-04 16:51:15.697675
1939,7,49,9.08,False,,2026-06-04 16:51:15.697691
1940,7,50,8.45,False,,2026-06-04 16:51:15.697704
1941,7,51,12.63,False,,2026-06-04 16:51:15.697718
1942,7,57,8.77,False,,2026-06-04 16:51:15.697731
1943,7,58,9.28,False,,2026-06-04 16:51:15.697744
1944,7,59,15.06,False,,2026-06-04 16:51:15.697760
1945,7,62,11.82,False,,2026-06-04 16:51:15.697778
1946,7,64,14.23,False,,2026-06-04 16:51:15.697791
1947,7,71,12.76,False,,2026-06-04 16:51:15.697806
1948,7,72,9.23,False,,2026-06-04 16:51:15.697819
1949,7,78,9.3,False,,2026-06-04 16:51:15.697832
1950,7,79,9.84,False,,2026-06-04 16:51:15.697845
1951,7,80,5.71,False,,2026-06-04 16:51:15.697861
1952,7,81,7.84,False,,2026-06-04 16:51:15.697874
1953,7,82,11.38,False,,2026-06-04 16:51:15.697887
1954,7,84,11.17,False,,2026-06-04 16:51:15.697900
1955,7,85,10.88,False,,2026-06-04 16:51:15.697913
1956,7,86,13.94,False,,2026-06-04 16:51:15.697925
1957,7,87,14.43,False,,2026-06-04 16:51:15.697938
1958,7,88,8.68,False,,2026-06-04 16:51:15.697951
1959,7,92,7.43,False,,2026-06-04 16:51:15.697964
1960,7,94,6.59,False,,2026-06-04 16:51:15.697977
1961,7,95,14.72,False,,2026-06-04 16:51:15.697993
1962,7,96,12.18,False,,2026-06-04 16:51:15.698008
1963,7,97,17.03,False,,2026-06-04 16:51:15.698021
1964,7,105,14.11,False,,2026-06-04 16:51:15.698037
1965,7,108,17.52,False,,2026-06-04 16:51:15.698050
1966,7,110,8.98,False,,2026-06-04 16:51:15.698063
1967,7,121,0.0,True,Absent,2026-06-04 16:51:15.698075
1968,7,123,8.76,False,,2026-06-04 16:51:15.698091
1969,7,125,15.16,False,,2026-06-04 16:51:15.698104
1970,7,131,15.94,False,,2026-06-04 16:51:15.698119
1971,7,132,13.52,False,,2026-06-04 16:51:15.698138
1972,7,135,12.6,False,,2026-06-04 16:51:15.698154
1973,7,137,13.67,False,,2026-06-04 16:51:15.698171
1974,7,140,10.36,False,,2026-06-04 16:51:15.698187
1975,7,143,10.21,False,,2026-06-04 16:51:15.698200
1976,7,146,13.19,False,,2026-06-04 16:51:15.698213
1977,7,153,0.0,True,Absent,2026-06-04 16:51:15.698228
1978,7,156,13.55,False,,2026-06-04 16:51:15.698241
1979,7,158,14.34,False,,2026-06-04 16:51:15.698257
1980,7,166,12.3,False,,2026-06-04 16:51:15.698270
1981,7,168,0.0,True,Absent,2026-06-04 16:51:15.698282
1982,7,169,12.7,False,,2026-06-04 16:51:15.698295
1983,7,173,7.45,False,,2026-06-04 16:51:15.698309
1984,7,176,17.36,False,,2026-06-04 16:51:15.698324
1985,7,179,13.13,False,,2026-06-04 16:51:15.698341
1986,7,182,8.75,False,,2026-06-04 16:51:15.698354
1987,7,183,15.75,False,,2026-06-04 16:51:15.698367
1988,7,184,13.58,False,,2026-06-04 16:51:15.698380
1989,7,185,10.74,False,,2026-06-04 16:51:15.698393
1990,7,186,8.63,False,,2026-06-04 16:51:15.698405
1991,7,191,12.41,False,,2026-06-04 16:51:15.698421
1992,7,196,13.06,False,,2026-06-04 16:51:15.698434
1993,7,199,12.98,False,,2026-06-04 16:51:15.698447
1994,7,201,9.75,False,,2026-06-04 16:51:15.698460
1995,7,203,10.59,False,,2026-06-04 16:51:15.698473
1996,7,204,8.58,False,,2026-06-04 16:51:15.698489
1997,7,212,9.16,False,,2026-06-04 16:51:15.698505
1998,7,213,8.22,False,,2026-06-04 16:51:15.698522
1999,7,216,8.58,False,,2026-06-04 16:51:15.698538
2000,7,219,9.97,False,,2026-06-04 16:51:15.698555
2001,7,220,13.59,False,,2026-06-04 16:51:15.698568
2002,7,221,15.88,False,,2026-06-04 16:51:15.698581
2003,7,227,8.97,False,,2026-06-04 16:51:15.698596
2004,7,228,8.69,False,,2026-06-04 16:51:15.698613
2005,7,232,12.61,False,,2026-06-04 16:51:15.698629
2006,7,235,12.78,False,,2026-06-04 16:51:15.698646
2007,7,236,14.71,False,,2026-06-04 16:51:15.698659
2008,7,243,11.9,False,,2026-06-04 16:51:15.698672
2009,7,244,7.07,False,,2026-06-04 16:51:15.698684
2010,7,248,8.59,False,,2026-06-04 16:51:15.698698
2011,7,250,17.93,False,,2026-06-04 16:51:15.698710
2012,7,251,13.18,False,,2026-06-04 16:51:15.698723
2013,7,254,14.83,False,,2026-06-04 16:51:15.698739
2014,7,258,13.67,False,,2026-06-04 16:51:15.698756
2015,7,260,14.34,False,,2026-06-04 16:51:15.698773
2016,7,264,18.36,False,,2026-06-04 16:51:15.698790
2017,7,269,13.88,False,,2026-06-04 16:51:15.698807
2018,7,271,12.11,False,,2026-06-04 16:51:15.698824
2019,7,272,12.83,False,,2026-06-04 16:51:15.698841
2020,7,281,12.94,False,,2026-06-04 16:51:15.698858
2021,7,284,16.6,False,,2026-06-04 16:51:15.698871
2022,7,286,8.27,False,,2026-06-04 16:51:15.698884
2023,7,288,15.28,False,,2026-06-04 16:51:15.698900
2024,7,289,10.71,False,,2026-06-04 16:51:15.698913
2025,7,291,14.54,False,,2026-06-04 16:51:15.698925
2026,7,295,13.53,False,,2026-06-04 16:51:15.698941
2027,7,296,10.31,False,,2026-06-04 16:51:15.698954
2028,7,298,11.49,False,,2026-06-04 16:51:15.698967
2029,7,299,12.67,False,,2026-06-04 16:51:15.698983
2030,7,300,6.93,False,,2026-06-04 16:51:15.698999
2031,7,302,10.81,False,,2026-06-04 16:51:15.699017
2032,7,310,0.0,True,Absent,2026-06-04 16:51:15.699034
2033,7,313,9.73,False,,2026-06-04 16:51:15.699050
2034,7,315,7.2,False,,2026-06-04 16:51:15.699067
2035,7,319,16.72,False,,2026-06-04 16:51:15.699083
2036,7,325,11.8,False,,2026-06-04 16:51:15.699096
2037,7,327,15.62,False,,2026-06-04 16:51:15.699109
2038,7,332,11.96,False,,2026-06-04 16:51:15.699122
2039,7,333,12.82,False,,2026-06-04 16:51:15.699135
2040,7,336,16.12,False,,2026-06-04 16:51:15.699148
2041,7,339,11.32,False,,2026-06-04 16:51:15.699161
2042,7,340,10.83,False,,2026-06-04 16:51:15.699173
2043,7,342,13.97,False,,2026-06-04 16:51:15.699186
2044,7,343,7.77,False,,2026-06-04 16:51:15.699199
2045,7,346,11.9,False,,2026-06-04 16:51:15.699212
2046,7,350,7.97,False,,2026-06-04 16:51:15.699225
2047,7,351,13.98,False,,2026-06-04 16:51:15.699238
2048,7,357,7.58,False,,2026-06-04 16:51:15.699251
2049,7,359,15.36,False,,2026-06-04 16:51:15.699266
2050,7,361,11.53,False,,2026-06-04 16:51:15.699279
2051,7,365,0.0,True,Absent,2026-06-04 16:51:15.699292
2052,7,368,0.0,True,Absent,2026-06-04 16:51:15.699304
2053,7,371,11.72,False,,2026-06-04 16:51:15.699316
2054,7,372,13.43,False,,2026-06-04 16:51:15.699329
2055,7,373,15.38,False,,2026-06-04 16:51:15.699342
2056,7,374,14.29,False,,2026-06-04 16:51:15.699355
2057,7,381,12.07,False,,2026-06-04 16:51:15.699368
2058,7,382,12.49,False,,2026-06-04 16:51:15.699381
2059,7,383,8.1,False,,2026-06-04 16:51:15.699394
2060,7,384,13.69,False,,2026-06-04 16:51:15.699408
2061,7,385,12.4,False,,2026-06-04 16:51:15.699421
2062,7,386,6.25,False,,2026-06-04 16:51:15.699434
2063,7,389,6.67,False,,2026-06-04 16:51:15.699447
2064,7,390,12.4,False,,2026-06-04 16:51:15.699460
2065,7,391,13.87,False,,2026-06-04 16:51:15.699474
2066,7,394,6.3,False,,2026-06-04 16:51:15.699487
2067,7,398,13.82,False,,2026-06-04 16:51:15.699500
2068,7,403,6.58,False,,2026-06-04 16:51:15.699513
2069,7,413,10.48,False,,2026-06-04 16:51:15.699526
2070,7,415,12.84,False,,2026-06-04 16:51:15.699539
2071,7,416,0.0,True,Absent,2026-06-04 16:51:15.699551
2072,7,418,7.37,False,,2026-06-04 16:51:15.699564
2073,7,420,10.96,False,,2026-06-04 16:51:15.699577
2074,7,422,9.26,False,,2026-06-04 16:51:15.699590
2075,7,423,13.85,False,,2026-06-04 16:51:15.699603
2076,7,424,9.42,False,,2026-06-04 16:51:15.699616
2077,7,428,13.2,False,,2026-06-04 16:51:15.699629
2078,7,431,13.8,False,,2026-06-04 16:51:15.699641
2079,7,433,11.21,False,,2026-06-04 16:51:15.699654
2080,7,443,8.67,False,,2026-06-04 16:51:15.699667
2081,7,448,14.01,False,,2026-06-04 16:51:15.699680
2082,7,449,8.87,False,,2026-06-04 16:51:15.699693
2083,7,453,12.67,False,,2026-06-04 16:51:15.699705
2084,7,457,13.59,False,,2026-06-04 16:51:15.699718
2085,7,458,0.0,True,Absent,2026-06-04 16:51:15.699730
2086,7,459,0.0,True,Absent,2026-06-04 16:51:15.699742
2087,7,461,0.0,True,Absent,2026-06-04 16:51:15.699754
2088,7,471,0.0,True,Absent,2026-06-04 16:51:15.699767
2089,7,479,16.29,False,,2026-06-04 16:51:15.699779
2090,7,481,11.71,False,,2026-06-04 16:51:15.699792
2091,7,484,9.61,False,,2026-06-04 16:51:15.699805
2092,7,487,16.13,False,,2026-06-04 16:51:15.699818
2093,7,490,0.0,True,Absent,2026-06-04 16:51:15.699830
2094,7,494,11.05,False,,2026-06-04 16:51:15.699843
2095,7,495,13.91,False,,2026-06-04 16:51:15.699856
2096,7,497,0.0,True,Absent,2026-06-04 16:51:15.699868
2097,7,506,13.77,False,,2026-06-04 16:51:15.699881
2098,7,508,15.96,False,,2026-06-04 16:51:15.699894
2099,7,509,11.61,False,,2026-06-04 16:51:15.699907
2100,7,512,17.09,False,,2026-06-04 16:51:15.699920
2101,7,514,15.0,False,,2026-06-04 16:51:15.699933
2102,7,516,16.01,False,,2026-06-04 16:51:15.699945
2103,7,523,13.78,False,,2026-06-04 16:51:15.699958
2104,7,526,15.84,False,,2026-06-04 16:51:15.699971
2105,7,529,9.73,False,,2026-06-04 16:51:15.699984
2106,7,536,16.13,False,,2026-06-04 16:51:15.699997
2107,7,539,14.37,False,,2026-06-04 16:51:15.700010
2108,7,541,8.77,False,,2026-06-04 16:51:15.700023
2109,7,542,10.8,False,,2026-06-04 16:51:15.700036
2110,7,547,11.2,False,,2026-06-04 16:51:15.700048
2111,7,548,10.32,False,,2026-06-04 16:51:15.700061
2112,7,552,16.83,False,,2026-06-04 16:51:15.700074
2113,7,553,8.83,False,,2026-06-04 16:51:15.700087
2114,7,554,11.62,False,,2026-06-04 16:51:15.700099
2115,7,555,14.69,False,,2026-06-04 16:51:15.700112
2116,7,558,12.83,False,,2026-06-04 16:51:15.700125
2117,7,569,16.12,False,,2026-06-04 16:51:15.700138
2118,7,571,11.63,False,,2026-06-04 16:51:15.700151
2119,7,576,15.18,False,,2026-06-04 16:51:15.700164
2120,7,579,0.0,True,Absent,2026-06-04 16:51:15.700176
2121,7,580,12.98,False,,2026-06-04 16:51:15.700189
2122,7,584,9.62,False,,2026-06-04 16:51:15.700202
2123,7,585,11.75,False,,2026-06-04 16:51:15.700215
2124,7,586,14.25,False,,2026-06-04 16:51:15.700228
2125,7,592,11.2,False,,2026-06-04 16:51:15.700241
2126,7,593,16.86,False,,2026-06-04 16:51:15.700253
2127,7,595,12.95,False,,2026-06-04 16:51:15.700269
2128,7,599,0.0,True,Absent,2026-06-04 16:51:15.700281
2129,7,603,12.85,False,,2026-06-04 16:51:15.700294
2130,7,604,12.26,False,,2026-06-04 16:51:15.700307
2131,7,605,11.19,False,,2026-06-04 16:51:15.700320
2132,7,608,6.68,False,,2026-06-04 16:51:15.700333
2133,7,611,13.11,False,,2026-06-04 16:51:15.700346
2134,7,619,10.25,False,,2026-06-04 16:51:15.700359
2135,7,620,14.48,False,,2026-06-04 16:51:15.700372
2136,7,623,14.99,False,,2026-06-04 16:51:15.700385
2137,7,624,14.29,False,,2026-06-04 16:51:15.700399
2138,7,636,0.0,True,Absent,2026-06-04 16:51:15.700469
2139,7,638,0.0,True,Absent,2026-06-04 16:51:15.700499
2140,7,641,13.23,False,,2026-06-04 16:51:15.700525
2141,7,643,16.85,False,,2026-06-04 16:51:15.700544
2142,7,644,10.96,False,,2026-06-04 16:51:15.700560
2143,7,646,11.11,False,,2026-06-04 16:51:15.700576
2144,7,647,6.02,False,,2026-06-04 16:51:15.700591
2145,7,648,11.11,False,,2026-06-04 16:51:15.700605
2146,7,649,11.62,False,,2026-06-04 16:51:15.700620
2147,7,653,9.79,False,,2026-06-04 16:51:15.700634
2148,7,657,8.99,False,,2026-06-04 16:51:15.700648
2149,7,660,7.62,False,,2026-06-04 16:51:15.700662
2150,7,663,7.4,False,,2026-06-04 16:51:15.700676
2151,7,666,11.05,False,,2026-06-04 16:51:15.700690
2152,7,667,8.77,False,,2026-06-04 16:51:15.700704
2153,7,669,10.98,False,,2026-06-04 16:51:15.700718
2154,7,672,12.93,False,,2026-06-04 16:51:15.700732
2155,7,674,8.99,False,,2026-06-04 16:51:15.700746
2156,7,675,10.8,False,,2026-06-04 16:51:15.700759
2157,7,678,16.81,False,,2026-06-04 16:51:15.700773
2158,7,684,15.99,False,,2026-06-04 16:51:15.700787
2159,7,687,8.14,False,,2026-06-04 16:51:15.700801
2160,7,692,8.83,False,,2026-06-04 16:51:15.700814
2161,7,693,15.5,False,,2026-06-04 16:51:15.700828
2162,7,694,9.67,False,,2026-06-04 16:51:15.700841
2163,7,696,0.0,True,Absent,2026-06-04 16:51:15.700854
2164,7,701,7.88,False,,2026-06-04 16:51:15.700868
2165,7,710,12.04,False,,2026-06-04 16:51:15.700882
2166,7,712,12.19,False,,2026-06-04 16:51:15.700895
2167,7,715,12.38,False,,2026-06-04 16:51:15.700909
2168,7,720,15.95,False,,2026-06-04 16:51:15.700927
2169,7,723,13.13,False,,2026-06-04 16:51:15.700941
2170,7,732,8.49,False,,2026-06-04 16:51:15.700955
2171,7,734,11.05,False,,2026-06-04 16:51:15.700968
2172,7,743,10.79,False,,2026-06-04 16:51:15.700982
2173,7,744,16.05,False,,2026-06-04 16:51:15.700995
2174,7,746,14.21,False,,2026-06-04 16:51:15.701009
2175,7,755,14.76,False,,2026-06-04 16:51:15.701023
2176,7,757,9.64,False,,2026-06-04 16:51:15.701036
2177,7,762,8.93,False,,2026-06-04 16:51:15.701050
2178,7,763,9.96,False,,2026-06-04 16:51:15.701066
2179,7,766,0.0,True,Absent,2026-06-04 16:51:15.701080
2180,7,774,9.76,False,,2026-06-04 16:51:15.701093
2181,7,776,10.07,False,,2026-06-04 16:51:15.701107
2182,7,779,12.36,False,,2026-06-04 16:51:15.701120
2183,7,781,10.25,False,,2026-06-04 16:51:15.701133
2184,7,784,12.52,False,,2026-06-04 16:51:15.701147
2185,7,788,14.23,False,,2026-06-04 16:51:15.701160
2186,7,790,9.17,False,,2026-06-04 16:51:15.701174
2187,7,797,6.95,False,,2026-06-04 16:51:15.701187
2188,7,798,7.31,False,,2026-06-04 16:51:15.701200
2189,7,805,6.98,False,,2026-06-04 16:51:15.701214
2190,7,806,16.7,False,,2026-06-04 16:51:15.701227
2191,7,810,11.34,False,,2026-06-04 16:51:15.701240
2192,7,813,9.18,False,,2026-06-04 16:51:15.701253
2193,7,815,11.77,False,,2026-06-04 16:51:15.701267
2194,7,820,8.37,False,,2026-06-04 16:51:15.701280
2195,7,821,10.04,False,,2026-06-04 16:51:15.701294
2196,7,822,14.97,False,,2026-06-04 16:51:15.701307
2197,7,830,14.44,False,,2026-06-04 16:51:15.701320
2198,7,836,11.4,False,,2026-06-04 16:51:15.701333
2199,7,839,9.42,False,,2026-06-04 16:51:15.701347
2200,7,842,8.56,False,,2026-06-04 16:51:15.701360
2201,7,851,10.59,False,,2026-06-04 16:51:15.701373
2202,7,853,9.66,False,,2026-06-04 16:51:15.701386
2203,7,855,8.41,False,,2026-06-04 16:51:15.701400
2204,7,859,14.35,False,,2026-06-04 16:51:15.701413
2205,7,860,11.32,False,,2026-06-04 16:51:15.701430
2206,7,862,15.58,False,,2026-06-04 16:51:15.701443
2207,7,868,10.96,False,,2026-06-04 16:51:15.701456
2208,7,870,0.0,True,Absent,2026-06-04 16:51:15.701469
2209,7,873,11.71,False,,2026-06-04 16:51:15.701482
2210,7,875,10.73,False,,2026-06-04 16:51:15.701496
2211,7,877,13.05,False,,2026-06-04 16:51:15.701509
2212,7,879,9.02,False,,2026-06-04 16:51:15.701522
2213,7,881,13.86,False,,2026-06-04 16:51:15.701535
2214,7,891,12.71,False,,2026-06-04 16:51:15.701548
2215,7,893,0.0,True,Absent,2026-06-04 16:51:15.701561
2216,7,894,12.92,False,,2026-06-04 16:51:15.701574
2217,7,905,8.1,False,,2026-06-04 16:51:15.701587
2218,7,912,14.86,False,,2026-06-04 16:51:15.701600
2219,7,914,14.32,False,,2026-06-04 16:51:15.701613
2220,7,919,17.53,False,,2026-06-04 16:51:15.701627
2221,7,921,6.54,False,,2026-06-04 16:51:15.701640
2222,7,922,11.81,False,,2026-06-04 16:51:15.701653
2223,7,928,10.18,False,,2026-06-04 16:51:15.701666
2224,7,929,0.0,True,Absent,2026-06-04 16:51:15.701679
2225,7,931,14.24,False,,2026-06-04 16:51:15.701695
2226,7,934,8.39,False,,2026-06-04 16:51:15.701709
2227,7,937,14.98,False,,2026-06-04 16:51:15.701723
2228,7,938,12.3,False,,2026-06-04 16:51:15.701737
2229,7,940,10.49,False,,2026-06-04 16:51:15.701750
2230,7,947,13.21,False,,2026-06-04 16:51:15.701763
2231,7,954,15.4,False,,2026-06-04 16:51:15.701776
2232,7,956,9.12,False,,2026-06-04 16:51:15.701789
2233,7,959,16.3,False,,2026-06-04 16:51:15.701802
2234,7,961,15.52,False,,2026-06-04 16:51:15.701818
2235,7,963,16.57,False,,2026-06-04 16:51:15.701831
2236,7,971,11.59,False,,2026-06-04 16:51:15.701844
2237,7,977,13.08,False,,2026-06-04 16:51:15.701858
2238,7,979,7.37,False,,2026-06-04 16:51:15.701871
2239,7,980,11.82,False,,2026-06-04 16:51:15.701884
2240,7,983,13.38,False,,2026-06-04 16:51:15.701898
2241,7,988,9.91,False,,2026-06-04 16:51:15.701912
2242,7,989,12.09,False,,2026-06-04 16:51:15.701926
2243,7,991,10.81,False,,2026-06-04 16:51:15.701939
2244,7,992,13.32,False,,2026-06-04 16:51:15.701952
2245,7,994,5.98,False,,2026-06-04 16:51:15.701966
2246,7,997,15.57,False,,2026-06-04 16:51:15.701979
2247,7,999,12.67,False,,2026-06-04 16:51:15.701992
2248,8,2,14.44,False,,2026-06-04 16:51:15.702420
2249,8,5,17.01,False,,2026-06-04 16:51:15.702438
2250,8,15,12.26,False,,2026-06-04 16:51:15.702454
2251,8,16,17.79,False,,2026-06-04 16:51:15.702468
2252,8,19,17.71,False,,2026-06-04 16:51:15.702483
2253,8,20,12.08,False,,2026-06-04 16:51:15.702497
2254,8,21,15.21,False,,2026-06-04 16:51:15.702511
2255,8,30,8.77,False,,2026-06-04 16:51:15.702525
2256,8,37,0.0,True,Absent,2026-06-04 16:51:15.702537
2257,8,40,0.0,True,Absent,2026-06-04 16:51:15.702550
2258,8,44,8.16,False,,2026-06-04 16:51:15.702564
2259,8,47,8.68,False,,2026-06-04 16:51:15.702577
2260,8,49,8.59,False,,2026-06-04 16:51:15.702590
2261,8,50,7.52,False,,2026-06-04 16:51:15.702604
2262,8,51,11.28,False,,2026-06-04 16:51:15.702617
2263,8,57,0.0,True,Absent,2026-06-04 16:51:15.702630
2264,8,58,13.92,False,,2026-06-04 16:51:15.702643
2265,8,59,13.74,False,,2026-06-04 16:51:15.702657
2266,8,62,11.67,False,,2026-06-04 16:51:15.702670
2267,8,64,17.17,False,,2026-06-04 16:51:15.702683
2268,8,71,14.06,False,,2026-06-04 16:51:15.702696
2269,8,72,0.0,True,Absent,2026-06-04 16:51:15.702709
2270,8,78,8.71,False,,2026-06-04 16:51:15.702722
2271,8,79,10.76,False,,2026-06-04 16:51:15.702735
2272,8,80,5.58,False,,2026-06-04 16:51:15.702749
2273,8,81,12.59,False,,2026-06-04 16:51:15.702762
2274,8,82,10.21,False,,2026-06-04 16:51:15.702775
2275,8,84,15.47,False,,2026-06-04 16:51:15.702788
2276,8,85,10.86,False,,2026-06-04 16:51:15.702801
2277,8,86,11.04,False,,2026-06-04 16:51:15.702814
2278,8,87,12.72,False,,2026-06-04 16:51:15.702828
2279,8,88,13.74,False,,2026-06-04 16:51:15.702841
2280,8,92,8.13,False,,2026-06-04 16:51:15.702854
2281,8,94,6.59,False,,2026-06-04 16:51:15.702867
2282,8,95,15.38,False,,2026-06-04 16:51:15.702880
2283,8,96,12.74,False,,2026-06-04 16:51:15.702897
2284,8,97,12.59,False,,2026-06-04 16:51:15.702910
2285,8,105,0.0,True,Absent,2026-06-04 16:51:15.702922
2286,8,108,0.0,True,Absent,2026-06-04 16:51:15.702935
2287,8,110,7.99,False,,2026-06-04 16:51:15.702948
2288,8,121,13.03,False,,2026-06-04 16:51:15.702961
2289,8,123,6.31,False,,2026-06-04 16:51:15.702974
2290,8,125,10.28,False,,2026-06-04 16:51:15.702987
2291,8,131,18.57,False,,2026-06-04 16:51:15.703000
2292,8,132,12.49,False,,2026-06-04 16:51:15.703013
2293,8,135,12.66,False,,2026-06-04 16:51:15.703026
2294,8,137,9.14,False,,2026-06-04 16:51:15.703038
2295,8,140,14.22,False,,2026-06-04 16:51:15.703051
2296,8,143,10.89,False,,2026-06-04 16:51:15.703065
2297,8,146,14.08,False,,2026-06-04 16:51:15.703077
2298,8,153,8.0,False,,2026-06-04 16:51:15.703091
2299,8,156,13.18,False,,2026-06-04 16:51:15.703104
2300,8,158,14.96,False,,2026-06-04 16:51:15.703117
2301,8,166,9.79,False,,2026-06-04 16:51:15.703129
2302,8,168,8.48,False,,2026-06-04 16:51:15.703142
2303,8,169,13.64,False,,2026-06-04 16:51:15.703155
2304,8,173,6.64,False,,2026-06-04 16:51:15.703169
2305,8,176,13.6,False,,2026-06-04 16:51:15.703182
2306,8,179,11.08,False,,2026-06-04 16:51:15.703195
2307,8,182,7.34,False,,2026-06-04 16:51:15.703208
2308,8,183,14.77,False,,2026-06-04 16:51:15.703221
2309,8,184,15.5,False,,2026-06-04 16:51:15.703234
2310,8,185,8.8,False,,2026-06-04 16:51:15.703247
2311,8,186,7.07,False,,2026-06-04 16:51:15.703260
2312,8,191,14.92,False,,2026-06-04 16:51:15.703274
2313,8,196,12.83,False,,2026-06-04 16:51:15.703286
2314,8,199,11.56,False,,2026-06-04 16:51:15.703299
2315,8,201,10.48,False,,2026-06-04 16:51:15.703312
2316,8,203,10.23,False,,2026-06-04 16:51:15.703326
2317,8,204,11.86,False,,2026-06-04 16:51:15.703339
2318,8,212,8.62,False,,2026-06-04 16:51:15.703352
2319,8,213,7.67,False,,2026-06-04 16:51:15.703365
2320,8,216,10.59,False,,2026-06-04 16:51:15.703378
2321,8,219,7.84,False,,2026-06-04 16:51:15.703391
2322,8,220,8.6,False,,2026-06-04 16:51:15.703404
2323,8,221,18.05,False,,2026-06-04 16:51:15.703420
2324,8,227,12.47,False,,2026-06-04 16:51:15.703433
2325,8,228,13.37,False,,2026-06-04 16:51:15.703447
2326,8,232,12.02,False,,2026-06-04 16:51:15.703460
2327,8,235,12.6,False,,2026-06-04 16:51:15.703473
2328,8,236,0.0,True,Absent,2026-06-04 16:51:15.703485
2329,8,243,12.91,False,,2026-06-04 16:51:15.703498
2330,8,244,7.71,False,,2026-06-04 16:51:15.703511
2331,8,248,10.39,False,,2026-06-04 16:51:15.703524
2332,8,250,14.88,False,,2026-06-04 16:51:15.703538
2333,8,251,14.48,False,,2026-06-04 16:51:15.703551
2334,8,254,15.01,False,,2026-06-04 16:51:15.703564
2335,8,258,12.33,False,,2026-06-04 16:51:15.703578
2336,8,260,15.46,False,,2026-06-04 16:51:15.703592
2337,8,264,18.02,False,,2026-06-04 16:51:15.703605
2338,8,269,13.96,False,,2026-06-04 16:51:15.703618
2339,8,271,0.0,True,Absent,2026-06-04 16:51:15.703631
2340,8,272,10.11,False,,2026-06-04 16:51:15.703644
2341,8,281,12.0,False,,2026-06-04 16:51:15.703658
2342,8,284,14.48,False,,2026-06-04 16:51:15.703671
2343,8,286,9.98,False,,2026-06-04 16:51:15.703684
2344,8,288,16.32,False,,2026-06-04 16:51:15.703697
2345,8,289,6.17,False,,2026-06-04 16:51:15.703710
2346,8,291,13.28,False,,2026-06-04 16:51:15.703723
2347,8,295,14.56,False,,2026-06-04 16:51:15.703736
2348,8,296,8.1,False,,2026-06-04 16:51:15.703749
2349,8,298,13.27,False,,2026-06-04 16:51:15.703763
2350,8,299,0.0,True,Absent,2026-06-04 16:51:15.703775
2351,8,300,7.02,False,,2026-06-04 16:51:15.703794
2352,8,302,11.89,False,,2026-06-04 16:51:15.703808
2353,8,310,11.47,False,,2026-06-04 16:51:15.703821
2354,8,313,0.0,True,Absent,2026-06-04 16:51:15.703834
2355,8,315,6.83,False,,2026-06-04 16:51:15.703847
2356,8,319,13.5,False,,2026-06-04 16:51:15.703861
2357,8,325,9.83,False,,2026-06-04 16:51:15.703874
2358,8,327,13.56,False,,2026-06-04 16:51:15.703887
2359,8,332,13.79,False,,2026-06-04 16:51:15.703901
2360,8,333,15.97,False,,2026-06-04 16:51:15.703914
2361,8,336,15.4,False,,2026-06-04 16:51:15.703933
2362,8,339,0.0,True,Absent,2026-06-04 16:51:15.703946
2363,8,340,9.12,False,,2026-06-04 16:51:15.703959
2364,8,342,12.97,False,,2026-06-04 16:51:15.703972
2365,8,343,0.0,True,Absent,2026-06-04 16:51:15.703985
2366,8,346,16.66,False,,2026-06-04 16:51:15.703998
2367,8,350,10.4,False,,2026-06-04 16:51:15.704011
2368,8,351,16.32,False,,2026-06-04 16:51:15.704024
2369,8,357,10.75,False,,2026-06-04 16:51:15.704037
2370,8,359,14.78,False,,2026-06-04 16:51:15.704050
2371,8,361,7.54,False,,2026-06-04 16:51:15.704063
2372,8,365,17.28,False,,2026-06-04 16:51:15.704076
2373,8,368,7.37,False,,2026-06-04 16:51:15.704089
2374,8,371,10.84,False,,2026-06-04 16:51:15.704102
2375,8,372,13.75,False,,2026-06-04 16:51:15.704115
2376,8,373,16.03,False,,2026-06-04 16:51:15.704128
2377,8,374,14.59,False,,2026-06-04 16:51:15.704142
2378,8,381,12.13,False,,2026-06-04 16:51:15.704155
2379,8,382,0.0,True,Absent,2026-06-04 16:51:15.704167
2380,8,383,9.04,False,,2026-06-04 16:51:15.704181
2381,8,384,11.05,False,,2026-06-04 16:51:15.704194
2382,8,385,8.86,False,,2026-06-04 16:51:15.704207
2383,8,386,8.98,False,,2026-06-04 16:51:15.704220
2384,8,389,6.34,False,,2026-06-04 16:51:15.704233
2385,8,390,11.45,False,,2026-06-04 16:51:15.704246
2386,8,391,13.13,False,,2026-06-04 16:51:15.704260
2387,8,394,10.32,False,,2026-06-04 16:51:15.704273
2388,8,398,15.38,False,,2026-06-04 16:51:15.704286
2389,8,403,7.47,False,,2026-06-04 16:51:15.704299
2390,8,413,10.09,False,,2026-06-04 16:51:15.704312
2391,8,415,10.64,False,,2026-06-04 16:51:15.704325
2392,8,416,10.47,False,,2026-06-04 16:51:15.704338
2393,8,418,10.87,False,,2026-06-04 16:51:15.704351
2394,8,420,13.91,False,,2026-06-04 16:51:15.704364
2395,8,422,10.63,False,,2026-06-04 16:51:15.704377
2396,8,423,12.24,False,,2026-06-04 16:51:15.704390
2397,8,424,10.53,False,,2026-06-04 16:51:15.704403
2398,8,428,11.62,False,,2026-06-04 16:51:15.704416
2399,8,431,13.34,False,,2026-06-04 16:51:15.704429
2400,8,433,0.0,True,Absent,2026-06-04 16:51:15.704441
2401,8,443,7.19,False,,2026-06-04 16:51:15.704455
2402,8,448,0.0,True,Absent,2026-06-04 16:51:15.704467
2403,8,449,10.19,False,,2026-06-04 16:51:15.704480
2404,8,453,12.65,False,,2026-06-04 16:51:15.704493
2405,8,457,15.58,False,,2026-06-04 16:51:15.704507
2406,8,458,10.3,False,,2026-06-04 16:51:15.704520
2407,8,459,10.99,False,,2026-06-04 16:51:15.704533
2408,8,461,12.39,False,,2026-06-04 16:51:15.704546
2409,8,471,0.0,True,Absent,2026-06-04 16:51:15.704559
2410,8,479,17.43,False,,2026-06-04 16:51:15.704572
2411,8,481,15.84,False,,2026-06-04 16:51:15.704585
2412,8,484,13.62,False,,2026-06-04 16:51:15.704599
2413,8,487,13.65,False,,2026-06-04 16:51:15.704612
2414,8,490,11.89,False,,2026-06-04 16:51:15.704625
2415,8,494,0.0,True,Absent,2026-06-04 16:51:15.704638
2416,8,495,10.23,False,,2026-06-04 16:51:15.704651
2417,8,497,9.91,False,,2026-06-04 16:51:15.704664
2418,8,506,15.14,False,,2026-06-04 16:51:15.704678
2419,8,508,16.22,False,,2026-06-04 16:51:15.704691
2420,8,509,9.87,False,,2026-06-04 16:51:15.704704
2421,8,512,12.78,False,,2026-06-04 16:51:15.704717
2422,8,514,11.14,False,,2026-06-04 16:51:15.704730
2423,8,516,13.45,False,,2026-06-04 16:51:15.704743
2424,8,523,14.71,False,,2026-06-04 16:51:15.704756
2425,8,526,15.92,False,,2026-06-04 16:51:15.704769
2426,8,529,9.45,False,,2026-06-04 16:51:15.704782
2427,8,536,16.68,False,,2026-06-04 16:51:15.704795
2428,8,539,14.83,False,,2026-06-04 16:51:15.704809
2429,8,541,10.48,False,,2026-06-04 16:51:15.704822
2430,8,542,11.3,False,,2026-06-04 16:51:15.704835
2431,8,547,9.68,False,,2026-06-04 16:51:15.704848
2432,8,548,14.62,False,,2026-06-04 16:51:15.704861
2433,8,552,13.6,False,,2026-06-04 16:51:15.704874
2434,8,553,8.24,False,,2026-06-04 16:51:15.704887
2435,8,554,12.64,False,,2026-06-04 16:51:15.704900
2436,8,555,16.42,False,,2026-06-04 16:51:15.704913
2437,8,558,10.59,False,,2026-06-04 16:51:15.704926
2438,8,569,11.79,False,,2026-06-04 16:51:15.704939
2439,8,571,11.66,False,,2026-06-04 16:51:15.704956
2440,8,576,14.23,False,,2026-06-04 16:51:15.704969
2441,8,579,11.97,False,,2026-06-04 16:51:15.704982
2442,8,580,17.46,False,,2026-06-04 16:51:15.704995
2443,8,584,10.02,False,,2026-06-04 16:51:15.705008
2444,8,585,10.97,False,,2026-06-04 16:51:15.705021
2445,8,586,9.96,False,,2026-06-04 16:51:15.705035
2446,8,592,6.8,False,,2026-06-04 16:51:15.705048
2447,8,593,15.48,False,,2026-06-04 16:51:15.705061
2448,8,595,8.24,False,,2026-06-04 16:51:15.705074
2449,8,599,16.87,False,,2026-06-04 16:51:15.705088
2450,8,603,16.77,False,,2026-06-04 16:51:15.705101
2451,8,604,12.99,False,,2026-06-04 16:51:15.705114
2452,8,605,7.33,False,,2026-06-04 16:51:15.705127
2453,8,608,9.47,False,,2026-06-04 16:51:15.705140
2454,8,611,10.23,False,,2026-06-04 16:51:15.705153
2455,8,619,5.91,False,,2026-06-04 16:51:15.705166
2456,8,620,14.69,False,,2026-06-04 16:51:15.705179
2457,8,623,13.15,False,,2026-06-04 16:51:15.705192
2458,8,624,17.7,False,,2026-06-04 16:51:15.705205
2459,8,636,11.73,False,,2026-06-04 16:51:15.705218
2460,8,638,12.32,False,,2026-06-04 16:51:15.705231
2461,8,641,15.7,False,,2026-06-04 16:51:15.705244
2462,8,643,0.0,True,Absent,2026-06-04 16:51:15.705257
2463,8,644,12.2,False,,2026-06-04 16:51:15.705270
2464,8,646,10.66,False,,2026-06-04 16:51:15.705283
2465,8,647,10.8,False,,2026-06-04 16:51:15.705296
2466,8,648,10.3,False,,2026-06-04 16:51:15.705309
2467,8,649,6.89,False,,2026-06-04 16:51:15.705323
2468,8,653,13.52,False,,2026-06-04 16:51:15.705335
2469,8,657,9.61,False,,2026-06-04 16:51:15.705349
2470,8,660,9.19,False,,2026-06-04 16:51:15.705362
2471,8,663,0.0,True,Absent,2026-06-04 16:51:15.705374
2472,8,666,0.0,True,Absent,2026-06-04 16:51:15.705387
2473,8,667,8.35,False,,2026-06-04 16:51:15.705400
2474,8,669,6.79,False,,2026-06-04 16:51:15.705413
2475,8,672,0.0,True,Absent,2026-06-04 16:51:15.705425
2476,8,674,12.3,False,,2026-06-04 16:51:15.705438
2477,8,675,11.0,False,,2026-06-04 16:51:15.705452
2478,8,678,15.81,False,,2026-06-04 16:51:15.705465
2479,8,684,13.3,False,,2026-06-04 16:51:15.705478
2480,8,687,8.69,False,,2026-06-04 16:51:15.705491
2481,8,692,8.44,False,,2026-06-04 16:51:15.705510
2482,8,693,15.7,False,,2026-06-04 16:51:15.705524
2483,8,694,11.51,False,,2026-06-04 16:51:15.705537
2484,8,696,14.1,False,,2026-06-04 16:51:15.705551
2485,8,701,0.0,True,Absent,2026-06-04 16:51:15.705563
2486,8,710,10.92,False,,2026-06-04 16:51:15.705576
2487,8,712,9.27,False,,2026-06-04 16:51:15.705589
2488,8,715,0.0,True,Absent,2026-06-04 16:51:15.705602
2489,8,720,15.77,False,,2026-06-04 16:51:15.705615
2490,8,723,11.49,False,,2026-06-04 16:51:15.705628
2491,8,732,0.0,True,Absent,2026-06-04 16:51:15.705640
2492,8,734,15.22,False,,2026-06-04 16:51:15.705654
2493,8,743,10.99,False,,2026-06-04 16:51:15.705667
2494,8,744,12.59,False,,2026-06-04 16:51:15.705680
2495,8,746,13.23,False,,2026-06-04 16:51:15.705693
2496,8,755,13.73,False,,2026-06-04 16:51:15.705706
2497,8,757,9.66,False,,2026-06-04 16:51:15.705719
2498,8,762,7.82,False,,2026-06-04 16:51:15.705732
2499,8,763,8.98,False,,2026-06-04 16:51:15.705746
2500,8,766,8.91,False,,2026-06-04 16:51:15.705758
2501,8,774,11.41,False,,2026-06-04 16:51:15.705771
2502,8,776,14.76,False,,2026-06-04 16:51:15.705784
2503,8,779,13.97,False,,2026-06-04 16:51:15.705798
2504,8,781,13.87,False,,2026-06-04 16:51:15.705811
2505,8,784,9.86,False,,2026-06-04 16:51:15.705824
2506,8,788,13.28,False,,2026-06-04 16:51:15.705837
2507,8,790,10.43,False,,2026-06-04 16:51:15.705850
2508,8,797,6.36,False,,2026-06-04 16:51:15.705866
2509,8,798,8.91,False,,2026-06-04 16:51:15.705880
2510,8,805,0.0,True,Absent,2026-06-04 16:51:15.705893
2511,8,806,16.37,False,,2026-06-04 16:51:15.705906
2512,8,810,9.85,False,,2026-06-04 16:51:15.705919
2513,8,813,9.87,False,,2026-06-04 16:51:15.705932
2514,8,815,16.37,False,,2026-06-04 16:51:15.705945
2515,8,820,10.49,False,,2026-06-04 16:51:15.705958
2516,8,821,6.3,False,,2026-06-04 16:51:15.705972
2517,8,822,16.97,False,,2026-06-04 16:51:15.705988
2518,8,830,15.37,False,,2026-06-04 16:51:15.706001
2519,8,836,16.28,False,,2026-06-04 16:51:15.706014
2520,8,839,6.79,False,,2026-06-04 16:51:15.706027
2521,8,842,7.58,False,,2026-06-04 16:51:15.706040
2522,8,851,8.4,False,,2026-06-04 16:51:15.706053
2523,8,853,11.6,False,,2026-06-04 16:51:15.706066
2524,8,855,13.19,False,,2026-06-04 16:51:15.706079
2525,8,859,16.91,False,,2026-06-04 16:51:15.706092
2526,8,860,13.93,False,,2026-06-04 16:51:15.706105
2527,8,862,16.52,False,,2026-06-04 16:51:15.706118
2528,8,868,12.33,False,,2026-06-04 16:51:15.706132
2529,8,870,0.0,True,Absent,2026-06-04 16:51:15.706144
2530,8,873,10.27,False,,2026-06-04 16:51:15.706157
2531,8,875,14.43,False,,2026-06-04 16:51:15.706170
2532,8,877,13.27,False,,2026-06-04 16:51:15.706183
2533,8,879,7.01,False,,2026-06-04 16:51:15.706196
2534,8,881,9.25,False,,2026-06-04 16:51:15.706209
2535,8,891,16.76,False,,2026-06-04 16:51:15.706222
2536,8,893,11.25,False,,2026-06-04 16:51:15.706235
2537,8,894,13.58,False,,2026-06-04 16:51:15.706249
2538,8,905,11.02,False,,2026-06-04 16:51:15.706262
2539,8,912,0.0,True,Absent,2026-06-04 16:51:15.706274
2540,8,914,13.77,False,,2026-06-04 16:51:15.706287
2541,8,919,13.46,False,,2026-06-04 16:51:15.706300
2542,8,921,10.31,False,,2026-06-04 16:51:15.706313
2543,8,922,9.88,False,,2026-06-04 16:51:15.706326
2544,8,928,7.98,False,,2026-06-04 16:51:15.706339
2545,8,929,14.45,False,,2026-06-04 16:51:15.706352
2546,8,931,10.31,False,,2026-06-04 16:51:15.706365
2547,8,934,11.32,False,,2026-06-04 16:51:15.706378
2548,8,937,10.16,False,,2026-06-04 16:51:15.706391
2549,8,938,6.5,False,,2026-06-04 16:51:15.706405
2550,8,940,10.38,False,,2026-06-04 16:51:15.706418
2551,8,947,15.72,False,,2026-06-04 16:51:15.706431
2552,8,954,12.35,False,,2026-06-04 16:51:15.706444
2553,8,956,11.1,False,,2026-06-04 16:51:15.706457
2554,8,959,12.13,False,,2026-06-04 16:51:15.706470
2555,8,961,15.5,False,,2026-06-04 16:51:15.706483
2556,8,963,17.07,False,,2026-06-04 16:51:15.706496
2557,8,971,14.4,False,,2026-06-04 16:51:15.706509
2558,8,977,14.27,False,,2026-06-04 16:51:15.706523
2559,8,979,9.21,False,,2026-06-04 16:51:15.706536
2560,8,980,16.69,False,,2026-06-04 16:51:15.706549
2561,8,983,0.0,True,Absent,2026-06-04 16:51:15.706562
2562,8,988,11.75,False,,2026-06-04 16:51:15.706583
2563,8,989,12.28,False,,2026-06-04 16:51:15.706597
2564,8,991,15.97,False,,2026-06-04 16:51:15.706610
2565,8,992,17.05,False,,2026-06-04 16:51:15.706623
2566,8,994,7.34,False,,2026-06-04 16:51:15.706636
2567,8,997,0.0,True,Absent,2026-06-04 16:51:15.706649
2568,8,999,14.21,False,,2026-06-04 16:51:15.706662
2569,9,1,0.0,True,Absent,2026-06-04 16:51:15.707060
2570,9,3,8.01,False,,2026-06-04 16:51:15.707078
2571,9,6,11.22,False,,2026-06-04 16:51:15.707094
2572,9,8,0.0,True,Absent,2026-06-04 16:51:15.707112
2573,9,9,10.48,False,,2026-06-04 16:51:15.707130
2574,9,11,8.39,False,,2026-06-04 16:51:15.707143
2575,9,13,10.9,False,,2026-06-04 16:51:15.707157
2576,9,17,12.53,False,,2026-06-04 16:51:15.707170
2577,9,22,12.66,False,,2026-06-04 16:51:15.707184
2578,9,24,12.0,False,,2026-06-04 16:51:15.707200
2579,9,26,10.16,False,,2026-06-04 16:51:15.707216
2580,9,31,9.01,False,,2026-06-04 16:51:15.707229
2581,9,33,13.6,False,,2026-06-04 16:51:15.707243
2582,9,34,7.74,False,,2026-06-04 16:51:15.707257
2583,9,35,0.0,True,Absent,2026-06-04 16:51:15.707273
2584,9,36,9.95,False,,2026-06-04 16:51:15.707290
2585,9,38,11.95,False,,2026-06-04 16:51:15.707303
2586,9,42,15.41,False,,2026-06-04 16:51:15.707317
2587,9,46,0.0,True,Absent,2026-06-04 16:51:15.707329
2588,9,52,12.32,False,,2026-06-04 16:51:15.707343
2589,9,53,0.0,True,Absent,2026-06-04 16:51:15.707355
2590,9,54,7.3,False,,2026-06-04 16:51:15.707369
2591,9,55,14.94,False,,2026-06-04 16:51:15.707385
2592,9,60,14.27,False,,2026-06-04 16:51:15.707401
2593,9,66,8.99,False,,2026-06-04 16:51:15.707414
2594,9,67,10.61,False,,2026-06-04 16:51:15.707431
2595,9,68,16.78,False,,2026-06-04 16:51:15.707444
2596,9,69,9.04,False,,2026-06-04 16:51:15.707457
2597,9,70,10.47,False,,2026-06-04 16:51:15.707473
2598,9,77,12.67,False,,2026-06-04 16:51:15.707487
2599,9,83,6.59,False,,2026-06-04 16:51:15.707500
2600,9,89,8.43,False,,2026-06-04 16:51:15.707513
2601,9,100,14.04,False,,2026-06-04 16:51:15.707526
2602,9,101,14.9,False,,2026-06-04 16:51:15.707540
2603,9,103,0.0,True,Absent,2026-06-04 16:51:15.707552
2604,9,107,7.33,False,,2026-06-04 16:51:15.707568
2605,9,113,13.04,False,,2026-06-04 16:51:15.707581
2606,9,114,11.04,False,,2026-06-04 16:51:15.707594
2607,9,116,12.93,False,,2026-06-04 16:51:15.707607
2608,9,117,13.39,False,,2026-06-04 16:51:15.707621
2609,9,118,6.03,False,,2026-06-04 16:51:15.707636
2610,9,122,7.02,False,,2026-06-04 16:51:15.707649
2611,9,124,9.93,False,,2026-06-04 16:51:15.707663
2612,9,126,12.87,False,,2026-06-04 16:51:15.707676
2613,9,127,9.87,False,,2026-06-04 16:51:15.707689
2614,9,129,13.4,False,,2026-06-04 16:51:15.707702
2615,9,130,8.65,False,,2026-06-04 16:51:15.707716
2616,9,138,0.0,True,Absent,2026-06-04 16:51:15.707728
2617,9,141,13.36,False,,2026-06-04 16:51:15.707741
2618,9,142,0.0,True,Absent,2026-06-04 16:51:15.707753
2619,9,144,10.96,False,,2026-06-04 16:51:15.707766
2620,9,145,9.31,False,,2026-06-04 16:51:15.707780
2621,9,151,14.26,False,,2026-06-04 16:51:15.707793
2622,9,154,6.11,False,,2026-06-04 16:51:15.707806
2623,9,157,16.24,False,,2026-06-04 16:51:15.707819
2624,9,160,12.55,False,,2026-06-04 16:51:15.707832
2625,9,161,11.47,False,,2026-06-04 16:51:15.707845
2626,9,162,10.59,False,,2026-06-04 16:51:15.707858
2627,9,165,8.68,False,,2026-06-04 16:51:15.707872
2628,9,167,9.68,False,,2026-06-04 16:51:15.707885
2629,9,177,13.65,False,,2026-06-04 16:51:15.707898
2630,9,178,12.84,False,,2026-06-04 16:51:15.707911
2631,9,181,12.83,False,,2026-06-04 16:51:15.707924
2632,9,188,6.41,False,,2026-06-04 16:51:15.707937
2633,9,189,10.83,False,,2026-06-04 16:51:15.707950
2634,9,190,8.72,False,,2026-06-04 16:51:15.707966
2635,9,194,14.13,False,,2026-06-04 16:51:15.707979
2636,9,195,8.06,False,,2026-06-04 16:51:15.707992
2637,9,197,15.13,False,,2026-06-04 16:51:15.708005
2638,9,198,8.14,False,,2026-06-04 16:51:15.708021
2639,9,202,10.03,False,,2026-06-04 16:51:15.708034
2640,9,205,14.38,False,,2026-06-04 16:51:15.708048
2641,9,206,6.79,False,,2026-06-04 16:51:15.708061
2642,9,208,14.68,False,,2026-06-04 16:51:15.708074
2643,9,211,12.73,False,,2026-06-04 16:51:15.708089
2644,9,214,13.91,False,,2026-06-04 16:51:15.708103
2645,9,215,10.28,False,,2026-06-04 16:51:15.708116
2646,9,217,11.47,False,,2026-06-04 16:51:15.708129
2647,9,222,10.77,False,,2026-06-04 16:51:15.708142
2648,9,223,9.5,False,,2026-06-04 16:51:15.708155
2649,9,224,16.61,False,,2026-06-04 16:51:15.708168
2650,9,229,13.6,False,,2026-06-04 16:51:15.708181
2651,9,231,14.97,False,,2026-06-04 16:51:15.708194
2652,9,233,11.08,False,,2026-06-04 16:51:15.708210
2653,9,234,13.18,False,,2026-06-04 16:51:15.708223
2654,9,240,12.88,False,,2026-06-04 16:51:15.708239
2655,9,242,10.67,False,,2026-06-04 16:51:15.708252
2656,9,245,7.76,False,,2026-06-04 16:51:15.708265
2657,9,249,5.97,False,,2026-06-04 16:51:15.708278
2658,9,252,10.04,False,,2026-06-04 16:51:15.708295
2659,9,253,11.68,False,,2026-06-04 16:51:15.708307
2660,9,255,11.76,False,,2026-06-04 16:51:15.708323
2661,9,256,12.54,False,,2026-06-04 16:51:15.708340
2662,9,259,11.67,False,,2026-06-04 16:51:15.708354
2663,9,261,13.74,False,,2026-06-04 16:51:15.708367
2664,9,262,14.73,False,,2026-06-04 16:51:15.708380
2665,9,266,15.92,False,,2026-06-04 16:51:15.708396
2666,9,268,14.26,False,,2026-06-04 16:51:15.708409
2667,9,270,16.48,False,,2026-06-04 16:51:15.708423
2668,9,274,15.71,False,,2026-06-04 16:51:15.708436
2669,9,275,10.05,False,,2026-06-04 16:51:15.708449
2670,9,276,8.96,False,,2026-06-04 16:51:15.708462
2671,9,277,13.61,False,,2026-06-04 16:51:15.708475
2672,9,279,12.95,False,,2026-06-04 16:51:15.708491
2673,9,282,18.0,False,,2026-06-04 16:51:15.708504
2674,9,283,7.83,False,,2026-06-04 16:51:15.708517
2675,9,290,0.0,True,Absent,2026-06-04 16:51:15.708530
2676,9,292,12.16,False,,2026-06-04 16:51:15.708543
2677,9,293,7.04,False,,2026-06-04 16:51:15.708556
2678,9,294,5.78,False,,2026-06-04 16:51:15.708569
2679,9,297,7.73,False,,2026-06-04 16:51:15.708582
2680,9,301,18.41,False,,2026-06-04 16:51:15.708595
2681,9,303,11.92,False,,2026-06-04 16:51:15.708608
2682,9,306,9.53,False,,2026-06-04 16:51:15.708621
2683,9,308,10.34,False,,2026-06-04 16:51:15.708634
2684,9,311,11.56,False,,2026-06-04 16:51:15.708647
2685,9,317,0.0,True,Absent,2026-06-04 16:51:15.708659
2686,9,318,0.0,True,Absent,2026-06-04 16:51:15.708672
2687,9,320,10.63,False,,2026-06-04 16:51:15.708685
2688,9,322,7.12,False,,2026-06-04 16:51:15.708698
2689,9,326,0.0,True,Absent,2026-06-04 16:51:15.708711
2690,9,328,8.89,False,,2026-06-04 16:51:15.708724
2691,9,329,15.07,False,,2026-06-04 16:51:15.708742
2692,9,334,13.12,False,,2026-06-04 16:51:15.708785
2693,9,338,14.71,False,,2026-06-04 16:51:15.708805
2694,9,347,16.03,False,,2026-06-04 16:51:15.708822
2695,9,348,7.07,False,,2026-06-04 16:51:15.708837
2696,9,354,8.42,False,,2026-06-04 16:51:15.708853
2697,9,363,10.88,False,,2026-06-04 16:51:15.708870
2698,9,367,17.39,False,,2026-06-04 16:51:15.708883
2699,9,369,17.64,False,,2026-06-04 16:51:15.708897
2700,9,377,11.47,False,,2026-06-04 16:51:15.708911
2701,9,387,12.95,False,,2026-06-04 16:51:15.708924
2702,9,388,0.0,True,Absent,2026-06-04 16:51:15.708941
2703,9,392,13.94,False,,2026-06-04 16:51:15.708955
2704,9,393,13.05,False,,2026-06-04 16:51:15.708968
2705,9,395,12.65,False,,2026-06-04 16:51:15.708982
2706,9,396,15.85,False,,2026-06-04 16:51:15.708995
2707,9,399,0.0,True,Absent,2026-06-04 16:51:15.709008
2708,9,400,0.0,True,Absent,2026-06-04 16:51:15.709021
2709,9,402,13.44,False,,2026-06-04 16:51:15.709034
2710,9,404,0.0,True,Absent,2026-06-04 16:51:15.709046
2711,9,405,7.32,False,,2026-06-04 16:51:15.709059
2712,9,406,6.57,False,,2026-06-04 16:51:15.709073
2713,9,408,10.78,False,,2026-06-04 16:51:15.709086
2714,9,409,17.46,False,,2026-06-04 16:51:15.709103
2715,9,411,0.0,True,Absent,2026-06-04 16:51:15.709116
2716,9,412,7.94,False,,2026-06-04 16:51:15.709129
2717,9,414,9.97,False,,2026-06-04 16:51:15.709143
2718,9,417,18.17,False,,2026-06-04 16:51:15.709156
2719,9,425,13.91,False,,2026-06-04 16:51:15.709169
2720,9,427,8.86,False,,2026-06-04 16:51:15.709183
2721,9,429,11.31,False,,2026-06-04 16:51:15.709196
2722,9,434,10.76,False,,2026-06-04 16:51:15.709209
2723,9,435,9.69,False,,2026-06-04 16:51:15.709223
2724,9,438,15.42,False,,2026-06-04 16:51:15.709236
2725,9,439,11.73,False,,2026-06-04 16:51:15.709249
2726,9,440,11.72,False,,2026-06-04 16:51:15.709263
2727,9,441,11.27,False,,2026-06-04 16:51:15.709276
2728,9,442,11.69,False,,2026-06-04 16:51:15.709289
2729,9,451,9.37,False,,2026-06-04 16:51:15.709303
2730,9,452,0.0,True,Absent,2026-06-04 16:51:15.709315
2731,9,456,13.04,False,,2026-06-04 16:51:15.709329
2732,9,460,15.37,False,,2026-06-04 16:51:15.709342
2733,9,462,7.87,False,,2026-06-04 16:51:15.709355
2734,9,463,7.22,False,,2026-06-04 16:51:15.709369
2735,9,467,11.49,False,,2026-06-04 16:51:15.709385
2736,9,470,7.1,False,,2026-06-04 16:51:15.709399
2737,9,472,10.42,False,,2026-06-04 16:51:15.709415
2738,9,473,14.86,False,,2026-06-04 16:51:15.709429
2739,9,474,12.4,False,,2026-06-04 16:51:15.709442
2740,9,475,12.02,False,,2026-06-04 16:51:15.709455
2741,9,482,10.45,False,,2026-06-04 16:51:15.709468
2742,9,485,12.75,False,,2026-06-04 16:51:15.709482
2743,9,486,11.7,False,,2026-06-04 16:51:15.709495
2744,9,488,8.76,False,,2026-06-04 16:51:15.709508
2745,9,489,13.35,False,,2026-06-04 16:51:15.709522
2746,9,491,10.18,False,,2026-06-04 16:51:15.709535
2747,9,492,9.99,False,,2026-06-04 16:51:15.709548
2748,9,493,13.75,False,,2026-06-04 16:51:15.709564
2749,9,498,11.25,False,,2026-06-04 16:51:15.709577
2750,9,501,17.66,False,,2026-06-04 16:51:15.709597
2751,9,502,10.82,False,,2026-06-04 16:51:15.709610
2752,9,503,8.71,False,,2026-06-04 16:51:15.709623
2753,9,504,16.05,False,,2026-06-04 16:51:15.709636
2754,9,505,10.58,False,,2026-06-04 16:51:15.709649
2755,9,507,17.66,False,,2026-06-04 16:51:15.709662
2756,9,511,9.12,False,,2026-06-04 16:51:15.709676
2757,9,513,8.74,False,,2026-06-04 16:51:15.709689
2758,9,515,7.79,False,,2026-06-04 16:51:15.709702
2759,9,519,8.48,False,,2026-06-04 16:51:15.709718
2760,9,520,15.43,False,,2026-06-04 16:51:15.709731
2761,9,521,11.14,False,,2026-06-04 16:51:15.709744
2762,9,524,8.26,False,,2026-06-04 16:51:15.709757
2763,9,525,10.47,False,,2026-06-04 16:51:15.709771
2764,9,530,10.74,False,,2026-06-04 16:51:15.709784
2765,9,537,6.79,False,,2026-06-04 16:51:15.709797
2766,9,540,12.06,False,,2026-06-04 16:51:15.709810
2767,9,544,11.99,False,,2026-06-04 16:51:15.709826
2768,9,545,18.25,False,,2026-06-04 16:51:15.709839
2769,9,546,12.32,False,,2026-06-04 16:51:15.709852
2770,9,551,9.48,False,,2026-06-04 16:51:15.709865
2771,9,559,8.39,False,,2026-06-04 16:51:15.709881
2772,9,560,11.08,False,,2026-06-04 16:51:15.709897
2773,9,562,14.6,False,,2026-06-04 16:51:15.709914
2774,9,567,7.19,False,,2026-06-04 16:51:15.709927
2775,9,572,11.25,False,,2026-06-04 16:51:15.709940
2776,9,577,16.63,False,,2026-06-04 16:51:15.709953
2777,9,581,18.34,False,,2026-06-04 16:51:15.709966
2778,9,582,10.24,False,,2026-06-04 16:51:15.709980
2779,9,583,16.95,False,,2026-06-04 16:51:15.709993
2780,9,587,14.24,False,,2026-06-04 16:51:15.710008
2781,9,588,12.1,False,,2026-06-04 16:51:15.710022
2782,9,590,12.83,False,,2026-06-04 16:51:15.710038
2783,9,600,15.11,False,,2026-06-04 16:51:15.710051
2784,9,601,9.25,False,,2026-06-04 16:51:15.710064
2785,9,606,14.57,False,,2026-06-04 16:51:15.710077
2786,9,613,0.0,True,Absent,2026-06-04 16:51:15.710089
2787,9,622,10.66,False,,2026-06-04 16:51:15.710105
2788,9,625,6.72,False,,2026-06-04 16:51:15.710121
2789,9,628,10.88,False,,2026-06-04 16:51:15.710138
2790,9,629,9.78,False,,2026-06-04 16:51:15.710151
2791,9,631,13.07,False,,2026-06-04 16:51:15.710164
2792,9,637,10.96,False,,2026-06-04 16:51:15.710177
2793,9,645,15.1,False,,2026-06-04 16:51:15.710190
2794,9,650,13.7,False,,2026-06-04 16:51:15.710204
2795,9,652,14.74,False,,2026-06-04 16:51:15.710219
2796,9,654,13.24,False,,2026-06-04 16:51:15.710233
2797,9,655,0.0,True,Absent,2026-06-04 16:51:15.710248
2798,9,656,10.64,False,,2026-06-04 16:51:15.710261
2799,9,662,8.55,False,,2026-06-04 16:51:15.710274
2800,9,676,10.41,False,,2026-06-04 16:51:15.710287
2801,9,677,10.41,False,,2026-06-04 16:51:15.710300
2802,9,680,8.71,False,,2026-06-04 16:51:15.710316
2803,9,689,15.3,False,,2026-06-04 16:51:15.710329
2804,9,691,10.74,False,,2026-06-04 16:51:15.710342
2805,9,697,8.92,False,,2026-06-04 16:51:15.710355
2806,9,698,10.75,False,,2026-06-04 16:51:15.710368
2807,9,702,12.4,False,,2026-06-04 16:51:15.710382
2808,9,707,10.17,False,,2026-06-04 16:51:15.710395
2809,9,714,10.45,False,,2026-06-04 16:51:15.710408
2810,9,717,8.94,False,,2026-06-04 16:51:15.710421
2811,9,718,13.21,False,,2026-06-04 16:51:15.710434
2812,9,722,17.58,False,,2026-06-04 16:51:15.710447
2813,9,724,14.41,False,,2026-06-04 16:51:15.710460
2814,9,725,0.0,True,Absent,2026-06-04 16:51:15.710473
2815,9,727,6.15,False,,2026-06-04 16:51:15.710486
2816,9,729,8.6,False,,2026-06-04 16:51:15.710499
2817,9,733,16.79,False,,2026-06-04 16:51:15.710512
2818,9,735,6.33,False,,2026-06-04 16:51:15.710528
2819,9,736,0.0,True,Absent,2026-06-04 16:51:15.710541
2820,9,740,13.08,False,,2026-06-04 16:51:15.710554
2821,9,742,13.14,False,,2026-06-04 16:51:15.710570
2822,9,747,15.35,False,,2026-06-04 16:51:15.710583
2823,9,748,8.25,False,,2026-06-04 16:51:15.710596
2824,9,749,9.79,False,,2026-06-04 16:51:15.710609
2825,9,750,0.0,True,Absent,2026-06-04 16:51:15.710621
2826,9,759,7.1,False,,2026-06-04 16:51:15.710635
2827,9,760,8.74,False,,2026-06-04 16:51:15.710651
2828,9,767,12.19,False,,2026-06-04 16:51:15.710670
2829,9,768,0.0,True,Absent,2026-06-04 16:51:15.710682
2830,9,770,10.37,False,,2026-06-04 16:51:15.710698
2831,9,773,0.0,True,Absent,2026-06-04 16:51:15.710710
2832,9,777,17.64,False,,2026-06-04 16:51:15.710724
2833,9,778,11.37,False,,2026-06-04 16:51:15.710737
2834,9,780,12.58,False,,2026-06-04 16:51:15.710750
2835,9,786,8.58,False,,2026-06-04 16:51:15.710766
2836,9,787,10.28,False,,2026-06-04 16:51:15.710779
2837,9,789,11.64,False,,2026-06-04 16:51:15.710792
2838,9,793,9.12,False,,2026-06-04 16:51:15.710806
2839,9,795,10.6,False,,2026-06-04 16:51:15.710819
2840,9,796,14.22,False,,2026-06-04 16:51:15.710832
2841,9,800,15.06,False,,2026-06-04 16:51:15.710845
2842,9,801,16.13,False,,2026-06-04 16:51:15.710858
2843,9,802,12.16,False,,2026-06-04 16:51:15.710873
2844,9,803,11.03,False,,2026-06-04 16:51:15.710886
2845,9,807,10.26,False,,2026-06-04 16:51:15.710899
2846,9,812,17.69,False,,2026-06-04 16:51:15.710915
2847,9,814,12.25,False,,2026-06-04 16:51:15.710931
2848,9,816,13.71,False,,2026-06-04 16:51:15.710953
2849,9,817,6.78,False,,2026-06-04 16:51:15.710967
2850,9,824,7.9,False,,2026-06-04 16:51:15.710981
2851,9,826,14.85,False,,2026-06-04 16:51:15.710994
2852,9,827,12.24,False,,2026-06-04 16:51:15.711008
2853,9,829,12.01,False,,2026-06-04 16:51:15.711021
2854,9,831,0.0,True,Absent,2026-06-04 16:51:15.711033
2855,9,833,12.19,False,,2026-06-04 16:51:15.711049
2856,9,837,8.39,False,,2026-06-04 16:51:15.711062
2857,9,840,14.83,False,,2026-06-04 16:51:15.711075
2858,9,844,16.83,False,,2026-06-04 16:51:15.711088
2859,9,847,13.74,False,,2026-06-04 16:51:15.711101
2860,9,856,12.32,False,,2026-06-04 16:51:15.711113
2861,9,861,5.71,False,,2026-06-04 16:51:15.711126
2862,9,863,9.19,False,,2026-06-04 16:51:15.711142
2863,9,864,5.33,False,,2026-06-04 16:51:15.711160
2864,9,865,15.96,False,,2026-06-04 16:51:15.711173
2865,9,869,10.34,False,,2026-06-04 16:51:15.711186
2866,9,872,13.76,False,,2026-06-04 16:51:15.711199
2867,9,876,11.75,False,,2026-06-04 16:51:15.711214
2868,9,878,16.53,False,,2026-06-04 16:51:15.711231
2869,9,880,5.92,False,,2026-06-04 16:51:15.711245
2870,9,882,16.36,False,,2026-06-04 16:51:15.711258
2871,9,883,14.18,False,,2026-06-04 16:51:15.711271
2872,9,885,7.79,False,,2026-06-04 16:51:15.711284
2873,9,886,13.34,False,,2026-06-04 16:51:15.711297
2874,9,887,11.86,False,,2026-06-04 16:51:15.711310
2875,9,888,11.52,False,,2026-06-04 16:51:15.711326
2876,9,892,14.73,False,,2026-06-04 16:51:15.711339
2877,9,896,14.04,False,,2026-06-04 16:51:15.711352
2878,9,897,17.03,False,,2026-06-04 16:51:15.711365
2879,9,898,13.97,False,,2026-06-04 16:51:15.711378
2880,9,899,13.92,False,,2026-06-04 16:51:15.711391
2881,9,900,10.82,False,,2026-06-04 16:51:15.711405
2882,9,902,13.95,False,,2026-06-04 16:51:15.711418
2883,9,903,13.63,False,,2026-06-04 16:51:15.711432
2884,9,906,11.61,False,,2026-06-04 16:51:15.711445
2885,9,911,14.2,False,,2026-06-04 16:51:15.711459
2886,9,913,16.84,False,,2026-06-04 16:51:15.711480
2887,9,915,8.13,False,,2026-06-04 16:51:15.711494
2888,9,917,8.64,False,,2026-06-04 16:51:15.711509
2889,9,924,17.82,False,,2026-06-04 16:51:15.711525
2890,9,926,14.55,False,,2026-06-04 16:51:15.711539
2891,9,927,14.91,False,,2026-06-04 16:51:15.711553
2892,9,932,17.76,False,,2026-06-04 16:51:15.711567
2893,9,933,10.03,False,,2026-06-04 16:51:15.711580
2894,9,936,9.87,False,,2026-06-04 16:51:15.711593
2895,9,939,12.57,False,,2026-06-04 16:51:15.711606
2896,9,944,12.8,False,,2026-06-04 16:51:15.711622
2897,9,945,8.93,False,,2026-06-04 16:51:15.711635
2898,9,948,12.68,False,,2026-06-04 16:51:15.711651
2899,9,949,8.56,False,,2026-06-04 16:51:15.711667
2900,9,950,0.0,True,Absent,2026-06-04 16:51:15.711679
2901,9,951,10.84,False,,2026-06-04 16:51:15.711693
2902,9,952,0.0,True,Absent,2026-06-04 16:51:15.711705
2903,9,953,14.96,False,,2026-06-04 16:51:15.711721
2904,9,955,0.0,True,Absent,2026-06-04 16:51:15.711736
2905,9,960,11.36,False,,2026-06-04 16:51:15.711749
2906,9,965,0.0,True,Absent,2026-06-04 16:51:15.711764
2907,9,967,10.25,False,,2026-06-04 16:51:15.711778
2908,9,974,10.58,False,,2026-06-04 16:51:15.711791
2909,9,976,8.12,False,,2026-06-04 16:51:15.711804
2910,9,978,8.53,False,,2026-06-04 16:51:15.711818
2911,9,984,12.17,False,,2026-06-04 16:51:15.711833
2912,9,985,16.93,False,,2026-06-04 16:51:15.711847
2913,9,990,7.86,False,,2026-06-04 16:51:15.711860
2914,9,996,10.98,False,,2026-06-04 16:51:15.711873
2915,9,998,9.38,False,,2026-06-04 16:51:15.711886
2916,10,1,13.96,False,,2026-06-04 16:51:15.712319
2917,10,3,6.06,False,,2026-06-04 16:51:15.712337
2918,10,6,8.63,False,,2026-06-04 16:51:15.712353
2919,10,8,8.08,False,,2026-06-04 16:51:15.712371
2920,10,9,0.0,True,Absent,2026-06-04 16:51:15.712384
2921,10,11,7.34,False,,2026-06-04 16:51:15.712398
2922,10,13,13.6,False,,2026-06-04 16:51:15.712411
2923,10,17,11.08,False,,2026-06-04 16:51:15.712425
2924,10,22,17.28,False,,2026-06-04 16:51:15.712438
2925,10,24,11.98,False,,2026-06-04 16:51:15.712451
2926,10,26,9.59,False,,2026-06-04 16:51:15.712464
2927,10,31,8.81,False,,2026-06-04 16:51:15.712478
2928,10,33,15.72,False,,2026-06-04 16:51:15.712491
2929,10,34,7.87,False,,2026-06-04 16:51:15.712504
2930,10,35,10.18,False,,2026-06-04 16:51:15.712517
2931,10,36,0.0,True,Absent,2026-06-04 16:51:15.712530
2932,10,38,12.28,False,,2026-06-04 16:51:15.712543
2933,10,42,13.99,False,,2026-06-04 16:51:15.712556
2934,10,46,0.0,True,Absent,2026-06-04 16:51:15.712569
2935,10,52,12.67,False,,2026-06-04 16:51:15.712582
2936,10,53,17.61,False,,2026-06-04 16:51:15.712595
2937,10,54,7.09,False,,2026-06-04 16:51:15.712608
2938,10,55,13.87,False,,2026-06-04 16:51:15.712621
2939,10,60,11.02,False,,2026-06-04 16:51:15.712634
2940,10,66,0.0,True,Absent,2026-06-04 16:51:15.712647
2941,10,67,0.0,True,Absent,2026-06-04 16:51:15.712659
2942,10,68,17.59,False,,2026-06-04 16:51:15.712672
2943,10,69,10.23,False,,2026-06-04 16:51:15.712685
2944,10,70,10.82,False,,2026-06-04 16:51:15.712698
2945,10,77,8.58,False,,2026-06-04 16:51:15.712711
2946,10,83,0.0,True,Absent,2026-06-04 16:51:15.712723
2947,10,89,9.58,False,,2026-06-04 16:51:15.712737
2948,10,100,0.0,True,Absent,2026-06-04 16:51:15.712749
2949,10,101,12.72,False,,2026-06-04 16:51:15.712762
2950,10,103,7.49,False,,2026-06-04 16:51:15.712775
2951,10,107,6.34,False,,2026-06-04 16:51:15.712788
2952,10,113,12.74,False,,2026-06-04 16:51:15.712801
2953,10,114,15.41,False,,2026-06-04 16:51:15.712814
2954,10,116,15.37,False,,2026-06-04 16:51:15.712827
2955,10,117,12.49,False,,2026-06-04 16:51:15.712840
2956,10,118,7.12,False,,2026-06-04 16:51:15.712853
2957,10,122,9.45,False,,2026-06-04 16:51:15.712866
2958,10,124,10.39,False,,2026-06-04 16:51:15.712880
2959,10,126,14.85,False,,2026-06-04 16:51:15.712893
2960,10,127,9.93,False,,2026-06-04 16:51:15.712906
2961,10,129,13.39,False,,2026-06-04 16:51:15.712919
2962,10,130,11.42,False,,2026-06-04 16:51:15.712932
2963,10,138,18.43,False,,2026-06-04 16:51:15.712945
2964,10,141,17.58,False,,2026-06-04 16:51:15.712959
2965,10,142,15.05,False,,2026-06-04 16:51:15.712972
2966,10,144,9.55,False,,2026-06-04 16:51:15.712985
2967,10,145,11.2,False,,2026-06-04 16:51:15.712998
2968,10,151,0.0,True,Absent,2026-06-04 16:51:15.713011
2969,10,154,6.8,False,,2026-06-04 16:51:15.713024
2970,10,157,13.04,False,,2026-06-04 16:51:15.713037
2971,10,160,0.0,True,Absent,2026-06-04 16:51:15.713049
2972,10,161,12.38,False,,2026-06-04 16:51:15.713062
2973,10,162,0.0,True,Absent,2026-06-04 16:51:15.713075
2974,10,165,11.45,False,,2026-06-04 16:51:15.713088
2975,10,167,14.28,False,,2026-06-04 16:51:15.713101
2976,10,177,17.0,False,,2026-06-04 16:51:15.713114
2977,10,178,0.0,True,Absent,2026-06-04 16:51:15.713126
2978,10,181,15.16,False,,2026-06-04 16:51:15.713139
2979,10,188,8.59,False,,2026-06-04 16:51:15.713152
2980,10,189,10.11,False,,2026-06-04 16:51:15.713166
2981,10,190,5.79,False,,2026-06-04 16:51:15.713178
2982,10,194,12.5,False,,2026-06-04 16:51:15.713192
2983,10,195,8.45,False,,2026-06-04 16:51:15.713204
2984,10,197,11.99,False,,2026-06-04 16:51:15.713220
2985,10,198,9.3,False,,2026-06-04 16:51:15.713234
2986,10,202,9.3,False,,2026-06-04 16:51:15.713247
2987,10,205,10.59,False,,2026-06-04 16:51:15.713260
2988,10,206,7.58,False,,2026-06-04 16:51:15.713273
2989,10,208,14.71,False,,2026-06-04 16:51:15.713289
2990,10,211,9.94,False,,2026-06-04 16:51:15.713302
2991,10,214,12.41,False,,2026-06-04 16:51:15.713315
2992,10,215,14.35,False,,2026-06-04 16:51:15.713328
2993,10,217,8.81,False,,2026-06-04 16:51:15.713341
2994,10,222,10.27,False,,2026-06-04 16:51:15.713354
2995,10,223,9.86,False,,2026-06-04 16:51:15.713367
2996,10,224,17.76,False,,2026-06-04 16:51:15.713380
2997,10,229,0.0,True,Absent,2026-06-04 16:51:15.713392
2998,10,231,14.91,False,,2026-06-04 16:51:15.713405
2999,10,233,0.0,True,Absent,2026-06-04 16:51:15.713418
3000,10,234,10.92,False,,2026-06-04 16:51:15.713431
3001,10,240,13.38,False,,2026-06-04 16:51:15.713444
3002,10,242,0.0,True,Absent,2026-06-04 16:51:15.713456
3003,10,245,11.65,False,,2026-06-04 16:51:15.713469
3004,10,249,6.82,False,,2026-06-04 16:51:15.713482
3005,10,252,12.31,False,,2026-06-04 16:51:15.713495
3006,10,253,16.81,False,,2026-06-04 16:51:15.713507
3007,10,255,12.66,False,,2026-06-04 16:51:15.713520
3008,10,256,0.0,True,Absent,2026-06-04 16:51:15.713533
3009,10,259,12.8,False,,2026-06-04 16:51:15.713547
3010,10,261,15.84,False,,2026-06-04 16:51:15.713560
3011,10,262,11.97,False,,2026-06-04 16:51:15.713573
3012,10,266,15.53,False,,2026-06-04 16:51:15.713586
3013,10,268,13.04,False,,2026-06-04 16:51:15.713599
3014,10,270,12.64,False,,2026-06-04 16:51:15.713612
3015,10,274,14.32,False,,2026-06-04 16:51:15.713625
3016,10,275,8.79,False,,2026-06-04 16:51:15.713639
3017,10,276,12.93,False,,2026-06-04 16:51:15.713652
3018,10,277,12.12,False,,2026-06-04 16:51:15.713665
3019,10,279,16.68,False,,2026-06-04 16:51:15.713678
3020,10,282,14.42,False,,2026-06-04 16:51:15.713691
3021,10,283,6.6,False,,2026-06-04 16:51:15.713704
3022,10,290,0.0,True,Absent,2026-06-04 16:51:15.713717
3023,10,292,11.46,False,,2026-06-04 16:51:15.713730
3024,10,293,7.5,False,,2026-06-04 16:51:15.713743
3025,10,294,8.9,False,,2026-06-04 16:51:15.713756
3026,10,297,9.42,False,,2026-06-04 16:51:15.713769
3027,10,301,14.24,False,,2026-06-04 16:51:15.713782
3028,10,303,11.01,False,,2026-06-04 16:51:15.713795
3029,10,306,10.83,False,,2026-06-04 16:51:15.713808
3030,10,308,8.03,False,,2026-06-04 16:51:15.713821
3031,10,311,9.09,False,,2026-06-04 16:51:15.713835
3032,10,317,14.81,False,,2026-06-04 16:51:15.713848
3033,10,318,16.6,False,,2026-06-04 16:51:15.713861
3034,10,320,7.28,False,,2026-06-04 16:51:15.713874
3035,10,322,0.0,True,Absent,2026-06-04 16:51:15.713886
3036,10,326,8.24,False,,2026-06-04 16:51:15.713899
3037,10,328,10.48,False,,2026-06-04 16:51:15.713912
3038,10,329,11.85,False,,2026-06-04 16:51:15.713925
3039,10,334,10.91,False,,2026-06-04 16:51:15.713938
3040,10,338,14.14,False,,2026-06-04 16:51:15.713951
3041,10,347,0.0,True,Absent,2026-06-04 16:51:15.713964
3042,10,348,7.82,False,,2026-06-04 16:51:15.713977
3043,10,354,9.41,False,,2026-06-04 16:51:15.713990
3044,10,363,13.59,False,,2026-06-04 16:51:15.714003
3045,10,367,0.0,True,Absent,2026-06-04 16:51:15.714016
3046,10,369,17.52,False,,2026-06-04 16:51:15.714029
3047,10,377,0.0,True,Absent,2026-06-04 16:51:15.714041
3048,10,387,16.99,False,,2026-06-04 16:51:15.714054
3049,10,388,15.29,False,,2026-06-04 16:51:15.714067
3050,10,392,11.64,False,,2026-06-04 16:51:15.714080
3051,10,393,17.57,False,,2026-06-04 16:51:15.714093
3052,10,395,11.75,False,,2026-06-04 16:51:15.714106
3053,10,396,16.62,False,,2026-06-04 16:51:15.714119
3054,10,399,11.48,False,,2026-06-04 16:51:15.714132
3055,10,400,11.72,False,,2026-06-04 16:51:15.714145
3056,10,402,9.77,False,,2026-06-04 16:51:15.714158
3057,10,404,8.0,False,,2026-06-04 16:51:15.714172
3058,10,405,10.67,False,,2026-06-04 16:51:15.714185
3059,10,406,7.26,False,,2026-06-04 16:51:15.714198
3060,10,408,0.0,True,Absent,2026-06-04 16:51:15.714211
3061,10,409,17.96,False,,2026-06-04 16:51:15.714224
3062,10,411,12.92,False,,2026-06-04 16:51:15.714239
3063,10,412,10.94,False,,2026-06-04 16:51:15.714252
3064,10,414,10.83,False,,2026-06-04 16:51:15.714265
3065,10,417,13.17,False,,2026-06-04 16:51:15.714278
3066,10,425,13.46,False,,2026-06-04 16:51:15.714291
3067,10,427,9.97,False,,2026-06-04 16:51:15.714304
3068,10,429,10.57,False,,2026-06-04 16:51:15.714317
3069,10,434,8.56,False,,2026-06-04 16:51:15.714330
3070,10,435,7.45,False,,2026-06-04 16:51:15.714343
3071,10,438,14.29,False,,2026-06-04 16:51:15.714356
3072,10,439,9.39,False,,2026-06-04 16:51:15.714369
3073,10,440,15.88,False,,2026-06-04 16:51:15.714383
3074,10,441,12.37,False,,2026-06-04 16:51:15.714395
3075,10,442,0.0,True,Absent,2026-06-04 16:51:15.714408
3076,10,451,10.63,False,,2026-06-04 16:51:15.714421
3077,10,452,17.55,False,,2026-06-04 16:51:15.714434
3078,10,456,9.14,False,,2026-06-04 16:51:15.714446
3079,10,460,12.63,False,,2026-06-04 16:51:15.714459
3080,10,462,9.2,False,,2026-06-04 16:51:15.714472
3081,10,463,9.49,False,,2026-06-04 16:51:15.714485
3082,10,467,9.6,False,,2026-06-04 16:51:15.714498
3083,10,470,11.0,False,,2026-06-04 16:51:15.714511
3084,10,472,12.38,False,,2026-06-04 16:51:15.714524
3085,10,473,17.33,False,,2026-06-04 16:51:15.714537
3086,10,474,10.47,False,,2026-06-04 16:51:15.714550
3087,10,475,10.1,False,,2026-06-04 16:51:15.714563
3088,10,482,13.49,False,,2026-06-04 16:51:15.714576
3089,10,485,14.53,False,,2026-06-04 16:51:15.714588
3090,10,486,0.0,True,Absent,2026-06-04 16:51:15.714601
3091,10,488,11.35,False,,2026-06-04 16:51:15.714613
3092,10,489,0.0,True,Absent,2026-06-04 16:51:15.714626
3093,10,491,13.43,False,,2026-06-04 16:51:15.714638
3094,10,492,13.87,False,,2026-06-04 16:51:15.714651
3095,10,493,14.36,False,,2026-06-04 16:51:15.714664
3096,10,498,14.71,False,,2026-06-04 16:51:15.714677
3097,10,501,0.0,True,Absent,2026-06-04 16:51:15.714689
3098,10,502,12.03,False,,2026-06-04 16:51:15.714702
3099,10,503,9.16,False,,2026-06-04 16:51:15.714714
3100,10,504,11.89,False,,2026-06-04 16:51:15.714727
3101,10,505,11.42,False,,2026-06-04 16:51:15.714740
3102,10,507,14.66,False,,2026-06-04 16:51:15.714753
3103,10,511,8.29,False,,2026-06-04 16:51:15.714766
3104,10,513,9.15,False,,2026-06-04 16:51:15.714779
3105,10,515,9.46,False,,2026-06-04 16:51:15.714791
3106,10,519,9.07,False,,2026-06-04 16:51:15.714804
3107,10,520,12.51,False,,2026-06-04 16:51:15.714817
3108,10,521,7.95,False,,2026-06-04 16:51:15.714831
3109,10,524,9.0,False,,2026-06-04 16:51:15.714843
3110,10,525,14.27,False,,2026-06-04 16:51:15.714856
3111,10,530,8.95,False,,2026-06-04 16:51:15.714869
3112,10,537,8.1,False,,2026-06-04 16:51:15.714882
3113,10,540,11.46,False,,2026-06-04 16:51:15.714895
3114,10,544,10.0,False,,2026-06-04 16:51:15.714908
3115,10,545,16.06,False,,2026-06-04 16:51:15.714921
3116,10,546,9.41,False,,2026-06-04 16:51:15.714936
3117,10,551,9.84,False,,2026-06-04 16:51:15.714950
3118,10,559,12.18,False,,2026-06-04 16:51:15.714963
3119,10,560,7.43,False,,2026-06-04 16:51:15.714976
3120,10,562,13.98,False,,2026-06-04 16:51:15.714989
3121,10,567,10.92,False,,2026-06-04 16:51:15.715002
3122,10,572,15.58,False,,2026-06-04 16:51:15.715015
3123,10,577,16.21,False,,2026-06-04 16:51:15.715028
3124,10,581,16.19,False,,2026-06-04 16:51:15.715041
3125,10,582,13.8,False,,2026-06-04 16:51:15.715053
3126,10,583,16.85,False,,2026-06-04 16:51:15.715066
3127,10,587,14.41,False,,2026-06-04 16:51:15.715079
3128,10,588,13.97,False,,2026-06-04 16:51:15.715092
3129,10,590,15.15,False,,2026-06-04 16:51:15.715105
3130,10,600,16.94,False,,2026-06-04 16:51:15.715118
3131,10,601,11.37,False,,2026-06-04 16:51:15.715132
3132,10,606,17.47,False,,2026-06-04 16:51:15.715145
3133,10,613,9.47,False,,2026-06-04 16:51:15.715158
3134,10,622,12.12,False,,2026-06-04 16:51:15.715171
3135,10,625,8.95,False,,2026-06-04 16:51:15.715184
3136,10,628,10.04,False,,2026-06-04 16:51:15.715196
3137,10,629,9.49,False,,2026-06-04 16:51:15.715209
3138,10,631,0.0,True,Absent,2026-06-04 16:51:15.715221
3139,10,637,9.27,False,,2026-06-04 16:51:15.715234
3140,10,645,14.28,False,,2026-06-04 16:51:15.715250
3141,10,650,9.43,False,,2026-06-04 16:51:15.715263
3142,10,652,11.82,False,,2026-06-04 16:51:15.715276
3143,10,654,11.09,False,,2026-06-04 16:51:15.715289
3144,10,655,0.0,True,Absent,2026-06-04 16:51:15.715302
3145,10,656,7.1,False,,2026-06-04 16:51:15.715314
3146,10,662,8.39,False,,2026-06-04 16:51:15.715327
3147,10,676,8.47,False,,2026-06-04 16:51:15.715340
3148,10,677,9.84,False,,2026-06-04 16:51:15.715353
3149,10,680,11.21,False,,2026-06-04 16:51:15.715366
3150,10,689,13.9,False,,2026-06-04 16:51:15.715378
3151,10,691,0.0,True,Absent,2026-06-04 16:51:15.715391
3152,10,697,13.1,False,,2026-06-04 16:51:15.715403
3153,10,698,9.84,False,,2026-06-04 16:51:15.715416
3154,10,702,8.45,False,,2026-06-04 16:51:15.715429
3155,10,707,9.33,False,,2026-06-04 16:51:15.715442
3156,10,714,9.24,False,,2026-06-04 16:51:15.715455
3157,10,717,11.92,False,,2026-06-04 16:51:15.715468
3158,10,718,13.11,False,,2026-06-04 16:51:15.715481
3159,10,722,14.48,False,,2026-06-04 16:51:15.715493
3160,10,724,16.87,False,,2026-06-04 16:51:15.715506
3161,10,725,13.93,False,,2026-06-04 16:51:15.715519
3162,10,727,7.63,False,,2026-06-04 16:51:15.715532
3163,10,729,6.24,False,,2026-06-04 16:51:15.715545
3164,10,733,17.21,False,,2026-06-04 16:51:15.715558
3165,10,735,7.91,False,,2026-06-04 16:51:15.715571
3166,10,736,7.53,False,,2026-06-04 16:51:15.715584
3167,10,740,10.19,False,,2026-06-04 16:51:15.715596
3168,10,742,13.91,False,,2026-06-04 16:51:15.715609
3169,10,747,14.32,False,,2026-06-04 16:51:15.715622
3170,10,748,11.21,False,,2026-06-04 16:51:15.715635
3171,10,749,10.05,False,,2026-06-04 16:51:15.715648
3172,10,750,17.05,False,,2026-06-04 16:51:15.715661
3173,10,759,6.21,False,,2026-06-04 16:51:15.715674
3174,10,760,9.9,False,,2026-06-04 16:51:15.715688
3175,10,767,10.88,False,,2026-06-04 16:51:15.715701
3176,10,768,11.82,False,,2026-06-04 16:51:15.715714
3177,10,770,11.96,False,,2026-06-04 16:51:15.715727
3178,10,773,13.97,False,,2026-06-04 16:51:15.715740
3179,10,777,14.86,False,,2026-06-04 16:51:15.715753
3180,10,778,13.17,False,,2026-06-04 16:51:15.715766
3181,10,780,9.87,False,,2026-06-04 16:51:15.715779
3182,10,786,10.3,False,,2026-06-04 16:51:15.715792
3183,10,787,14.58,False,,2026-06-04 16:51:15.715805
3184,10,789,14.46,False,,2026-06-04 16:51:15.715818
3185,10,793,7.09,False,,2026-06-04 16:51:15.715831
3186,10,795,6.53,False,,2026-06-04 16:51:15.715844
3187,10,796,16.41,False,,2026-06-04 16:51:15.715857
3188,10,800,13.5,False,,2026-06-04 16:51:15.715872
3189,10,801,14.89,False,,2026-06-04 16:51:15.715886
3190,10,802,11.71,False,,2026-06-04 16:51:15.715899
3191,10,803,6.47,False,,2026-06-04 16:51:15.715912
3192,10,807,7.18,False,,2026-06-04 16:51:15.715924
3193,10,812,13.46,False,,2026-06-04 16:51:15.715938
3194,10,814,15.54,False,,2026-06-04 16:51:15.715951
3195,10,816,12.06,False,,2026-06-04 16:51:15.715963
3196,10,817,9.58,False,,2026-06-04 16:51:15.715976
3197,10,824,6.04,False,,2026-06-04 16:51:15.715989
3198,10,826,15.45,False,,2026-06-04 16:51:15.716002
3199,10,827,7.04,False,,2026-06-04 16:51:15.716015
3200,10,829,10.48,False,,2026-06-04 16:51:15.716028
3201,10,831,8.48,False,,2026-06-04 16:51:15.716041
3202,10,833,12.58,False,,2026-06-04 16:51:15.716054
3203,10,837,10.02,False,,2026-06-04 16:51:15.716066
3204,10,840,15.48,False,,2026-06-04 16:51:15.716080
3205,10,844,13.31,False,,2026-06-04 16:51:15.716093
3206,10,847,14.9,False,,2026-06-04 16:51:15.716106
3207,10,856,11.24,False,,2026-06-04 16:51:15.716119
3208,10,861,7.21,False,,2026-06-04 16:51:15.716132
3209,10,863,9.4,False,,2026-06-04 16:51:15.716145
3210,10,864,6.39,False,,2026-06-04 16:51:15.716158
3211,10,865,11.57,False,,2026-06-04 16:51:15.716171
3212,10,869,10.85,False,,2026-06-04 16:51:15.716184
3213,10,872,18.38,False,,2026-06-04 16:51:15.716197
3214,10,876,13.64,False,,2026-06-04 16:51:15.716210
3215,10,878,16.7,False,,2026-06-04 16:51:15.716223
3216,10,880,11.01,False,,2026-06-04 16:51:15.716235
3217,10,882,0.0,True,Absent,2026-06-04 16:51:15.716248
3218,10,883,14.8,False,,2026-06-04 16:51:15.716263
3219,10,885,8.77,False,,2026-06-04 16:51:15.716280
3220,10,886,14.45,False,,2026-06-04 16:51:15.716293
3221,10,887,14.05,False,,2026-06-04 16:51:15.716306
3222,10,888,10.58,False,,2026-06-04 16:51:15.716319
3223,10,892,15.4,False,,2026-06-04 16:51:15.716332
3224,10,896,0.0,True,Absent,2026-06-04 16:51:15.716344
3225,10,897,12.53,False,,2026-06-04 16:51:15.716357
3226,10,898,15.3,False,,2026-06-04 16:51:15.716370
3227,10,899,15.32,False,,2026-06-04 16:51:15.716383
3228,10,900,8.14,False,,2026-06-04 16:51:15.716396
3229,10,902,0.0,True,Absent,2026-06-04 16:51:15.716408
3230,10,903,0.0,True,Absent,2026-06-04 16:51:15.716420
3231,10,906,11.55,False,,2026-06-04 16:51:15.716433
3232,10,911,0.0,True,Absent,2026-06-04 16:51:15.716446
3233,10,913,16.14,False,,2026-06-04 16:51:15.716458
3234,10,915,7.21,False,,2026-06-04 16:51:15.716471
3235,10,917,9.15,False,,2026-06-04 16:51:15.716485
3236,10,924,13.08,False,,2026-06-04 16:51:15.716498
3237,10,926,13.53,False,,2026-06-04 16:51:15.716511
3238,10,927,11.84,False,,2026-06-04 16:51:15.716524
3239,10,932,16.95,False,,2026-06-04 16:51:15.716536
3240,10,933,7.66,False,,2026-06-04 16:51:15.716549
3241,10,936,9.13,False,,2026-06-04 16:51:15.716562
3242,10,939,10.93,False,,2026-06-04 16:51:15.716575
3243,10,944,15.91,False,,2026-06-04 16:51:15.716588
3244,10,945,8.89,False,,2026-06-04 16:51:15.716603
3245,10,948,0.0,True,Absent,2026-06-04 16:51:15.716616
3246,10,949,9.55,False,,2026-06-04 16:51:15.716629
3247,10,950,13.42,False,,2026-06-04 16:51:15.716642
3248,10,951,11.34,False,,2026-06-04 16:51:15.716655
3249,10,952,12.77,False,,2026-06-04 16:51:15.716668
3250,10,953,16.6,False,,2026-06-04 16:51:15.716690
3251,10,955,13.64,False,,2026-06-04 16:51:15.716703
3252,10,960,0.0,True,Absent,2026-06-04 16:51:15.716715
3253,10,965,12.14,False,,2026-06-04 16:51:15.716728
3254,10,967,11.98,False,,2026-06-04 16:51:15.716741
3255,10,974,10.64,False,,2026-06-04 16:51:15.716754
3256,10,976,0.0,True,Absent,2026-06-04 16:51:15.716766
3257,10,978,10.32,False,,2026-06-04 16:51:15.716779
3258,10,984,13.21,False,,2026-06-04 16:51:15.716792
3259,10,985,16.82,False,,2026-06-04 16:51:15.716805
3260,10,990,11.55,False,,2026-06-04 16:51:15.716817
3261,10,996,9.76,False,,2026-06-04 16:51:15.716830
3262,10,998,0.0,True,Absent,2026-06-04 16:51:15.716843
3263,11,1,14.4,False,,2026-06-04 16:51:15.717230
3264,11,3,10.4,False,,2026-06-04 16:51:15.717244
3265,11,6,6.91,False,,2026-06-04 16:51:15.717258
3266,11,8,8.75,False,,2026-06-04 16:51:15.717272
3267,11,9,10.48,False,,2026-06-04 16:51:15.717285
3268,11,11,8.86,False,,2026-06-04 16:51:15.717299
3269,11,13,8.79,False,,2026-06-04 16:51:15.717312
3270,11,17,13.59,False,,2026-06-04 16:51:15.717325
3271,11,22,12.65,False,,2026-06-04 16:51:15.717338
3272,11,24,6.78,False,,2026-06-04 16:51:15.717352
3273,11,26,11.28,False,,2026-06-04 16:51:15.717365
3274,11,31,8.87,False,,2026-06-04 16:51:15.717378
3275,11,33,14.94,False,,2026-06-04 16:51:15.717391
3276,11,34,9.35,False,,2026-06-04 16:51:15.717404
3277,11,35,0.0,True,Absent,2026-06-04 16:51:15.717417
3278,11,36,15.31,False,,2026-06-04 16:51:15.717430
3279,11,38,0.0,True,Absent,2026-06-04 16:51:15.717443
3280,11,42,15.72,False,,2026-06-04 16:51:15.717456
3281,11,46,14.28,False,,2026-06-04 16:51:15.717469
3282,11,52,0.0,True,Absent,2026-06-04 16:51:15.717482
3283,11,53,17.51,False,,2026-06-04 16:51:15.717494
3284,11,54,9.23,False,,2026-06-04 16:51:15.717508
3285,11,55,13.95,False,,2026-06-04 16:51:15.717521
3286,11,60,11.68,False,,2026-06-04 16:51:15.717534
3287,11,66,9.81,False,,2026-06-04 16:51:15.717547
3288,11,67,14.02,False,,2026-06-04 16:51:15.717560
3289,11,68,0.0,True,Absent,2026-06-04 16:51:15.717572
3290,11,69,13.78,False,,2026-06-04 16:51:15.717585
3291,11,70,0.0,True,Absent,2026-06-04 16:51:15.717598
3292,11,77,7.18,False,,2026-06-04 16:51:15.717611
3293,11,83,7.46,False,,2026-06-04 16:51:15.717624
3294,11,89,8.45,False,,2026-06-04 16:51:15.717636
3295,11,100,13.67,False,,2026-06-04 16:51:15.717650
3296,11,101,15.99,False,,2026-06-04 16:51:15.717665
3297,11,103,5.84,False,,2026-06-04 16:51:15.717678
3298,11,107,7.06,False,,2026-06-04 16:51:15.717692
3299,11,113,0.0,True,Absent,2026-06-04 16:51:15.717704
3300,11,114,15.04,False,,2026-06-04 16:51:15.717717
3301,11,116,16.35,False,,2026-06-04 16:51:15.717730
3302,11,117,11.77,False,,2026-06-04 16:51:15.717743
3303,11,118,9.77,False,,2026-06-04 16:51:15.717756
3304,11,122,9.02,False,,2026-06-04 16:51:15.717769
3305,11,124,11.4,False,,2026-06-04 16:51:15.717782
3306,11,126,12.49,False,,2026-06-04 16:51:15.717795
3307,11,127,12.18,False,,2026-06-04 16:51:15.717808
3308,11,129,10.7,False,,2026-06-04 16:51:15.717821
3309,11,130,8.5,False,,2026-06-04 16:51:15.717834
3310,11,138,16.27,False,,2026-06-04 16:51:15.717847
3311,11,141,14.5,False,,2026-06-04 16:51:15.717859
3312,11,142,15.89,False,,2026-06-04 16:51:15.717872
3313,11,144,9.63,False,,2026-06-04 16:51:15.717885
3314,11,145,12.81,False,,2026-06-04 16:51:15.717898
3315,11,151,14.57,False,,2026-06-04 16:51:15.717911
3316,11,154,0.0,True,Absent,2026-06-04 16:51:15.717923
3317,11,157,16.02,False,,2026-06-04 16:51:15.717936
3318,11,160,13.8,False,,2026-06-04 16:51:15.717949
3319,11,161,10.36,False,,2026-06-04 16:51:15.717962
3320,11,162,10.62,False,,2026-06-04 16:51:15.717975
3321,11,165,6.95,False,,2026-06-04 16:51:15.717988
3322,11,167,12.99,False,,2026-06-04 16:51:15.718001
3323,11,177,16.42,False,,2026-06-04 16:51:15.718014
3324,11,178,8.44,False,,2026-06-04 16:51:15.718026
3325,11,181,13.65,False,,2026-06-04 16:51:15.718039
3326,11,188,8.61,False,,2026-06-04 16:51:15.718052
3327,11,189,11.0,False,,2026-06-04 16:51:15.718065
3328,11,190,5.85,False,,2026-06-04 16:51:15.718078
3329,11,194,11.96,False,,2026-06-04 16:51:15.718091
3330,11,195,7.95,False,,2026-06-04 16:51:15.718104
3331,11,197,17.64,False,,2026-06-04 16:51:15.718117
3332,11,198,8.86,False,,2026-06-04 16:51:15.718129
3333,11,202,8.27,False,,2026-06-04 16:51:15.718142
3334,11,205,10.83,False,,2026-06-04 16:51:15.718155
3335,11,206,8.61,False,,2026-06-04 16:51:15.718168
3336,11,208,13.71,False,,2026-06-04 16:51:15.718181
3337,11,211,0.0,True,Absent,2026-06-04 16:51:15.718194
3338,11,214,11.36,False,,2026-06-04 16:51:15.718207
3339,11,215,0.0,True,Absent,2026-06-04 16:51:15.718219
3340,11,217,10.79,False,,2026-06-04 16:51:15.718232
3341,11,222,11.02,False,,2026-06-04 16:51:15.718245
3342,11,223,9.16,False,,2026-06-04 16:51:15.718258
3343,11,224,15.54,False,,2026-06-04 16:51:15.718271
3344,11,229,8.82,False,,2026-06-04 16:51:15.718284
3345,11,231,13.37,False,,2026-06-04 16:51:15.718296
3346,11,233,11.33,False,,2026-06-04 16:51:15.718309
3347,11,234,9.44,False,,2026-06-04 16:51:15.718322
3348,11,240,12.65,False,,2026-06-04 16:51:15.718335
3349,11,242,12.69,False,,2026-06-04 16:51:15.718348
3350,11,245,6.68,False,,2026-06-04 16:51:15.718361
3351,11,249,10.4,False,,2026-06-04 16:51:15.718374
3352,11,252,11.57,False,,2026-06-04 16:51:15.718387
3353,11,253,17.36,False,,2026-06-04 16:51:15.718400
3354,11,255,11.68,False,,2026-06-04 16:51:15.718413
3355,11,256,10.8,False,,2026-06-04 16:51:15.718431
3356,11,259,15.58,False,,2026-06-04 16:51:15.718446
3357,11,261,11.52,False,,2026-06-04 16:51:15.718461
3358,11,262,16.7,False,,2026-06-04 16:51:15.718475
3359,11,266,17.28,False,,2026-06-04 16:51:15.718489
3360,11,268,13.11,False,,2026-06-04 16:51:15.718503
3361,11,270,15.89,False,,2026-06-04 16:51:15.718516
3362,11,274,0.0,True,Absent,2026-06-04 16:51:15.718529
3363,11,275,11.29,False,,2026-06-04 16:51:15.718542
3364,11,276,13.59,False,,2026-06-04 16:51:15.718555
3365,11,277,12.26,False,,2026-06-04 16:51:15.718568
3366,11,279,16.13,False,,2026-06-04 16:51:15.718581
3367,11,282,16.71,False,,2026-06-04 16:51:15.718594
3368,11,283,8.9,False,,2026-06-04 16:51:15.718607
3369,11,290,11.77,False,,2026-06-04 16:51:15.718620
3370,11,292,12.52,False,,2026-06-04 16:51:15.718633
3371,11,293,9.41,False,,2026-06-04 16:51:15.718646
3372,11,294,10.48,False,,2026-06-04 16:51:15.718659
3373,11,297,9.03,False,,2026-06-04 16:51:15.718672
3374,11,301,17.13,False,,2026-06-04 16:51:15.718691
3375,11,303,12.47,False,,2026-06-04 16:51:15.718704
3376,11,306,15.46,False,,2026-06-04 16:51:15.718718
3377,11,308,12.42,False,,2026-06-04 16:51:15.718731
3378,11,311,10.33,False,,2026-06-04 16:51:15.718744
3379,11,317,12.66,False,,2026-06-04 16:51:15.718770
3380,11,318,16.45,False,,2026-06-04 16:51:15.718794
3381,11,320,8.44,False,,2026-06-04 16:51:15.718809
3382,11,322,8.72,False,,2026-06-04 16:51:15.718822
3383,11,326,9.67,False,,2026-06-04 16:51:15.718836
3384,11,328,10.34,False,,2026-06-04 16:51:15.718849
3385,11,329,13.99,False,,2026-06-04 16:51:15.718862
3386,11,334,15.08,False,,2026-06-04 16:51:15.718875
3387,11,338,15.41,False,,2026-06-04 16:51:15.718888
3388,11,347,14.39,False,,2026-06-04 16:51:15.718901
3389,11,348,8.25,False,,2026-06-04 16:51:15.718914
3390,11,354,10.09,False,,2026-06-04 16:51:15.718927
3391,11,363,11.56,False,,2026-06-04 16:51:15.718940
3392,11,367,17.15,False,,2026-06-04 16:51:15.718953
3393,11,369,15.15,False,,2026-06-04 16:51:15.718966
3394,11,377,14.12,False,,2026-06-04 16:51:15.718979
3395,11,387,0.0,True,Absent,2026-06-04 16:51:15.718992
3396,11,388,14.37,False,,2026-06-04 16:51:15.719004
3397,11,392,13.36,False,,2026-06-04 16:51:15.719017
3398,11,393,14.28,False,,2026-06-04 16:51:15.719030
3399,11,395,12.99,False,,2026-06-04 16:51:15.719043
3400,11,396,13.15,False,,2026-06-04 16:51:15.719056
3401,11,399,11.69,False,,2026-06-04 16:51:15.719069
3402,11,400,11.92,False,,2026-06-04 16:51:15.719082
3403,11,402,11.54,False,,2026-06-04 16:51:15.719095
3404,11,404,6.56,False,,2026-06-04 16:51:15.719108
3405,11,405,10.38,False,,2026-06-04 16:51:15.719121
3406,11,406,7.13,False,,2026-06-04 16:51:15.719133
3407,11,408,9.17,False,,2026-06-04 16:51:15.719146
3408,11,409,0.0,True,Absent,2026-06-04 16:51:15.719159
3409,11,411,9.12,False,,2026-06-04 16:51:15.719172
3410,11,412,10.1,False,,2026-06-04 16:51:15.719184
3411,11,414,12.2,False,,2026-06-04 16:51:15.719197
3412,11,417,0.0,True,Absent,2026-06-04 16:51:15.719210
3413,11,425,12.13,False,,2026-06-04 16:51:15.719223
3414,11,427,7.29,False,,2026-06-04 16:51:15.719235
3415,11,429,10.09,False,,2026-06-04 16:51:15.719248
3416,11,434,12.4,False,,2026-06-04 16:51:15.719261
3417,11,435,8.98,False,,2026-06-04 16:51:15.719274
3418,11,438,16.5,False,,2026-06-04 16:51:15.719287
3419,11,439,7.96,False,,2026-06-04 16:51:15.719300
3420,11,440,13.82,False,,2026-06-04 16:51:15.719313
3421,11,441,11.63,False,,2026-06-04 16:51:15.719326
3422,11,442,0.0,True,Absent,2026-06-04 16:51:15.719338
3423,11,451,11.63,False,,2026-06-04 16:51:15.719351
3424,11,452,15.92,False,,2026-06-04 16:51:15.719364
3425,11,456,13.04,False,,2026-06-04 16:51:15.719377
3426,11,460,14.02,False,,2026-06-04 16:51:15.719390
3427,11,462,9.11,False,,2026-06-04 16:51:15.719403
3428,11,463,6.27,False,,2026-06-04 16:51:15.719416
3429,11,467,14.08,False,,2026-06-04 16:51:15.719429
3430,11,470,9.71,False,,2026-06-04 16:51:15.719442
3431,11,472,9.01,False,,2026-06-04 16:51:15.719455
3432,11,473,0.0,True,Absent,2026-06-04 16:51:15.719468
3433,11,474,10.9,False,,2026-06-04 16:51:15.719481
3434,11,475,13.41,False,,2026-06-04 16:51:15.719494
3435,11,482,0.0,True,Absent,2026-06-04 16:51:15.719506
3436,11,485,15.99,False,,2026-06-04 16:51:15.719519
3437,11,486,11.29,False,,2026-06-04 16:51:15.719532
3438,11,488,11.65,False,,2026-06-04 16:51:15.719545
3439,11,489,18.63,False,,2026-06-04 16:51:15.719558
3440,11,491,10.44,False,,2026-06-04 16:51:15.719571
3441,11,492,8.22,False,,2026-06-04 16:51:15.719584
3442,11,493,0.0,True,Absent,2026-06-04 16:51:15.719596
3443,11,498,11.51,False,,2026-06-04 16:51:15.719609
3444,11,501,12.62,False,,2026-06-04 16:51:15.719622
3445,11,502,11.93,False,,2026-06-04 16:51:15.719635
3446,11,503,11.56,False,,2026-06-04 16:51:15.719648
3447,11,504,10.71,False,,2026-06-04 16:51:15.719661
3448,11,505,9.3,False,,2026-06-04 16:51:15.719674
3449,11,507,16.67,False,,2026-06-04 16:51:15.719687
3450,11,511,9.68,False,,2026-06-04 16:51:15.719700
3451,11,513,0.0,True,Absent,2026-06-04 16:51:15.719712
3452,11,515,8.9,False,,2026-06-04 16:51:15.719729
3453,11,519,10.98,False,,2026-06-04 16:51:15.719742
3454,11,520,13.05,False,,2026-06-04 16:51:15.719756
3455,11,521,11.03,False,,2026-06-04 16:51:15.719769
3456,11,524,0.0,True,Absent,2026-06-04 16:51:15.719781
3457,11,525,13.46,False,,2026-06-04 16:51:15.719794
3458,11,530,9.22,False,,2026-06-04 16:51:15.719807
3459,11,537,10.03,False,,2026-06-04 16:51:15.719820
3460,11,540,11.42,False,,2026-06-04 16:51:15.719833
3461,11,544,11.67,False,,2026-06-04 16:51:15.719846
3462,11,545,18.28,False,,2026-06-04 16:51:15.719859
3463,11,546,13.28,False,,2026-06-04 16:51:15.719872
3464,11,551,10.46,False,,2026-06-04 16:51:15.719884
3465,11,559,9.53,False,,2026-06-04 16:51:15.719897
3466,11,560,11.62,False,,2026-06-04 16:51:15.719910
3467,11,562,13.66,False,,2026-06-04 16:51:15.719923
3468,11,567,11.4,False,,2026-06-04 16:51:15.719936
3469,11,572,12.75,False,,2026-06-04 16:51:15.719949
3470,11,577,18.25,False,,2026-06-04 16:51:15.719961
3471,11,581,18.06,False,,2026-06-04 16:51:15.719974
3472,11,582,12.73,False,,2026-06-04 16:51:15.719987
3473,11,583,13.9,False,,2026-06-04 16:51:15.720000
3474,11,587,10.29,False,,2026-06-04 16:51:15.720013
3475,11,588,12.05,False,,2026-06-04 16:51:15.720026
3476,11,590,14.62,False,,2026-06-04 16:51:15.720038
3477,11,600,13.6,False,,2026-06-04 16:51:15.720051
3478,11,601,7.22,False,,2026-06-04 16:51:15.720064
3479,11,606,14.0,False,,2026-06-04 16:51:15.720077
3480,11,613,9.27,False,,2026-06-04 16:51:15.720090
3481,11,622,8.76,False,,2026-06-04 16:51:15.720103
3482,11,625,12.11,False,,2026-06-04 16:51:15.720116
3483,11,628,0.0,True,Absent,2026-06-04 16:51:15.720128
3484,11,629,8.83,False,,2026-06-04 16:51:15.720141
3485,11,631,0.0,True,Absent,2026-06-04 16:51:15.720153
3486,11,637,0.0,True,Absent,2026-06-04 16:51:15.720166
3487,11,645,0.0,True,Absent,2026-06-04 16:51:15.720178
3488,11,650,13.3,False,,2026-06-04 16:51:15.720191
3489,11,652,10.71,False,,2026-06-04 16:51:15.720204
3490,11,654,12.69,False,,2026-06-04 16:51:15.720217
3491,11,655,9.31,False,,2026-06-04 16:51:15.720230
3492,11,656,8.67,False,,2026-06-04 16:51:15.720242
3493,11,662,7.52,False,,2026-06-04 16:51:15.720255
3494,11,676,0.0,True,Absent,2026-06-04 16:51:15.720268
3495,11,677,0.0,True,Absent,2026-06-04 16:51:15.720280
3496,11,680,0.0,True,Absent,2026-06-04 16:51:15.720292
3497,11,689,16.69,False,,2026-06-04 16:51:15.720305
3498,11,691,13.82,False,,2026-06-04 16:51:15.720321
3499,11,697,7.86,False,,2026-06-04 16:51:15.720335
3500,11,698,10.86,False,,2026-06-04 16:51:15.720348
3501,11,702,9.46,False,,2026-06-04 16:51:15.720361
3502,11,707,9.17,False,,2026-06-04 16:51:15.720374
3503,11,714,9.21,False,,2026-06-04 16:51:15.720387
3504,11,717,9.37,False,,2026-06-04 16:51:15.720400
3505,11,718,14.68,False,,2026-06-04 16:51:15.720413
3506,11,722,12.85,False,,2026-06-04 16:51:15.720426
3507,11,724,17.62,False,,2026-06-04 16:51:15.720439
3508,11,725,13.56,False,,2026-06-04 16:51:15.720452
3509,11,727,9.87,False,,2026-06-04 16:51:15.720465
3510,11,729,10.67,False,,2026-06-04 16:51:15.720478
3511,11,733,18.45,False,,2026-06-04 16:51:15.720491
3512,11,735,0.0,True,Absent,2026-06-04 16:51:15.720504
3513,11,736,6.4,False,,2026-06-04 16:51:15.720517
3514,11,740,8.41,False,,2026-06-04 16:51:15.720530
3515,11,742,10.63,False,,2026-06-04 16:51:15.720542
3516,11,747,13.21,False,,2026-06-04 16:51:15.720555
3517,11,748,11.49,False,,2026-06-04 16:51:15.720568
3518,11,749,7.93,False,,2026-06-04 16:51:15.720581
3519,11,750,12.44,False,,2026-06-04 16:51:15.720596
3520,11,759,7.65,False,,2026-06-04 16:51:15.720610
3521,11,760,9.79,False,,2026-06-04 16:51:15.720623
3522,11,767,9.49,False,,2026-06-04 16:51:15.720636
3523,11,768,11.94,False,,2026-06-04 16:51:15.720649
3524,11,770,13.17,False,,2026-06-04 16:51:15.720661
3525,11,773,13.28,False,,2026-06-04 16:51:15.720674
3526,11,777,15.79,False,,2026-06-04 16:51:15.720687
3527,11,778,12.4,False,,2026-06-04 16:51:15.720700
3528,11,780,0.0,True,Absent,2026-06-04 16:51:15.720715
3529,11,786,10.67,False,,2026-06-04 16:51:15.720728
3530,11,787,12.62,False,,2026-06-04 16:51:15.720743
3531,11,789,13.97,False,,2026-06-04 16:51:15.720757
3532,11,793,5.47,False,,2026-06-04 16:51:15.720770
3533,11,795,10.0,False,,2026-06-04 16:51:15.720783
3534,11,796,13.79,False,,2026-06-04 16:51:15.720796
3535,11,800,15.01,False,,2026-06-04 16:51:15.720809
3536,11,801,15.21,False,,2026-06-04 16:51:15.720821
3537,11,802,15.17,False,,2026-06-04 16:51:15.720834
3538,11,803,12.0,False,,2026-06-04 16:51:15.720847
3539,11,807,9.68,False,,2026-06-04 16:51:15.720860
3540,11,812,15.39,False,,2026-06-04 16:51:15.720873
3541,11,814,15.8,False,,2026-06-04 16:51:15.720886
3542,11,816,11.98,False,,2026-06-04 16:51:15.720899
3543,11,817,0.0,True,Absent,2026-06-04 16:51:15.720912
3544,11,824,8.84,False,,2026-06-04 16:51:15.720925
3545,11,826,17.85,False,,2026-06-04 16:51:15.720938
3546,11,827,9.21,False,,2026-06-04 16:51:15.720951
3547,11,829,0.0,True,Absent,2026-06-04 16:51:15.720963
3548,11,831,8.05,False,,2026-06-04 16:51:15.720976
3549,11,833,9.75,False,,2026-06-04 16:51:15.720989
3550,11,837,0.0,True,Absent,2026-06-04 16:51:15.721002
3551,11,840,12.77,False,,2026-06-04 16:51:15.721015
3552,11,844,16.44,False,,2026-06-04 16:51:15.721028
3553,11,847,12.33,False,,2026-06-04 16:51:15.721040
3554,11,856,11.35,False,,2026-06-04 16:51:15.721053
3555,11,861,9.92,False,,2026-06-04 16:51:15.721066
3556,11,863,8.93,False,,2026-06-04 16:51:15.721079
3557,11,864,5.42,False,,2026-06-04 16:51:15.721092
3558,11,865,11.78,False,,2026-06-04 16:51:15.721105
3559,11,869,12.49,False,,2026-06-04 16:51:15.721118
3560,11,872,16.96,False,,2026-06-04 16:51:15.721130
3561,11,876,11.1,False,,2026-06-04 16:51:15.721146
3562,11,878,16.3,False,,2026-06-04 16:51:15.721159
3563,11,880,6.55,False,,2026-06-04 16:51:15.721172
3564,11,882,16.62,False,,2026-06-04 16:51:15.721185
3565,11,883,15.05,False,,2026-06-04 16:51:15.721198
3566,11,885,10.29,False,,2026-06-04 16:51:15.721211
3567,11,886,14.11,False,,2026-06-04 16:51:15.721224
3568,11,887,9.7,False,,2026-06-04 16:51:15.721237
3569,11,888,11.73,False,,2026-06-04 16:51:15.721250
3570,11,892,13.64,False,,2026-06-04 16:51:15.721263
3571,11,896,12.89,False,,2026-06-04 16:51:15.721276
3572,11,897,17.99,False,,2026-06-04 16:51:15.721289
3573,11,898,13.34,False,,2026-06-04 16:51:15.721302
3574,11,899,15.42,False,,2026-06-04 16:51:15.721316
3575,11,900,12.79,False,,2026-06-04 16:51:15.721329
3576,11,902,9.38,False,,2026-06-04 16:51:15.721341
3577,11,903,11.23,False,,2026-06-04 16:51:15.721354
3578,11,906,11.77,False,,2026-06-04 16:51:15.721367
3579,11,911,12.88,False,,2026-06-04 16:51:15.721380
3580,11,913,15.74,False,,2026-06-04 16:51:15.721393
3581,11,915,6.63,False,,2026-06-04 16:51:15.721406
3582,11,917,8.53,False,,2026-06-04 16:51:15.721419
3583,11,924,13.63,False,,2026-06-04 16:51:15.721432
3584,11,926,13.07,False,,2026-06-04 16:51:15.721445
3585,11,927,15.28,False,,2026-06-04 16:51:15.721458
3586,11,932,18.07,False,,2026-06-04 16:51:15.721471
3587,11,933,9.86,False,,2026-06-04 16:51:15.721484
3588,11,936,9.72,False,,2026-06-04 16:51:15.721497
3589,11,939,10.02,False,,2026-06-04 16:51:15.721510
3590,11,944,11.93,False,,2026-06-04 16:51:15.721523
3591,11,945,9.35,False,,2026-06-04 16:51:15.721536
3592,11,948,13.35,False,,2026-06-04 16:51:15.721549
3593,11,949,9.44,False,,2026-06-04 16:51:15.721563
3594,11,950,14.33,False,,2026-06-04 16:51:15.721576
3595,11,951,9.12,False,,2026-06-04 16:51:15.721589
3596,11,952,13.37,False,,2026-06-04 16:51:15.721602
3597,11,953,13.3,False,,2026-06-04 16:51:15.721615
3598,11,955,11.85,False,,2026-06-04 16:51:15.721627
3599,11,960,0.0,True,Absent,2026-06-04 16:51:15.721640
3600,11,965,16.04,False,,2026-06-04 16:51:15.721653
3601,11,967,6.9,False,,2026-06-04 16:51:15.721666
3602,11,974,14.98,False,,2026-06-04 16:51:15.721679
3603,11,976,9.62,False,,2026-06-04 16:51:15.721692
3604,11,978,7.27,False,,2026-06-04 16:51:15.721705
3605,11,984,0.0,True,Absent,2026-06-04 16:51:15.721717
3606,11,985,14.24,False,,2026-06-04 16:51:15.721730
3607,11,990,0.0,True,Absent,2026-06-04 16:51:15.721742
3608,11,996,10.81,False,,2026-06-04 16:51:15.721758
3609,11,998,7.62,False,,2026-06-04 16:51:15.721771
3610,12,1,13.82,False,,2026-06-04 16:51:15.722128
3611,12,3,6.13,False,,2026-06-04 16:51:15.722145
3612,12,6,9.75,False,,2026-06-04 16:51:15.722161
3613,12,8,9.32,False,,2026-06-04 16:51:15.722176
3614,12,9,10.67,False,,2026-06-04 16:51:15.722191
3615,12,11,10.99,False,,2026-06-04 16:51:15.722204
3616,12,13,12.22,False,,2026-06-04 16:51:15.722217
3617,12,17,10.52,False,,2026-06-04 16:51:15.722230
3618,12,22,16.1,False,,2026-06-04 16:51:15.722243
3619,12,24,10.12,False,,2026-06-04 16:51:15.722256
3620,12,26,9.48,False,,2026-06-04 16:51:15.722269
3621,12,31,8.77,False,,2026-06-04 16:51:15.722282
3622,12,33,15.43,False,,2026-06-04 16:51:15.722295
3623,12,34,7.7,False,,2026-06-04 16:51:15.722308
3624,12,35,8.7,False,,2026-06-04 16:51:15.722321
3625,12,36,11.11,False,,2026-06-04 16:51:15.722334
3626,12,38,7.76,False,,2026-06-04 16:51:15.722348
3627,12,42,15.77,False,,2026-06-04 16:51:15.722360
3628,12,46,10.82,False,,2026-06-04 16:51:15.722373
3629,12,52,10.84,False,,2026-06-04 16:51:15.722386
3630,12,53,14.34,False,,2026-06-04 16:51:15.722399
3631,12,54,6.81,False,,2026-06-04 16:51:15.722412
3632,12,55,13.66,False,,2026-06-04 16:51:15.722426
3633,12,60,14.51,False,,2026-06-04 16:51:15.722438
3634,12,66,0.0,True,Absent,2026-06-04 16:51:15.722451
3635,12,67,11.13,False,,2026-06-04 16:51:15.722464
3636,12,68,0.0,True,Absent,2026-06-04 16:51:15.722476
3637,12,69,9.65,False,,2026-06-04 16:51:15.722489
3638,12,70,14.17,False,,2026-06-04 16:51:15.722502
3639,12,77,7.48,False,,2026-06-04 16:51:15.722515
3640,12,83,5.68,False,,2026-06-04 16:51:15.722528
3641,12,89,8.82,False,,2026-06-04 16:51:15.722541
3642,12,100,11.14,False,,2026-06-04 16:51:15.722554
3643,12,101,13.75,False,,2026-06-04 16:51:15.722567
3644,12,103,11.13,False,,2026-06-04 16:51:15.722580
3645,12,107,0.0,True,Absent,2026-06-04 16:51:15.722592
3646,12,113,12.06,False,,2026-06-04 16:51:15.722605
3647,12,114,11.51,False,,2026-06-04 16:51:15.722618
3648,12,116,15.77,False,,2026-06-04 16:51:15.722631
3649,12,117,10.5,False,,2026-06-04 16:51:15.722644
3650,12,118,0.0,True,Absent,2026-06-04 16:51:15.722656
3651,12,122,8.83,False,,2026-06-04 16:51:15.722669
3652,12,124,10.38,False,,2026-06-04 16:51:15.722682
3653,12,126,12.69,False,,2026-06-04 16:51:15.722695
3654,12,127,0.0,True,Absent,2026-06-04 16:51:15.722711
3655,12,129,0.0,True,Absent,2026-06-04 16:51:15.722723
3656,12,130,12.6,False,,2026-06-04 16:51:15.722736
3657,12,138,14.3,False,,2026-06-04 16:51:15.722749
3658,12,141,15.73,False,,2026-06-04 16:51:15.722762
3659,12,142,17.68,False,,2026-06-04 16:51:15.722775
3660,12,144,14.18,False,,2026-06-04 16:51:15.722788
3661,12,145,10.29,False,,2026-06-04 16:51:15.722801
3662,12,151,14.45,False,,2026-06-04 16:51:15.722819
3663,12,154,7.3,False,,2026-06-04 16:51:15.722832
3664,12,157,11.89,False,,2026-06-04 16:51:15.722845
3665,12,160,10.27,False,,2026-06-04 16:51:15.722858
3666,12,161,10.1,False,,2026-06-04 16:51:15.722871
3667,12,162,8.48,False,,2026-06-04 16:51:15.722884
3668,12,165,11.69,False,,2026-06-04 16:51:15.722897
3669,12,167,13.89,False,,2026-06-04 16:51:15.722910
3670,12,177,13.11,False,,2026-06-04 16:51:15.722923
3671,12,178,10.09,False,,2026-06-04 16:51:15.722936
3672,12,181,14.47,False,,2026-06-04 16:51:15.722948
3673,12,188,7.49,False,,2026-06-04 16:51:15.722961
3674,12,189,12.47,False,,2026-06-04 16:51:15.722974
3675,12,190,9.4,False,,2026-06-04 16:51:15.722987
3676,12,194,13.83,False,,2026-06-04 16:51:15.723000
3677,12,195,12.94,False,,2026-06-04 16:51:15.723013
3678,12,197,14.66,False,,2026-06-04 16:51:15.723025
3679,12,198,11.22,False,,2026-06-04 16:51:15.723038
3680,12,202,6.4,False,,2026-06-04 16:51:15.723051
3681,12,205,9.74,False,,2026-06-04 16:51:15.723064
3682,12,206,10.35,False,,2026-06-04 16:51:15.723077
3683,12,208,11.57,False,,2026-06-04 16:51:15.723090
3684,12,211,12.77,False,,2026-06-04 16:51:15.723103
3685,12,214,12.95,False,,2026-06-04 16:51:15.723116
3686,12,215,12.91,False,,2026-06-04 16:51:15.723140
3687,12,217,11.12,False,,2026-06-04 16:51:15.723153
3688,12,222,9.12,False,,2026-06-04 16:51:15.723165
3689,12,223,7.67,False,,2026-06-04 16:51:15.723178
3690,12,224,17.32,False,,2026-06-04 16:51:15.723191
3691,12,229,8.81,False,,2026-06-04 16:51:15.723204
3692,12,231,12.52,False,,2026-06-04 16:51:15.723218
3693,12,233,14.31,False,,2026-06-04 16:51:15.723231
3694,12,234,10.0,False,,2026-06-04 16:51:15.723245
3695,12,240,0.0,True,Absent,2026-06-04 16:51:15.723258
3696,12,242,10.93,False,,2026-06-04 16:51:15.723271
3697,12,245,9.32,False,,2026-06-04 16:51:15.723284
3698,12,249,6.72,False,,2026-06-04 16:51:15.723298
3699,12,252,9.82,False,,2026-06-04 16:51:15.723311
3700,12,253,17.32,False,,2026-06-04 16:51:15.723324
3701,12,255,12.5,False,,2026-06-04 16:51:15.723336
3702,12,256,10.4,False,,2026-06-04 16:51:15.723349
3703,12,259,16.26,False,,2026-06-04 16:51:15.723363
3704,12,261,10.8,False,,2026-06-04 16:51:15.723377
3705,12,262,12.96,False,,2026-06-04 16:51:15.723390
3706,12,266,14.23,False,,2026-06-04 16:51:15.723403
3707,12,268,13.96,False,,2026-06-04 16:51:15.723416
3708,12,270,16.41,False,,2026-06-04 16:51:15.723429
3709,12,274,15.27,False,,2026-06-04 16:51:15.723442
3710,12,275,8.18,False,,2026-06-04 16:51:15.723455
3711,12,276,13.87,False,,2026-06-04 16:51:15.723467
3712,12,277,12.47,False,,2026-06-04 16:51:15.723480
3713,12,279,0.0,True,Absent,2026-06-04 16:51:15.723493
3714,12,282,15.0,False,,2026-06-04 16:51:15.723506
3715,12,283,8.61,False,,2026-06-04 16:51:15.723518
3716,12,290,8.21,False,,2026-06-04 16:51:15.723531
3717,12,292,14.37,False,,2026-06-04 16:51:15.723544
3718,12,293,0.0,True,Absent,2026-06-04 16:51:15.723556
3719,12,294,0.0,True,Absent,2026-06-04 16:51:15.723569
3720,12,297,7.33,False,,2026-06-04 16:51:15.723581
3721,12,301,18.53,False,,2026-06-04 16:51:15.723594
3722,12,303,11.18,False,,2026-06-04 16:51:15.723607
3723,12,306,15.48,False,,2026-06-04 16:51:15.723620
3724,12,308,12.35,False,,2026-06-04 16:51:15.723633
3725,12,311,11.73,False,,2026-06-04 16:51:15.723646
3726,12,317,13.33,False,,2026-06-04 16:51:15.723659
3727,12,318,14.66,False,,2026-06-04 16:51:15.723672
3728,12,320,10.0,False,,2026-06-04 16:51:15.723685
3729,12,322,7.84,False,,2026-06-04 16:51:15.723698
3730,12,326,9.87,False,,2026-06-04 16:51:15.723711
3731,12,328,9.37,False,,2026-06-04 16:51:15.723724
3732,12,329,11.54,False,,2026-06-04 16:51:15.723737
3733,12,334,9.74,False,,2026-06-04 16:51:15.723750
3734,12,338,15.0,False,,2026-06-04 16:51:15.723762
3735,12,347,15.25,False,,2026-06-04 16:51:15.723775
3736,12,348,6.71,False,,2026-06-04 16:51:15.723788
3737,12,354,0.0,True,Absent,2026-06-04 16:51:15.723800
3738,12,363,12.98,False,,2026-06-04 16:51:15.723813
3739,12,367,16.91,False,,2026-06-04 16:51:15.723826
3740,12,369,16.74,False,,2026-06-04 16:51:15.723839
3741,12,377,16.61,False,,2026-06-04 16:51:15.723852
3742,12,387,11.97,False,,2026-06-04 16:51:15.723865
3743,12,388,16.22,False,,2026-06-04 16:51:15.723878
3744,12,392,14.23,False,,2026-06-04 16:51:15.723891
3745,12,393,15.78,False,,2026-06-04 16:51:15.723904
3746,12,395,0.0,True,Absent,2026-06-04 16:51:15.723916
3747,12,396,11.25,False,,2026-06-04 16:51:15.723929
3748,12,399,9.33,False,,2026-06-04 16:51:15.723942
3749,12,400,9.13,False,,2026-06-04 16:51:15.723955
3750,12,402,9.58,False,,2026-06-04 16:51:15.723968
3751,12,404,9.04,False,,2026-06-04 16:51:15.723981
3752,12,405,11.93,False,,2026-06-04 16:51:15.723997
3753,12,406,7.8,False,,2026-06-04 16:51:15.724010
3754,12,408,6.78,False,,2026-06-04 16:51:15.724023
3755,12,409,14.9,False,,2026-06-04 16:51:15.724037
3756,12,411,11.97,False,,2026-06-04 16:51:15.724050
3757,12,412,10.13,False,,2026-06-04 16:51:15.724063
3758,12,414,0.0,True,Absent,2026-06-04 16:51:15.724075
3759,12,417,13.05,False,,2026-06-04 16:51:15.724088
3760,12,425,14.94,False,,2026-06-04 16:51:15.724101
3761,12,427,11.41,False,,2026-06-04 16:51:15.724114
3762,12,429,8.75,False,,2026-06-04 16:51:15.724127
3763,12,434,13.06,False,,2026-06-04 16:51:15.724140
3764,12,435,9.36,False,,2026-06-04 16:51:15.724156
3765,12,438,11.45,False,,2026-06-04 16:51:15.724169
3766,12,439,10.7,False,,2026-06-04 16:51:15.724182
3767,12,440,14.42,False,,2026-06-04 16:51:15.724195
3768,12,441,9.41,False,,2026-06-04 16:51:15.724208
3769,12,442,6.92,False,,2026-06-04 16:51:15.724221
3770,12,451,10.41,False,,2026-06-04 16:51:15.724234
3771,12,452,16.98,False,,2026-06-04 16:51:15.724246
3772,12,456,14.43,False,,2026-06-04 16:51:15.724260
3773,12,460,12.99,False,,2026-06-04 16:51:15.724272
3774,12,462,8.41,False,,2026-06-04 16:51:15.724285
3775,12,463,11.68,False,,2026-06-04 16:51:15.724298
3776,12,467,9.17,False,,2026-06-04 16:51:15.724311
3777,12,470,10.15,False,,2026-06-04 16:51:15.724324
3778,12,472,12.95,False,,2026-06-04 16:51:15.724337
3779,12,473,16.31,False,,2026-06-04 16:51:15.724349
3780,12,474,12.35,False,,2026-06-04 16:51:15.724362
3781,12,475,9.26,False,,2026-06-04 16:51:15.724375
3782,12,482,14.86,False,,2026-06-04 16:51:15.724388
3783,12,485,11.92,False,,2026-06-04 16:51:15.724401
3784,12,486,10.07,False,,2026-06-04 16:51:15.724414
3785,12,488,8.21,False,,2026-06-04 16:51:15.724427
3786,12,489,15.49,False,,2026-06-04 16:51:15.724439
3787,12,491,12.05,False,,2026-06-04 16:51:15.724452
3788,12,492,14.04,False,,2026-06-04 16:51:15.724465
3789,12,493,14.33,False,,2026-06-04 16:51:15.724478
3790,12,498,11.3,False,,2026-06-04 16:51:15.724491
3791,12,501,15.18,False,,2026-06-04 16:51:15.724504
3792,12,502,7.94,False,,2026-06-04 16:51:15.724517
3793,12,503,10.45,False,,2026-06-04 16:51:15.724529
3794,12,504,15.1,False,,2026-06-04 16:51:15.724542
3795,12,505,7.81,False,,2026-06-04 16:51:15.724556
3796,12,507,18.05,False,,2026-06-04 16:51:15.724568
3797,12,511,8.89,False,,2026-06-04 16:51:15.724582
3798,12,513,6.71,False,,2026-06-04 16:51:15.724594
3799,12,515,8.79,False,,2026-06-04 16:51:15.724607
3800,12,519,10.44,False,,2026-06-04 16:51:15.724620
3801,12,520,15.2,False,,2026-06-04 16:51:15.724633
3802,12,521,12.48,False,,2026-06-04 16:51:15.724646
3803,12,524,0.0,True,Absent,2026-06-04 16:51:15.724658
3804,12,525,0.0,True,Absent,2026-06-04 16:51:15.724671
3805,12,530,11.78,False,,2026-06-04 16:51:15.724683
3806,12,537,9.82,False,,2026-06-04 16:51:15.724696
3807,12,540,10.96,False,,2026-06-04 16:51:15.724709
3808,12,544,7.27,False,,2026-06-04 16:51:15.724722
3809,12,545,16.23,False,,2026-06-04 16:51:15.724735
3810,12,546,11.14,False,,2026-06-04 16:51:15.724748
3811,12,551,9.84,False,,2026-06-04 16:51:15.724761
3812,12,559,0.0,True,Absent,2026-06-04 16:51:15.724773
3813,12,560,7.41,False,,2026-06-04 16:51:15.724786
3814,12,562,10.5,False,,2026-06-04 16:51:15.724799
3815,12,567,7.57,False,,2026-06-04 16:51:15.724812
3816,12,572,15.12,False,,2026-06-04 16:51:15.724825
3817,12,577,13.35,False,,2026-06-04 16:51:15.724838
3818,12,581,16.79,False,,2026-06-04 16:51:15.724851
3819,12,582,0.0,True,Absent,2026-06-04 16:51:15.724863
3820,12,583,12.17,False,,2026-06-04 16:51:15.724876
3821,12,587,10.25,False,,2026-06-04 16:51:15.724889
3822,12,588,17.49,False,,2026-06-04 16:51:15.724902
3823,12,590,11.58,False,,2026-06-04 16:51:15.724915
3824,12,600,13.16,False,,2026-06-04 16:51:15.724927
3825,12,601,7.33,False,,2026-06-04 16:51:15.724940
3826,12,606,14.77,False,,2026-06-04 16:51:15.724953
3827,12,613,11.17,False,,2026-06-04 16:51:15.724966
3828,12,622,10.07,False,,2026-06-04 16:51:15.724979
3829,12,625,10.68,False,,2026-06-04 16:51:15.724992
3830,12,628,8.44,False,,2026-06-04 16:51:15.725005
3831,12,629,6.89,False,,2026-06-04 16:51:15.725018
3832,12,631,10.57,False,,2026-06-04 16:51:15.725031
3833,12,637,0.0,True,Absent,2026-06-04 16:51:15.725043
3834,12,645,0.0,True,Absent,2026-06-04 16:51:15.725055
3835,12,650,0.0,True,Absent,2026-06-04 16:51:15.725068
3836,12,652,14.13,False,,2026-06-04 16:51:15.725080
3837,12,654,0.0,True,Absent,2026-06-04 16:51:15.725093
3838,12,655,9.74,False,,2026-06-04 16:51:15.725106
3839,12,656,6.98,False,,2026-06-04 16:51:15.725119
3840,12,662,6.35,False,,2026-06-04 16:51:15.725131
3841,12,676,7.71,False,,2026-06-04 16:51:15.725144
3842,12,677,7.84,False,,2026-06-04 16:51:15.725160
3843,12,680,6.56,False,,2026-06-04 16:51:15.725173
3844,12,689,14.89,False,,2026-06-04 16:51:15.725186
3845,12,691,0.0,True,Absent,2026-06-04 16:51:15.725198
3846,12,697,11.43,False,,2026-06-04 16:51:15.725211
3847,12,698,8.42,False,,2026-06-04 16:51:15.725224
3848,12,702,10.92,False,,2026-06-04 16:51:15.725237
3849,12,707,12.73,False,,2026-06-04 16:51:15.725250
3850,12,714,12.26,False,,2026-06-04 16:51:15.725263
3851,12,717,13.56,False,,2026-06-04 16:51:15.725276
3852,12,718,12.11,False,,2026-06-04 16:51:15.725289
3853,12,722,16.44,False,,2026-06-04 16:51:15.725302
3854,12,724,16.14,False,,2026-06-04 16:51:15.725315
3855,12,725,12.65,False,,2026-06-04 16:51:15.725327
3856,12,727,9.72,False,,2026-06-04 16:51:15.725340
3857,12,729,6.43,False,,2026-06-04 16:51:15.725353
3858,12,733,13.76,False,,2026-06-04 16:51:15.725367
3859,12,735,11.25,False,,2026-06-04 16:51:15.725380
3860,12,736,0.0,True,Absent,2026-06-04 16:51:15.725393
3861,12,740,7.7,False,,2026-06-04 16:51:15.725409
3862,12,742,12.99,False,,2026-06-04 16:51:15.725445
3863,12,747,10.43,False,,2026-06-04 16:51:15.725469
3864,12,748,12.4,False,,2026-06-04 16:51:15.725485
3865,12,749,9.46,False,,2026-06-04 16:51:15.725500
3866,12,750,0.0,True,Absent,2026-06-04 16:51:15.725513
3867,12,759,6.84,False,,2026-06-04 16:51:15.725526
3868,12,760,13.34,False,,2026-06-04 16:51:15.725543
3869,12,767,9.82,False,,2026-06-04 16:51:15.725557
3870,12,768,0.0,True,Absent,2026-06-04 16:51:15.725570
3871,12,770,9.67,False,,2026-06-04 16:51:15.725583
3872,12,773,13.22,False,,2026-06-04 16:51:15.725596
3873,12,777,13.18,False,,2026-06-04 16:51:15.725609
3874,12,778,13.51,False,,2026-06-04 16:51:15.725622
3875,12,780,10.83,False,,2026-06-04 16:51:15.725636
3876,12,786,9.26,False,,2026-06-04 16:51:15.725649
3877,12,787,9.82,False,,2026-06-04 16:51:15.725662
3878,12,789,15.58,False,,2026-06-04 16:51:15.725675
3879,12,793,6.7,False,,2026-06-04 16:51:15.725688
3880,12,795,8.96,False,,2026-06-04 16:51:15.725701
3881,12,796,15.74,False,,2026-06-04 16:51:15.725714
3882,12,800,12.57,False,,2026-06-04 16:51:15.725727
3883,12,801,16.35,False,,2026-06-04 16:51:15.725741
3884,12,802,0.0,True,Absent,2026-06-04 16:51:15.725753
3885,12,803,8.79,False,,2026-06-04 16:51:15.725766
3886,12,807,9.96,False,,2026-06-04 16:51:15.725779
3887,12,812,13.76,False,,2026-06-04 16:51:15.725792
3888,12,814,15.05,False,,2026-06-04 16:51:15.725806
3889,12,816,15.9,False,,2026-06-04 16:51:15.725819
3890,12,817,5.72,False,,2026-06-04 16:51:15.725832
3891,12,824,9.91,False,,2026-06-04 16:51:15.725846
3892,12,826,16.74,False,,2026-06-04 16:51:15.725859
3893,12,827,11.1,False,,2026-06-04 16:51:15.725872
3894,12,829,0.0,True,Absent,2026-06-04 16:51:15.725885
3895,12,831,13.03,False,,2026-06-04 16:51:15.725898
3896,12,833,9.89,False,,2026-06-04 16:51:15.725911
3897,12,837,12.0,False,,2026-06-04 16:51:15.725925
3898,12,840,17.13,False,,2026-06-04 16:51:15.725938
3899,12,844,16.55,False,,2026-06-04 16:51:15.725951
3900,12,847,12.83,False,,2026-06-04 16:51:15.725964
3901,12,856,12.98,False,,2026-06-04 16:51:15.725978
3902,12,861,5.88,False,,2026-06-04 16:51:15.725991
3903,12,863,10.83,False,,2026-06-04 16:51:15.726004
3904,12,864,5.36,False,,2026-06-04 16:51:15.726017
3905,12,865,14.04,False,,2026-06-04 16:51:15.726030
3906,12,869,11.29,False,,2026-06-04 16:51:15.726043
3907,12,872,14.83,False,,2026-06-04 16:51:15.726056
3908,12,876,0.0,True,Absent,2026-06-04 16:51:15.726069
3909,12,878,15.44,False,,2026-06-04 16:51:15.726082
3910,12,880,7.42,False,,2026-06-04 16:51:15.726095
3911,12,882,14.78,False,,2026-06-04 16:51:15.726108
3912,12,883,0.0,True,Absent,2026-06-04 16:51:15.726121
3913,12,885,10.42,False,,2026-06-04 16:51:15.726134
3914,12,886,12.08,False,,2026-06-04 16:51:15.726147
3915,12,887,13.34,False,,2026-06-04 16:51:15.726160
3916,12,888,12.28,False,,2026-06-04 16:51:15.726174
3917,12,892,16.06,False,,2026-06-04 16:51:15.726187
3918,12,896,15.83,False,,2026-06-04 16:51:15.726200
3919,12,897,18.52,False,,2026-06-04 16:51:15.726213
3920,12,898,15.18,False,,2026-06-04 16:51:15.726230
3921,12,899,13.53,False,,2026-06-04 16:51:15.726244
3922,12,900,7.74,False,,2026-06-04 16:51:15.726257
3923,12,902,13.56,False,,2026-06-04 16:51:15.726270
3924,12,903,10.87,False,,2026-06-04 16:51:15.726284
3925,12,906,14.19,False,,2026-06-04 16:51:15.726297
3926,12,911,13.4,False,,2026-06-04 16:51:15.726310
3927,12,913,14.59,False,,2026-06-04 16:51:15.726323
3928,12,915,7.92,False,,2026-06-04 16:51:15.726337
3929,12,917,12.49,False,,2026-06-04 16:51:15.726350
3930,12,924,12.27,False,,2026-06-04 16:51:15.726363
3931,12,926,16.5,False,,2026-06-04 16:51:15.726376
3932,12,927,11.67,False,,2026-06-04 16:51:15.726389
3933,12,932,17.22,False,,2026-06-04 16:51:15.726402
3934,12,933,11.92,False,,2026-06-04 16:51:15.726415
3935,12,936,11.1,False,,2026-06-04 16:51:15.726428
3936,12,939,12.88,False,,2026-06-04 16:51:15.726441
3937,12,944,15.31,False,,2026-06-04 16:51:15.726455
3938,12,945,6.07,False,,2026-06-04 16:51:15.726468
3939,12,948,9.48,False,,2026-06-04 16:51:15.726481
3940,12,949,13.0,False,,2026-06-04 16:51:15.726494
3941,12,950,9.4,False,,2026-06-04 16:51:15.726507
3942,12,951,7.78,False,,2026-06-04 16:51:15.726521
3943,12,952,15.53,False,,2026-06-04 16:51:15.726534
3944,12,953,12.72,False,,2026-06-04 16:51:15.726547
3945,12,955,17.12,False,,2026-06-04 16:51:15.726560
3946,12,960,11.72,False,,2026-06-04 16:51:15.726573
3947,12,965,17.37,False,,2026-06-04 16:51:15.726586
3948,12,967,8.03,False,,2026-06-04 16:51:15.726599
3949,12,974,11.76,False,,2026-06-04 16:51:15.726612
3950,12,976,10.03,False,,2026-06-04 16:51:15.726625
3951,12,978,12.09,False,,2026-06-04 16:51:15.726638
3952,12,984,15.73,False,,2026-06-04 16:51:15.726651
3953,12,985,0.0,True,Absent,2026-06-04 16:51:15.726663
3954,12,990,11.1,False,,2026-06-04 16:51:15.726681
3955,12,996,10.77,False,,2026-06-04 16:51:15.726696
3956,12,998,0.0,True,Absent,2026-06-04 16:51:15.726709
3957,13,1,15.35,False,,2026-06-04 16:51:15.727068
3958,13,3,5.59,False,,2026-06-04 16:51:15.727085
3959,13,6,7.2,False,,2026-06-04 16:51:15.727099
3960,13,8,10.49,False,,2026-06-04 16:51:15.727113
3961,13,9,12.12,False,,2026-06-04 16:51:15.727126
3962,13,11,6.99,False,,2026-06-04 16:51:15.727140
3963,13,13,11.99,False,,2026-06-04 16:51:15.727153
3964,13,17,13.62,False,,2026-06-04 16:51:15.727166
3965,13,22,17.19,False,,2026-06-04 16:51:15.727179
3966,13,24,10.5,False,,2026-06-04 16:51:15.727192
3967,13,26,0.0,True,Absent,2026-06-04 16:51:15.727205
3968,13,31,6.97,False,,2026-06-04 16:51:15.727218
3969,13,33,11.2,False,,2026-06-04 16:51:15.727231
3970,13,34,8.94,False,,2026-06-04 16:51:15.727244
3971,13,35,10.91,False,,2026-06-04 16:51:15.727257
3972,13,36,0.0,True,Absent,2026-06-04 16:51:15.727270
3973,13,38,8.48,False,,2026-06-04 16:51:15.727284
3974,13,42,17.19,False,,2026-06-04 16:51:15.727297
3975,13,46,11.1,False,,2026-06-04 16:51:15.727310
3976,13,52,12.35,False,,2026-06-04 16:51:15.727323
3977,13,53,14.39,False,,2026-06-04 16:51:15.727336
3978,13,54,11.87,False,,2026-06-04 16:51:15.727349
3979,13,55,11.31,False,,2026-06-04 16:51:15.727362
3980,13,60,14.97,False,,2026-06-04 16:51:15.727375
3981,13,66,12.3,False,,2026-06-04 16:51:15.727388
3982,13,67,11.5,False,,2026-06-04 16:51:15.727401
3983,13,68,17.74,False,,2026-06-04 16:51:15.727414
3984,13,69,8.98,False,,2026-06-04 16:51:15.727426
3985,13,70,11.31,False,,2026-06-04 16:51:15.727440
3986,13,77,10.13,False,,2026-06-04 16:51:15.727453
3987,13,83,7.0,False,,2026-06-04 16:51:15.727467
3988,13,89,6.52,False,,2026-06-04 16:51:15.727480
3989,13,100,0.0,True,Absent,2026-06-04 16:51:15.727493
3990,13,101,14.62,False,,2026-06-04 16:51:15.727507
3991,13,103,9.92,False,,2026-06-04 16:51:15.727521
3992,13,107,11.52,False,,2026-06-04 16:51:15.727534
3993,13,113,13.98,False,,2026-06-04 16:51:15.727548
3994,13,114,11.77,False,,2026-06-04 16:51:15.727561
3995,13,116,17.56,False,,2026-06-04 16:51:15.727574
3996,13,117,14.87,False,,2026-06-04 16:51:15.727588
3997,13,118,6.51,False,,2026-06-04 16:51:15.727601
3998,13,122,11.7,False,,2026-06-04 16:51:15.727614
3999,13,124,11.29,False,,2026-06-04 16:51:15.727630
4000,13,126,14.9,False,,2026-06-04 16:51:15.727643
4001,13,127,6.7,False,,2026-06-04 16:51:15.727656
4002,13,129,13.28,False,,2026-06-04 16:51:15.727669
4003,13,130,0.0,True,Absent,2026-06-04 16:51:15.727681
4004,13,138,18.1,False,,2026-06-04 16:51:15.727694
4005,13,141,0.0,True,Absent,2026-06-04 16:51:15.727706
4006,13,142,18.09,False,,2026-06-04 16:51:15.727722
4007,13,144,11.38,False,,2026-06-04 16:51:15.727735
4008,13,145,0.0,True,Absent,2026-06-04 16:51:15.727748
4009,13,151,17.85,False,,2026-06-04 16:51:15.727761
4010,13,154,11.05,False,,2026-06-04 16:51:15.727774
4011,13,157,16.69,False,,2026-06-04 16:51:15.727787
4012,13,160,13.08,False,,2026-06-04 16:51:15.727800
4013,13,161,14.21,False,,2026-06-04 16:51:15.727813
4014,13,162,10.04,False,,2026-06-04 16:51:15.727826
4015,13,165,0.0,True,Absent,2026-06-04 16:51:15.727838
4016,13,167,0.0,True,Absent,2026-06-04 16:51:15.727850
4017,13,177,13.62,False,,2026-06-04 16:51:15.727863
4018,13,178,9.7,False,,2026-06-04 16:51:15.727876
4019,13,181,12.98,False,,2026-06-04 16:51:15.727889
4020,13,188,9.89,False,,2026-06-04 16:51:15.727902
4021,13,189,9.15,False,,2026-06-04 16:51:15.727915
4022,13,190,9.62,False,,2026-06-04 16:51:15.727928
4023,13,194,14.83,False,,2026-06-04 16:51:15.727940
4024,13,195,10.8,False,,2026-06-04 16:51:15.727953
4025,13,197,16.02,False,,2026-06-04 16:51:15.727969
4026,13,198,8.18,False,,2026-06-04 16:51:15.727982
4027,13,202,11.0,False,,2026-06-04 16:51:15.727995
4028,13,205,13.91,False,,2026-06-04 16:51:15.728008
4029,13,206,11.39,False,,2026-06-04 16:51:15.728021
4030,13,208,11.75,False,,2026-06-04 16:51:15.728034
4031,13,211,7.65,False,,2026-06-04 16:51:15.728047
4032,13,214,11.22,False,,2026-06-04 16:51:15.728060
4033,13,215,9.61,False,,2026-06-04 16:51:15.728073
4034,13,217,0.0,True,Absent,2026-06-04 16:51:15.728085
4035,13,222,6.64,False,,2026-06-04 16:51:15.728097
4036,13,223,11.17,False,,2026-06-04 16:51:15.728110
4037,13,224,0.0,True,Absent,2026-06-04 16:51:15.728123
4038,13,229,8.84,False,,2026-06-04 16:51:15.728136
4039,13,231,17.47,False,,2026-06-04 16:51:15.728148
4040,13,233,11.43,False,,2026-06-04 16:51:15.728161
4041,13,234,9.37,False,,2026-06-04 16:51:15.728174
4042,13,240,15.05,False,,2026-06-04 16:51:15.728187
4043,13,242,10.92,False,,2026-06-04 16:51:15.728200
4044,13,245,7.2,False,,2026-06-04 16:51:15.728213
4045,13,249,0.0,True,Absent,2026-06-04 16:51:15.728225
4046,13,252,13.49,False,,2026-06-04 16:51:15.728238
4047,13,253,13.35,False,,2026-06-04 16:51:15.728251
4048,13,255,8.02,False,,2026-06-04 16:51:15.728264
4049,13,256,8.52,False,,2026-06-04 16:51:15.728277
4050,13,259,11.31,False,,2026-06-04 16:51:15.728291
4051,13,261,10.4,False,,2026-06-04 16:51:15.728304
4052,13,262,10.94,False,,2026-06-04 16:51:15.728317
4053,13,266,14.26,False,,2026-06-04 16:51:15.728333
4054,13,268,10.52,False,,2026-06-04 16:51:15.728349
4055,13,270,13.78,False,,2026-06-04 16:51:15.728362
4056,13,274,13.17,False,,2026-06-04 16:51:15.728376
4057,13,275,9.45,False,,2026-06-04 16:51:15.728388
4058,13,276,9.42,False,,2026-06-04 16:51:15.728401
4059,13,277,12.83,False,,2026-06-04 16:51:15.728414
4060,13,279,17.08,False,,2026-06-04 16:51:15.728427
4061,13,282,15.1,False,,2026-06-04 16:51:15.728440
4062,13,283,9.07,False,,2026-06-04 16:51:15.728453
4063,13,290,9.3,False,,2026-06-04 16:51:15.728466
4064,13,292,13.78,False,,2026-06-04 16:51:15.728479
4065,13,293,5.84,False,,2026-06-04 16:51:15.728492
4066,13,294,10.11,False,,2026-06-04 16:51:15.728505
4067,13,297,0.0,True,Absent,2026-06-04 16:51:15.728517
4068,13,301,16.75,False,,2026-06-04 16:51:15.728530
4069,13,303,0.0,True,Absent,2026-06-04 16:51:15.728542
4070,13,306,9.58,False,,2026-06-04 16:51:15.728555
4071,13,308,7.28,False,,2026-06-04 16:51:15.728568
4072,13,311,9.09,False,,2026-06-04 16:51:15.728581
4073,13,317,14.05,False,,2026-06-04 16:51:15.728594
4074,13,318,13.24,False,,2026-06-04 16:51:15.728607
4075,13,320,9.32,False,,2026-06-04 16:51:15.728623
4076,13,322,7.6,False,,2026-06-04 16:51:15.728636
4077,13,326,0.0,True,Absent,2026-06-04 16:51:15.728651
4078,13,328,0.0,True,Absent,2026-06-04 16:51:15.728664
4079,13,329,12.85,False,,2026-06-04 16:51:15.728677
4080,13,334,11.61,False,,2026-06-04 16:51:15.728690
4081,13,338,16.27,False,,2026-06-04 16:51:15.728703
4082,13,347,17.33,False,,2026-06-04 16:51:15.728716
4083,13,348,8.53,False,,2026-06-04 16:51:15.728729
4084,13,354,7.54,False,,2026-06-04 16:51:15.728742
4085,13,363,9.68,False,,2026-06-04 16:51:15.728755
4086,13,367,12.79,False,,2026-06-04 16:51:15.728768
4087,13,369,12.96,False,,2026-06-04 16:51:15.728784
4088,13,377,11.94,False,,2026-06-04 16:51:15.728797
4089,13,387,13.54,False,,2026-06-04 16:51:15.728811
4090,13,388,14.74,False,,2026-06-04 16:51:15.728824
4091,13,392,13.53,False,,2026-06-04 16:51:15.728837
4092,13,393,18.47,False,,2026-06-04 16:51:15.728850
4093,13,395,14.77,False,,2026-06-04 16:51:15.728863
4094,13,396,11.22,False,,2026-06-04 16:51:15.728876
4095,13,399,10.63,False,,2026-06-04 16:51:15.728889
4096,13,400,8.25,False,,2026-06-04 16:51:15.728902
4097,13,402,9.7,False,,2026-06-04 16:51:15.728915
4098,13,404,7.0,False,,2026-06-04 16:51:15.728928
4099,13,405,6.98,False,,2026-06-04 16:51:15.728941
4100,13,406,9.25,False,,2026-06-04 16:51:15.728954
4101,13,408,11.31,False,,2026-06-04 16:51:15.728966
4102,13,409,14.35,False,,2026-06-04 16:51:15.728979
4103,13,411,9.95,False,,2026-06-04 16:51:15.728992
4104,13,412,9.21,False,,2026-06-04 16:51:15.729005
4105,13,414,10.07,False,,2026-06-04 16:51:15.729018
4106,13,417,16.56,False,,2026-06-04 16:51:15.729031
4107,13,425,10.37,False,,2026-06-04 16:51:15.729044
4108,13,427,10.79,False,,2026-06-04 16:51:15.729057
4109,13,429,10.97,False,,2026-06-04 16:51:15.729070
4110,13,434,12.15,False,,2026-06-04 16:51:15.729083
4111,13,435,8.74,False,,2026-06-04 16:51:15.729096
4112,13,438,14.96,False,,2026-06-04 16:51:15.729109
4113,13,439,7.45,False,,2026-06-04 16:51:15.729121
4114,13,440,15.13,False,,2026-06-04 16:51:15.729134
4115,13,441,11.91,False,,2026-06-04 16:51:15.729147
4116,13,442,9.96,False,,2026-06-04 16:51:15.729160
4117,13,451,12.66,False,,2026-06-04 16:51:15.729173
4118,13,452,17.67,False,,2026-06-04 16:51:15.729185
4119,13,456,10.51,False,,2026-06-04 16:51:15.729198
4120,13,460,13.03,False,,2026-06-04 16:51:15.729212
4121,13,462,12.34,False,,2026-06-04 16:51:15.729225
4122,13,463,5.78,False,,2026-06-04 16:51:15.729238
4123,13,467,0.0,True,Absent,2026-06-04 16:51:15.729250
4124,13,470,12.31,False,,2026-06-04 16:51:15.729263
4125,13,472,10.23,False,,2026-06-04 16:51:15.729276
4126,13,473,13.26,False,,2026-06-04 16:51:15.729290
4127,13,474,14.36,False,,2026-06-04 16:51:15.729303
4128,13,475,9.8,False,,2026-06-04 16:51:15.729315
4129,13,482,0.0,True,Absent,2026-06-04 16:51:15.729328
4130,13,485,10.76,False,,2026-06-04 16:51:15.729341
4131,13,486,10.88,False,,2026-06-04 16:51:15.729354
4132,13,488,11.08,False,,2026-06-04 16:51:15.729367
4133,13,489,13.23,False,,2026-06-04 16:51:15.729380
4134,13,491,13.72,False,,2026-06-04 16:51:15.729393
4135,13,492,13.56,False,,2026-06-04 16:51:15.729406
4136,13,493,16.63,False,,2026-06-04 16:51:15.729419
4137,13,498,12.07,False,,2026-06-04 16:51:15.729432
4138,13,501,17.18,False,,2026-06-04 16:51:15.729445
4139,13,502,10.25,False,,2026-06-04 16:51:15.729458
4140,13,503,11.04,False,,2026-06-04 16:51:15.729471
4141,13,504,16.0,False,,2026-06-04 16:51:15.729484
4142,13,505,13.0,False,,2026-06-04 16:51:15.729497
4143,13,507,15.28,False,,2026-06-04 16:51:15.729510
4144,13,511,12.16,False,,2026-06-04 16:51:15.729523
4145,13,513,9.4,False,,2026-06-04 16:51:15.729536
4146,13,515,12.42,False,,2026-06-04 16:51:15.729549
4147,13,519,9.52,False,,2026-06-04 16:51:15.729562
4148,13,520,13.68,False,,2026-06-04 16:51:15.729575
4149,13,521,6.92,False,,2026-06-04 16:51:15.729588
4150,13,524,10.91,False,,2026-06-04 16:51:15.729602
4151,13,525,14.57,False,,2026-06-04 16:51:15.729615
4152,13,530,11.42,False,,2026-06-04 16:51:15.729627
4153,13,537,8.91,False,,2026-06-04 16:51:15.729640
4154,13,540,10.94,False,,2026-06-04 16:51:15.729656
4155,13,544,8.01,False,,2026-06-04 16:51:15.729672
4156,13,545,15.21,False,,2026-06-04 16:51:15.729685
4157,13,546,12.08,False,,2026-06-04 16:51:15.729698
4158,13,551,10.89,False,,2026-06-04 16:51:15.729711
4159,13,559,10.05,False,,2026-06-04 16:51:15.729724
4160,13,560,8.44,False,,2026-06-04 16:51:15.729737
4161,13,562,13.42,False,,2026-06-04 16:51:15.729750
4162,13,567,9.96,False,,2026-06-04 16:51:15.729764
4163,13,572,14.74,False,,2026-06-04 16:51:15.729777
4164,13,577,18.36,False,,2026-06-04 16:51:15.729790
4165,13,581,13.13,False,,2026-06-04 16:51:15.729803
4166,13,582,11.45,False,,2026-06-04 16:51:15.729815
4167,13,583,14.89,False,,2026-06-04 16:51:15.729828
4168,13,587,12.2,False,,2026-06-04 16:51:15.729841
4169,13,588,13.33,False,,2026-06-04 16:51:15.729855
4170,13,590,12.09,False,,2026-06-04 16:51:15.729868
4171,13,600,17.29,False,,2026-06-04 16:51:15.729881
4172,13,601,6.46,False,,2026-06-04 16:51:15.729894
4173,13,606,12.8,False,,2026-06-04 16:51:15.729907
4174,13,613,9.91,False,,2026-06-04 16:51:15.729920
4175,13,622,11.65,False,,2026-06-04 16:51:15.729933
4176,13,625,0.0,True,Absent,2026-06-04 16:51:15.729945
4177,13,628,8.44,False,,2026-06-04 16:51:15.729958
4178,13,629,5.67,False,,2026-06-04 16:51:15.729971
4179,13,631,12.97,False,,2026-06-04 16:51:15.729984
4180,13,637,11.39,False,,2026-06-04 16:51:15.729997
4181,13,645,0.0,True,Absent,2026-06-04 16:51:15.730009
4182,13,650,11.46,False,,2026-06-04 16:51:15.730022
4183,13,652,11.62,False,,2026-06-04 16:51:15.730035
4184,13,654,13.43,False,,2026-06-04 16:51:15.730048
4185,13,655,8.53,False,,2026-06-04 16:51:15.730061
4186,13,656,8.3,False,,2026-06-04 16:51:15.730074
4187,13,662,11.85,False,,2026-06-04 16:51:15.730087
4188,13,676,7.65,False,,2026-06-04 16:51:15.730100
4189,13,677,10.87,False,,2026-06-04 16:51:15.730113
4190,13,680,10.14,False,,2026-06-04 16:51:15.730126
4191,13,689,11.5,False,,2026-06-04 16:51:15.730138
4192,13,691,14.94,False,,2026-06-04 16:51:15.730152
4193,13,697,8.19,False,,2026-06-04 16:51:15.730164
4194,13,698,9.87,False,,2026-06-04 16:51:15.730177
4195,13,702,11.54,False,,2026-06-04 16:51:15.730190
4196,13,707,9.36,False,,2026-06-04 16:51:15.730203
4197,13,714,9.1,False,,2026-06-04 16:51:15.730216
4198,13,717,9.19,False,,2026-06-04 16:51:15.730229
4199,13,718,14.49,False,,2026-06-04 16:51:15.730242
4200,13,722,14.82,False,,2026-06-04 16:51:15.730255
4201,13,724,14.25,False,,2026-06-04 16:51:15.730267
4202,13,725,8.4,False,,2026-06-04 16:51:15.730280
4203,13,727,8.24,False,,2026-06-04 16:51:15.730293
4204,13,729,7.91,False,,2026-06-04 16:51:15.730306
4205,13,733,16.12,False,,2026-06-04 16:51:15.730319
4206,13,735,6.52,False,,2026-06-04 16:51:15.730332
4207,13,736,11.23,False,,2026-06-04 16:51:15.730345
4208,13,740,9.34,False,,2026-06-04 16:51:15.730362
4209,13,742,15.85,False,,2026-06-04 16:51:15.730375
4210,13,747,14.1,False,,2026-06-04 16:51:15.730388
4211,13,748,12.82,False,,2026-06-04 16:51:15.730401
4212,13,749,12.72,False,,2026-06-04 16:51:15.730414
4213,13,750,12.99,False,,2026-06-04 16:51:15.730427
4214,13,759,8.3,False,,2026-06-04 16:51:15.730440
4215,13,760,11.26,False,,2026-06-04 16:51:15.730454
4216,13,767,9.93,False,,2026-06-04 16:51:15.730467
4217,13,768,15.69,False,,2026-06-04 16:51:15.730480
4218,13,770,9.28,False,,2026-06-04 16:51:15.730493
4219,13,773,16.41,False,,2026-06-04 16:51:15.730506
4220,13,777,13.41,False,,2026-06-04 16:51:15.730519
4221,13,778,10.77,False,,2026-06-04 16:51:15.730532
4222,13,780,8.89,False,,2026-06-04 16:51:15.730545
4223,13,786,10.62,False,,2026-06-04 16:51:15.730558
4224,13,787,11.85,False,,2026-06-04 16:51:15.730571
4225,13,789,0.0,True,Absent,2026-06-04 16:51:15.730584
4226,13,793,5.86,False,,2026-06-04 16:51:15.730597
4227,13,795,11.36,False,,2026-06-04 16:51:15.730610
4228,13,796,12.46,False,,2026-06-04 16:51:15.730623
4229,13,800,11.02,False,,2026-06-04 16:51:15.730636
4230,13,801,16.63,False,,2026-06-04 16:51:15.730649
4231,13,802,12.78,False,,2026-06-04 16:51:15.730662
4232,13,803,8.62,False,,2026-06-04 16:51:15.730675
4233,13,807,7.89,False,,2026-06-04 16:51:15.730691
4234,13,812,14.11,False,,2026-06-04 16:51:15.730704
4235,13,814,13.82,False,,2026-06-04 16:51:15.730717
4236,13,816,11.83,False,,2026-06-04 16:51:15.730730
4237,13,817,5.92,False,,2026-06-04 16:51:15.730743
4238,13,824,10.29,False,,2026-06-04 16:51:15.730756
4239,13,826,18.46,False,,2026-06-04 16:51:15.730769
4240,13,827,9.31,False,,2026-06-04 16:51:15.730782
4241,13,829,11.97,False,,2026-06-04 16:51:15.730795
4242,13,831,8.28,False,,2026-06-04 16:51:15.730807
4243,13,833,13.27,False,,2026-06-04 16:51:15.730820
4244,13,837,9.44,False,,2026-06-04 16:51:15.730833
4245,13,840,13.44,False,,2026-06-04 16:51:15.730846
4246,13,844,16.41,False,,2026-06-04 16:51:15.730859
4247,13,847,11.58,False,,2026-06-04 16:51:15.730872
4248,13,856,12.17,False,,2026-06-04 16:51:15.730885
4249,13,861,7.77,False,,2026-06-04 16:51:15.730898
4250,13,863,7.71,False,,2026-06-04 16:51:15.730910
4251,13,864,8.56,False,,2026-06-04 16:51:15.730923
4252,13,865,12.55,False,,2026-06-04 16:51:15.730936
4253,13,869,9.01,False,,2026-06-04 16:51:15.730949
4254,13,872,14.45,False,,2026-06-04 16:51:15.730962
4255,13,876,14.03,False,,2026-06-04 16:51:15.730975
4256,13,878,13.82,False,,2026-06-04 16:51:15.730988
4257,13,880,7.98,False,,2026-06-04 16:51:15.731001
4258,13,882,12.48,False,,2026-06-04 16:51:15.731014
4259,13,883,9.59,False,,2026-06-04 16:51:15.731027
4260,13,885,9.01,False,,2026-06-04 16:51:15.731040
4261,13,886,14.12,False,,2026-06-04 16:51:15.731056
4262,13,887,14.18,False,,2026-06-04 16:51:15.731070
4263,13,888,9.37,False,,2026-06-04 16:51:15.731084
4264,13,892,0.0,True,Absent,2026-06-04 16:51:15.731096
4265,13,896,14.97,False,,2026-06-04 16:51:15.731110
4266,13,897,15.98,False,,2026-06-04 16:51:15.731123
4267,13,898,15.15,False,,2026-06-04 16:51:15.731136
4268,13,899,14.25,False,,2026-06-04 16:51:15.731149
4269,13,900,12.47,False,,2026-06-04 16:51:15.731162
4270,13,902,8.2,False,,2026-06-04 16:51:15.731175
4271,13,903,8.93,False,,2026-06-04 16:51:15.731188
4272,13,906,14.64,False,,2026-06-04 16:51:15.731201
4273,13,911,12.97,False,,2026-06-04 16:51:15.731214
4274,13,913,14.33,False,,2026-06-04 16:51:15.731227
4275,13,915,7.03,False,,2026-06-04 16:51:15.731240
4276,13,917,13.17,False,,2026-06-04 16:51:15.731252
4277,13,924,15.78,False,,2026-06-04 16:51:15.731265
4278,13,926,13.66,False,,2026-06-04 16:51:15.731279
4279,13,927,10.95,False,,2026-06-04 16:51:15.731292
4280,13,932,12.88,False,,2026-06-04 16:51:15.731305
4281,13,933,8.06,False,,2026-06-04 16:51:15.731318
4282,13,936,9.99,False,,2026-06-04 16:51:15.731331
4283,13,939,11.58,False,,2026-06-04 16:51:15.731344
4284,13,944,15.78,False,,2026-06-04 16:51:15.731357
4285,13,945,8.28,False,,2026-06-04 16:51:15.731370
4286,13,948,13.03,False,,2026-06-04 16:51:15.731382
4287,13,949,8.2,False,,2026-06-04 16:51:15.731395
4288,13,950,11.17,False,,2026-06-04 16:51:15.731408
4289,13,951,11.15,False,,2026-06-04 16:51:15.731422
4290,13,952,14.46,False,,2026-06-04 16:51:15.731435
4291,13,953,0.0,True,Absent,2026-06-04 16:51:15.731447
4292,13,955,12.38,False,,2026-06-04 16:51:15.731460
4293,13,960,11.91,False,,2026-06-04 16:51:15.731473
4294,13,965,13.43,False,,2026-06-04 16:51:15.731486
4295,13,967,6.54,False,,2026-06-04 16:51:15.731499
4296,13,974,12.56,False,,2026-06-04 16:51:15.731512
4297,13,976,8.27,False,,2026-06-04 16:51:15.731525
4298,13,978,11.42,False,,2026-06-04 16:51:15.731538
4299,13,984,16.38,False,,2026-06-04 16:51:15.731551
4300,13,985,14.48,False,,2026-06-04 16:51:15.731564
4301,13,990,0.0,True,Absent,2026-06-04 16:51:15.731576
4302,13,996,9.65,False,,2026-06-04 16:51:15.731589
4303,13,998,12.28,False,,2026-06-04 16:51:15.731602
4304,14,1,15.73,False,,2026-06-04 16:51:15.731955
4305,14,3,9.89,False,,2026-06-04 16:51:15.731971
4306,14,6,7.32,False,,2026-06-04 16:51:15.731987
4307,14,8,10.24,False,,2026-06-04 16:51:15.732001
4308,14,9,11.39,False,,2026-06-04 16:51:15.732015
4309,14,11,6.61,False,,2026-06-04 16:51:15.732028
4310,14,13,9.28,False,,2026-06-04 16:51:15.732042
4311,14,17,11.81,False,,2026-06-04 16:51:15.732059
4312,14,22,13.9,False,,2026-06-04 16:51:15.732072
4313,14,24,7.96,False,,2026-06-04 16:51:15.732085
4314,14,26,10.97,False,,2026-06-04 16:51:15.732099
4315,14,31,6.03,False,,2026-06-04 16:51:15.732112
4316,14,33,12.4,False,,2026-06-04 16:51:15.732125
4317,14,34,10.78,False,,2026-06-04 16:51:15.732138
4318,14,35,0.0,True,Absent,2026-06-04 16:51:15.732151
4319,14,36,13.43,False,,2026-06-04 16:51:15.732164
4320,14,38,12.84,False,,2026-06-04 16:51:15.732177
4321,14,42,14.31,False,,2026-06-04 16:51:15.732191
4322,14,46,8.47,False,,2026-06-04 16:51:15.732204
4323,14,52,14.04,False,,2026-06-04 16:51:15.732217
4324,14,53,16.64,False,,2026-06-04 16:51:15.732230
4325,14,54,7.14,False,,2026-06-04 16:51:15.732243
4326,14,55,15.71,False,,2026-06-04 16:51:15.732256
4327,14,60,15.4,False,,2026-06-04 16:51:15.732269
4328,14,66,10.21,False,,2026-06-04 16:51:15.732282
4329,14,67,9.83,False,,2026-06-04 16:51:15.732295
4330,14,68,13.42,False,,2026-06-04 16:51:15.732308
4331,14,69,12.31,False,,2026-06-04 16:51:15.732321
4332,14,70,9.79,False,,2026-06-04 16:51:15.732334
4333,14,77,12.35,False,,2026-06-04 16:51:15.732347
4334,14,83,9.61,False,,2026-06-04 16:51:15.732360
4335,14,89,9.01,False,,2026-06-04 16:51:15.732373
4336,14,100,0.0,True,Absent,2026-06-04 16:51:15.732385
4337,14,101,16.14,False,,2026-06-04 16:51:15.732398
4338,14,103,0.0,True,Absent,2026-06-04 16:51:15.732411
4339,14,107,11.1,False,,2026-06-04 16:51:15.732424
4340,14,113,10.78,False,,2026-06-04 16:51:15.732437
4341,14,114,14.72,False,,2026-06-04 16:51:15.732450
4342,14,116,13.25,False,,2026-06-04 16:51:15.732463
4343,14,117,15.52,False,,2026-06-04 16:51:15.732475
4344,14,118,8.3,False,,2026-06-04 16:51:15.732488
4345,14,122,6.05,False,,2026-06-04 16:51:15.732501
4346,14,124,6.98,False,,2026-06-04 16:51:15.732514
4347,14,126,12.0,False,,2026-06-04 16:51:15.732527
4348,14,127,7.5,False,,2026-06-04 16:51:15.732540
4349,14,129,10.61,False,,2026-06-04 16:51:15.732553
4350,14,130,12.97,False,,2026-06-04 16:51:15.732566
4351,14,138,17.13,False,,2026-06-04 16:51:15.732579
4352,14,141,0.0,True,Absent,2026-06-04 16:51:15.732591
4353,14,142,0.0,True,Absent,2026-06-04 16:51:15.732603
4354,14,144,10.11,False,,2026-06-04 16:51:15.732616
4355,14,145,11.57,False,,2026-06-04 16:51:15.732629
4356,14,151,18.08,False,,2026-06-04 16:51:15.732642
4357,14,154,7.33,False,,2026-06-04 16:51:15.732655
4358,14,157,14.73,False,,2026-06-04 16:51:15.732668
4359,14,160,10.73,False,,2026-06-04 16:51:15.732681
4360,14,161,12.67,False,,2026-06-04 16:51:15.732694
4361,14,162,6.68,False,,2026-06-04 16:51:15.732707
4362,14,165,7.1,False,,2026-06-04 16:51:15.732719
4363,14,167,12.15,False,,2026-06-04 16:51:15.732732
4364,14,177,0.0,True,Absent,2026-06-04 16:51:15.732745
4365,14,178,7.42,False,,2026-06-04 16:51:15.732758
4366,14,181,16.81,False,,2026-06-04 16:51:15.732771
4367,14,188,9.11,False,,2026-06-04 16:51:15.732784
4368,14,189,13.83,False,,2026-06-04 16:51:15.732797
4369,14,190,11.35,False,,2026-06-04 16:51:15.732810
4370,14,194,0.0,True,Absent,2026-06-04 16:51:15.732823
4371,14,195,13.65,False,,2026-06-04 16:51:15.732836
4372,14,197,12.42,False,,2026-06-04 16:51:15.732849
4373,14,198,8.74,False,,2026-06-04 16:51:15.732862
4374,14,202,9.63,False,,2026-06-04 16:51:15.732875
4375,14,205,0.0,True,Absent,2026-06-04 16:51:15.732887
4376,14,206,6.98,False,,2026-06-04 16:51:15.732900
4377,14,208,9.68,False,,2026-06-04 16:51:15.732913
4378,14,211,10.4,False,,2026-06-04 16:51:15.732927
4379,14,214,14.14,False,,2026-06-04 16:51:15.732940
4380,14,215,8.99,False,,2026-06-04 16:51:15.732953
4381,14,217,8.98,False,,2026-06-04 16:51:15.732967
4382,14,222,8.54,False,,2026-06-04 16:51:15.732981
4383,14,223,11.87,False,,2026-06-04 16:51:15.732995
4384,14,224,12.19,False,,2026-06-04 16:51:15.733009
4385,14,229,12.74,False,,2026-06-04 16:51:15.733022
4386,14,231,17.38,False,,2026-06-04 16:51:15.733035
4387,14,233,11.62,False,,2026-06-04 16:51:15.733048
4388,14,234,12.8,False,,2026-06-04 16:51:15.733061
4389,14,240,0.0,True,Absent,2026-06-04 16:51:15.733076
4390,14,242,14.36,False,,2026-06-04 16:51:15.733089
4391,14,245,8.16,False,,2026-06-04 16:51:15.733102
4392,14,249,10.52,False,,2026-06-04 16:51:15.733116
4393,14,252,13.71,False,,2026-06-04 16:51:15.733128
4394,14,253,12.16,False,,2026-06-04 16:51:15.733141
4395,14,255,10.99,False,,2026-06-04 16:51:15.733154
4396,14,256,9.83,False,,2026-06-04 16:51:15.733167
4397,14,259,16.23,False,,2026-06-04 16:51:15.733181
4398,14,261,14.57,False,,2026-06-04 16:51:15.733194
4399,14,262,11.74,False,,2026-06-04 16:51:15.733208
4400,14,266,12.58,False,,2026-06-04 16:51:15.733221
4401,14,268,13.95,False,,2026-06-04 16:51:15.733234
4402,14,270,13.56,False,,2026-06-04 16:51:15.733247
4403,14,274,14.39,False,,2026-06-04 16:51:15.733260
4404,14,275,9.69,False,,2026-06-04 16:51:15.733273
4405,14,276,8.37,False,,2026-06-04 16:51:15.733286
4406,14,277,10.62,False,,2026-06-04 16:51:15.733299
4407,14,279,16.37,False,,2026-06-04 16:51:15.733312
4408,14,282,17.09,False,,2026-06-04 16:51:15.733326
4409,14,283,7.34,False,,2026-06-04 16:51:15.733339
4410,14,290,10.68,False,,2026-06-04 16:51:15.733352
4411,14,292,10.08,False,,2026-06-04 16:51:15.733365
4412,14,293,0.0,True,Absent,2026-06-04 16:51:15.733377
4413,14,294,7.48,False,,2026-06-04 16:51:15.733390
4414,14,297,6.67,False,,2026-06-04 16:51:15.733403
4415,14,301,0.0,True,Absent,2026-06-04 16:51:15.733416
4416,14,303,9.5,False,,2026-06-04 16:51:15.733429
4417,14,306,11.57,False,,2026-06-04 16:51:15.733442
4418,14,308,8.65,False,,2026-06-04 16:51:15.733455
4419,14,311,8.72,False,,2026-06-04 16:51:15.733468
4420,14,317,13.66,False,,2026-06-04 16:51:15.733481
4421,14,318,0.0,True,Absent,2026-06-04 16:51:15.733493
4422,14,320,11.93,False,,2026-06-04 16:51:15.733506
4423,14,322,0.0,True,Absent,2026-06-04 16:51:15.733519
4424,14,326,7.79,False,,2026-06-04 16:51:15.733531
4425,14,328,0.0,True,Absent,2026-06-04 16:51:15.733544
4426,14,329,16.15,False,,2026-06-04 16:51:15.733557
4427,14,334,10.23,False,,2026-06-04 16:51:15.733570
4428,14,338,16.24,False,,2026-06-04 16:51:15.733583
4429,14,347,14.58,False,,2026-06-04 16:51:15.733596
4430,14,348,11.95,False,,2026-06-04 16:51:15.733608
4431,14,354,6.49,False,,2026-06-04 16:51:15.733621
4432,14,363,12.56,False,,2026-06-04 16:51:15.733634
4433,14,367,14.15,False,,2026-06-04 16:51:15.733647
4434,14,369,15.56,False,,2026-06-04 16:51:15.733660
4435,14,377,13.16,False,,2026-06-04 16:51:15.733673
4436,14,387,12.2,False,,2026-06-04 16:51:15.733686
4437,14,388,15.56,False,,2026-06-04 16:51:15.733700
4438,14,392,13.09,False,,2026-06-04 16:51:15.733713
4439,14,393,16.8,False,,2026-06-04 16:51:15.733726
4440,14,395,16.98,False,,2026-06-04 16:51:15.733749
4441,14,396,14.88,False,,2026-06-04 16:51:15.733771
4442,14,399,11.81,False,,2026-06-04 16:51:15.733787
4443,14,400,7.47,False,,2026-06-04 16:51:15.733800
4444,14,402,8.38,False,,2026-06-04 16:51:15.733814
4445,14,404,5.32,False,,2026-06-04 16:51:15.733827
4446,14,405,6.33,False,,2026-06-04 16:51:15.733840
4447,14,406,0.0,True,Absent,2026-06-04 16:51:15.733853
4448,14,408,11.66,False,,2026-06-04 16:51:15.733866
4449,14,409,15.35,False,,2026-06-04 16:51:15.733879
4450,14,411,0.0,True,Absent,2026-06-04 16:51:15.733892
4451,14,412,6.82,False,,2026-06-04 16:51:15.733907
4452,14,414,12.12,False,,2026-06-04 16:51:15.733921
4453,14,417,16.37,False,,2026-06-04 16:51:15.733934
4454,14,425,14.15,False,,2026-06-04 16:51:15.733947
4455,14,427,8.18,False,,2026-06-04 16:51:15.733961
4456,14,429,6.35,False,,2026-06-04 16:51:15.733974
4457,14,434,10.78,False,,2026-06-04 16:51:15.733987
4458,14,435,8.97,False,,2026-06-04 16:51:15.734000
4459,14,438,0.0,True,Absent,2026-06-04 16:51:15.734013
4460,14,439,11.54,False,,2026-06-04 16:51:15.734026
4461,14,440,11.54,False,,2026-06-04 16:51:15.734039
4462,14,441,11.06,False,,2026-06-04 16:51:15.734052
4463,14,442,10.37,False,,2026-06-04 16:51:15.734065
4464,14,451,12.92,False,,2026-06-04 16:51:15.734078
4465,14,452,13.09,False,,2026-06-04 16:51:15.734092
4466,14,456,13.93,False,,2026-06-04 16:51:15.734105
4467,14,460,11.66,False,,2026-06-04 16:51:15.734121
4468,14,462,10.96,False,,2026-06-04 16:51:15.734134
4469,14,463,7.73,False,,2026-06-04 16:51:15.734147
4470,14,467,14.23,False,,2026-06-04 16:51:15.734160
4471,14,470,9.67,False,,2026-06-04 16:51:15.734174
4472,14,472,12.79,False,,2026-06-04 16:51:15.734187
4473,14,473,14.75,False,,2026-06-04 16:51:15.734200
4474,14,474,12.28,False,,2026-06-04 16:51:15.734213
4475,14,475,12.33,False,,2026-06-04 16:51:15.734226
4476,14,482,15.62,False,,2026-06-04 16:51:15.734239
4477,14,485,13.12,False,,2026-06-04 16:51:15.734252
4478,14,486,13.46,False,,2026-06-04 16:51:15.734265
4479,14,488,11.52,False,,2026-06-04 16:51:15.734279
4480,14,489,18.43,False,,2026-06-04 16:51:15.734292
4481,14,491,13.44,False,,2026-06-04 16:51:15.734305
4482,14,492,13.95,False,,2026-06-04 16:51:15.734318
4483,14,493,12.48,False,,2026-06-04 16:51:15.734331
4484,14,498,15.4,False,,2026-06-04 16:51:15.734344
4485,14,501,14.2,False,,2026-06-04 16:51:15.734358
4486,14,502,10.04,False,,2026-06-04 16:51:15.734371
4487,14,503,9.92,False,,2026-06-04 16:51:15.734384
4488,14,504,12.01,False,,2026-06-04 16:51:15.734397
4489,14,505,12.84,False,,2026-06-04 16:51:15.734410
4490,14,507,16.87,False,,2026-06-04 16:51:15.734423
4491,14,511,9.0,False,,2026-06-04 16:51:15.734436
4492,14,513,10.7,False,,2026-06-04 16:51:15.734449
4493,14,515,12.7,False,,2026-06-04 16:51:15.734462
4494,14,519,8.37,False,,2026-06-04 16:51:15.734475
4495,14,520,13.73,False,,2026-06-04 16:51:15.734488
4496,14,521,9.09,False,,2026-06-04 16:51:15.734501
4497,14,524,0.0,True,Absent,2026-06-04 16:51:15.734514
4498,14,525,12.4,False,,2026-06-04 16:51:15.734526
4499,14,530,12.24,False,,2026-06-04 16:51:15.734539
4500,14,537,10.62,False,,2026-06-04 16:51:15.734553
4501,14,540,16.01,False,,2026-06-04 16:51:15.734566
4502,14,544,10.98,False,,2026-06-04 16:51:15.734579
4503,14,545,18.2,False,,2026-06-04 16:51:15.734592
4504,14,546,9.98,False,,2026-06-04 16:51:15.734605
4505,14,551,9.1,False,,2026-06-04 16:51:15.734618
4506,14,559,9.45,False,,2026-06-04 16:51:15.734631
4507,14,560,0.0,True,Absent,2026-06-04 16:51:15.734643
4508,14,562,14.07,False,,2026-06-04 16:51:15.734656
4509,14,567,9.92,False,,2026-06-04 16:51:15.734669
4510,14,572,11.62,False,,2026-06-04 16:51:15.734682
4511,14,577,18.69,False,,2026-06-04 16:51:15.734696
4512,14,581,16.84,False,,2026-06-04 16:51:15.734709
4513,14,582,11.7,False,,2026-06-04 16:51:15.734722
4514,14,583,15.39,False,,2026-06-04 16:51:15.734735
4515,14,587,13.93,False,,2026-06-04 16:51:15.734751
4516,14,588,0.0,True,Absent,2026-06-04 16:51:15.734764
4517,14,590,10.54,False,,2026-06-04 16:51:15.734778
4518,14,600,14.64,False,,2026-06-04 16:51:15.734791
4519,14,601,7.41,False,,2026-06-04 16:51:15.734804
4520,14,606,17.27,False,,2026-06-04 16:51:15.734817
4521,14,613,6.38,False,,2026-06-04 16:51:15.734830
4522,14,622,8.56,False,,2026-06-04 16:51:15.734844
4523,14,625,0.0,True,Absent,2026-06-04 16:51:15.734857
4524,14,628,12.0,False,,2026-06-04 16:51:15.734870
4525,14,629,5.75,False,,2026-06-04 16:51:15.734883
4526,14,631,13.36,False,,2026-06-04 16:51:15.734896
4527,14,637,9.87,False,,2026-06-04 16:51:15.734909
4528,14,645,13.54,False,,2026-06-04 16:51:15.734922
4529,14,650,8.54,False,,2026-06-04 16:51:15.734935
4530,14,652,11.53,False,,2026-06-04 16:51:15.734948
4531,14,654,0.0,True,Absent,2026-06-04 16:51:15.734960
4532,14,655,9.03,False,,2026-06-04 16:51:15.734974
4533,14,656,6.59,False,,2026-06-04 16:51:15.734987
4534,14,662,10.62,False,,2026-06-04 16:51:15.735000
4535,14,676,11.77,False,,2026-06-04 16:51:15.735013
4536,14,677,11.68,False,,2026-06-04 16:51:15.735026
4537,14,680,9.47,False,,2026-06-04 16:51:15.735039
4538,14,689,14.45,False,,2026-06-04 16:51:15.735052
4539,14,691,10.86,False,,2026-06-04 16:51:15.735065
4540,14,697,9.42,False,,2026-06-04 16:51:15.735078
4541,14,698,11.77,False,,2026-06-04 16:51:15.735091
4542,14,702,8.78,False,,2026-06-04 16:51:15.735104
4543,14,707,7.81,False,,2026-06-04 16:51:15.735117
4544,14,714,9.75,False,,2026-06-04 16:51:15.735131
4545,14,717,12.29,False,,2026-06-04 16:51:15.735146
4546,14,718,13.64,False,,2026-06-04 16:51:15.735159
4547,14,722,16.61,False,,2026-06-04 16:51:15.735173
4548,14,724,14.95,False,,2026-06-04 16:51:15.735189
4549,14,725,13.42,False,,2026-06-04 16:51:15.735202
4550,14,727,10.22,False,,2026-06-04 16:51:15.735215
4551,14,729,9.08,False,,2026-06-04 16:51:15.735228
4552,14,733,14.94,False,,2026-06-04 16:51:15.735241
4553,14,735,7.93,False,,2026-06-04 16:51:15.735254
4554,14,736,5.95,False,,2026-06-04 16:51:15.735267
4555,14,740,0.0,True,Absent,2026-06-04 16:51:15.735280
4556,14,742,13.0,False,,2026-06-04 16:51:15.735293
4557,14,747,14.45,False,,2026-06-04 16:51:15.735306
4558,14,748,9.78,False,,2026-06-04 16:51:15.735319
4559,14,749,11.59,False,,2026-06-04 16:51:15.735332
4560,14,750,16.19,False,,2026-06-04 16:51:15.735345
4561,14,759,7.65,False,,2026-06-04 16:51:15.735358
4562,14,760,9.44,False,,2026-06-04 16:51:15.735371
4563,14,767,8.31,False,,2026-06-04 16:51:15.735384
4564,14,768,12.91,False,,2026-06-04 16:51:15.735397
4565,14,770,13.19,False,,2026-06-04 16:51:15.735411
4566,14,773,15.0,False,,2026-06-04 16:51:15.735424
4567,14,777,15.75,False,,2026-06-04 16:51:15.735437
4568,14,778,14.34,False,,2026-06-04 16:51:15.735450
4569,14,780,12.55,False,,2026-06-04 16:51:15.735463
4570,14,786,11.04,False,,2026-06-04 16:51:15.735476
4571,14,787,9.65,False,,2026-06-04 16:51:15.735489
4572,14,789,11.53,False,,2026-06-04 16:51:15.735502
4573,14,793,6.8,False,,2026-06-04 16:51:15.735516
4574,14,795,7.59,False,,2026-06-04 16:51:15.735529
4575,14,796,16.32,False,,2026-06-04 16:51:15.735542
4576,14,800,12.42,False,,2026-06-04 16:51:15.735555
4577,14,801,14.46,False,,2026-06-04 16:51:15.735568
4578,14,802,0.0,True,Absent,2026-06-04 16:51:15.735581
4579,14,803,6.46,False,,2026-06-04 16:51:15.735594
4580,14,807,8.39,False,,2026-06-04 16:51:15.735607
4581,14,812,0.0,True,Absent,2026-06-04 16:51:15.735619
4582,14,814,15.0,False,,2026-06-04 16:51:15.735632
4583,14,816,10.7,False,,2026-06-04 16:51:15.735645
4584,14,817,7.08,False,,2026-06-04 16:51:15.735658
4585,14,824,8.28,False,,2026-06-04 16:51:15.735672
4586,14,826,14.18,False,,2026-06-04 16:51:15.735685
4587,14,827,9.23,False,,2026-06-04 16:51:15.735698
4588,14,829,13.23,False,,2026-06-04 16:51:15.735711
4589,14,831,0.0,True,Absent,2026-06-04 16:51:15.735723
4590,14,833,8.23,False,,2026-06-04 16:51:15.735736
4591,14,837,12.49,False,,2026-06-04 16:51:15.735749
4592,14,840,15.05,False,,2026-06-04 16:51:15.735762
4593,14,844,14.9,False,,2026-06-04 16:51:15.735775
4594,14,847,11.8,False,,2026-06-04 16:51:15.735788
4595,14,856,13.49,False,,2026-06-04 16:51:15.735801
4596,14,861,7.94,False,,2026-06-04 16:51:15.735814
4597,14,863,8.13,False,,2026-06-04 16:51:15.735828
4598,14,864,0.0,True,Absent,2026-06-04 16:51:15.735840
4599,14,865,11.65,False,,2026-06-04 16:51:15.735853
4600,14,869,8.67,False,,2026-06-04 16:51:15.735866
4601,14,872,12.86,False,,2026-06-04 16:51:15.735879
4602,14,876,10.78,False,,2026-06-04 16:51:15.735893
4603,14,878,12.97,False,,2026-06-04 16:51:15.735906
4604,14,880,10.37,False,,2026-06-04 16:51:15.735919
4605,14,882,12.41,False,,2026-06-04 16:51:15.735932
4606,14,883,14.74,False,,2026-06-04 16:51:15.735945
4607,14,885,11.62,False,,2026-06-04 16:51:15.735958
4608,14,886,14.42,False,,2026-06-04 16:51:15.735971
4609,14,887,14.1,False,,2026-06-04 16:51:15.735984
4610,14,888,8.27,False,,2026-06-04 16:51:15.735997
4611,14,892,11.23,False,,2026-06-04 16:51:15.736010
4612,14,896,13.4,False,,2026-06-04 16:51:15.736023
4613,14,897,15.99,False,,2026-06-04 16:51:15.736036
4614,14,898,12.1,False,,2026-06-04 16:51:15.736050
4615,14,899,0.0,True,Absent,2026-06-04 16:51:15.736063
4616,14,900,9.97,False,,2026-06-04 16:51:15.736076
4617,14,902,8.71,False,,2026-06-04 16:51:15.736090
4618,14,903,10.95,False,,2026-06-04 16:51:15.736103
4619,14,906,9.69,False,,2026-06-04 16:51:15.736116
4620,14,911,14.44,False,,2026-06-04 16:51:15.736129
4621,14,913,14.37,False,,2026-06-04 16:51:15.736142
4622,14,915,11.75,False,,2026-06-04 16:51:15.736155
4623,14,917,12.81,False,,2026-06-04 16:51:15.736171
4624,14,924,16.41,False,,2026-06-04 16:51:15.736184
4625,14,926,16.37,False,,2026-06-04 16:51:15.736197
4626,14,927,14.73,False,,2026-06-04 16:51:15.736210
4627,14,932,15.41,False,,2026-06-04 16:51:15.736223
4628,14,933,6.19,False,,2026-06-04 16:51:15.736236
4629,14,936,6.7,False,,2026-06-04 16:51:15.736249
4630,14,939,12.21,False,,2026-06-04 16:51:15.736262
4631,14,944,14.45,False,,2026-06-04 16:51:15.736276
4632,14,945,6.85,False,,2026-06-04 16:51:15.736289
4633,14,948,15.1,False,,2026-06-04 16:51:15.736302
4634,14,949,11.68,False,,2026-06-04 16:51:15.736315
4635,14,950,11.2,False,,2026-06-04 16:51:15.736328
4636,14,951,8.3,False,,2026-06-04 16:51:15.736341
4637,14,952,12.4,False,,2026-06-04 16:51:15.736354
4638,14,953,16.72,False,,2026-06-04 16:51:15.736367
4639,14,955,16.66,False,,2026-06-04 16:51:15.736380
4640,14,960,15.17,False,,2026-06-04 16:51:15.736393
4641,14,965,14.43,False,,2026-06-04 16:51:15.736406
4642,14,967,8.43,False,,2026-06-04 16:51:15.736419
4643,14,974,11.07,False,,2026-06-04 16:51:15.736432
4644,14,976,12.32,False,,2026-06-04 16:51:15.736445
4645,14,978,11.97,False,,2026-06-04 16:51:15.736459
4646,14,984,10.82,False,,2026-06-04 16:51:15.736472
4647,14,985,16.47,False,,2026-06-04 16:51:15.736485
4648,14,990,8.43,False,,2026-06-04 16:51:15.736498
4649,14,996,10.85,False,,2026-06-04 16:51:15.736511
4650,14,998,8.33,False,,2026-06-04 16:51:15.736524
4651,15,1,14.43,False,,2026-06-04 16:51:15.736886
4652,15,3,7.83,False,,2026-06-04 16:51:15.736903
4653,15,6,8.5,False,,2026-06-04 16:51:15.736918
4654,15,8,12.5,False,,2026-06-04 16:51:15.736932
4655,15,9,10.65,False,,2026-06-04 16:51:15.736945
4656,15,11,9.8,False,,2026-06-04 16:51:15.736959
4657,15,13,14.1,False,,2026-06-04 16:51:15.736972
4658,15,17,0.0,True,Absent,2026-06-04 16:51:15.736985
4659,15,22,11.98,False,,2026-06-04 16:51:15.736998
4660,15,24,0.0,True,Absent,2026-06-04 16:51:15.737011
4661,15,26,10.7,False,,2026-06-04 16:51:15.737024
4662,15,31,11.12,False,,2026-06-04 16:51:15.737037
4663,15,33,14.37,False,,2026-06-04 16:51:15.737050
4664,15,34,8.41,False,,2026-06-04 16:51:15.737063
4665,15,35,9.31,False,,2026-06-04 16:51:15.737076
4666,15,36,13.67,False,,2026-06-04 16:51:15.737090
4667,15,38,0.0,True,Absent,2026-06-04 16:51:15.737103
4668,15,42,12.36,False,,2026-06-04 16:51:15.737116
4669,15,46,11.7,False,,2026-06-04 16:51:15.737129
4670,15,52,12.52,False,,2026-06-04 16:51:15.737142
4671,15,53,15.61,False,,2026-06-04 16:51:15.737155
4672,15,54,9.74,False,,2026-06-04 16:51:15.737168
4673,15,55,15.85,False,,2026-06-04 16:51:15.737181
4674,15,60,11.34,False,,2026-06-04 16:51:15.737194
4675,15,66,7.65,False,,2026-06-04 16:51:15.737207
4676,15,67,10.64,False,,2026-06-04 16:51:15.737221
4677,15,68,15.58,False,,2026-06-04 16:51:15.737234
4678,15,69,13.17,False,,2026-06-04 16:51:15.737247
4679,15,70,12.03,False,,2026-06-04 16:51:15.737260
4680,15,77,8.37,False,,2026-06-04 16:51:15.737273
4681,15,83,6.65,False,,2026-06-04 16:51:15.737286
4682,15,89,8.19,False,,2026-06-04 16:51:15.737299
4683,15,100,13.64,False,,2026-06-04 16:51:15.737312
4684,15,101,14.66,False,,2026-06-04 16:51:15.737325
4685,15,103,10.47,False,,2026-06-04 16:51:15.737339
4686,15,107,9.6,False,,2026-06-04 16:51:15.737352
4687,15,113,14.19,False,,2026-06-04 16:51:15.737365
4688,15,114,11.87,False,,2026-06-04 16:51:15.737378
4689,15,116,16.21,False,,2026-06-04 16:51:15.737391
4690,15,117,15.22,False,,2026-06-04 16:51:15.737404
4691,15,118,9.78,False,,2026-06-04 16:51:15.737417
4692,15,122,11.71,False,,2026-06-04 16:51:15.737430
4693,15,124,11.07,False,,2026-06-04 16:51:15.737443
4694,15,126,11.37,False,,2026-06-04 16:51:15.737456
4695,15,127,11.92,False,,2026-06-04 16:51:15.737469
4696,15,129,12.61,False,,2026-06-04 16:51:15.737482
4697,15,130,8.77,False,,2026-06-04 16:51:15.737495
4698,15,138,18.55,False,,2026-06-04 16:51:15.737508
4699,15,141,14.07,False,,2026-06-04 16:51:15.737521
4700,15,142,16.81,False,,2026-06-04 16:51:15.737544
4701,15,144,9.88,False,,2026-06-04 16:51:15.737558
4702,15,145,8.71,False,,2026-06-04 16:51:15.737572
4703,15,151,17.12,False,,2026-06-04 16:51:15.737585
4704,15,154,10.11,False,,2026-06-04 16:51:15.737598
4705,15,157,13.02,False,,2026-06-04 16:51:15.737611
4706,15,160,13.21,False,,2026-06-04 16:51:15.737624
4707,15,161,10.61,False,,2026-06-04 16:51:15.737638
4708,15,162,11.31,False,,2026-06-04 16:51:15.737651
4709,15,165,11.75,False,,2026-06-04 16:51:15.737664
4710,15,167,10.37,False,,2026-06-04 16:51:15.737677
4711,15,177,11.77,False,,2026-06-04 16:51:15.737690
4712,15,178,11.93,False,,2026-06-04 16:51:15.737703
4713,15,181,14.96,False,,2026-06-04 16:51:15.737716
4714,15,188,8.04,False,,2026-06-04 16:51:15.737730
4715,15,189,13.31,False,,2026-06-04 16:51:15.737743
4716,15,190,6.07,False,,2026-06-04 16:51:15.737756
4717,15,194,13.63,False,,2026-06-04 16:51:15.737769
4718,15,195,10.27,False,,2026-06-04 16:51:15.737782
4719,15,197,14.39,False,,2026-06-04 16:51:15.737795
4720,15,198,7.51,False,,2026-06-04 16:51:15.737808
4721,15,202,9.7,False,,2026-06-04 16:51:15.737821
4722,15,205,10.57,False,,2026-06-04 16:51:15.737834
4723,15,206,11.83,False,,2026-06-04 16:51:15.737847
4724,15,208,11.27,False,,2026-06-04 16:51:15.737860
4725,15,211,9.07,False,,2026-06-04 16:51:15.737873
4726,15,214,10.64,False,,2026-06-04 16:51:15.737886
4727,15,215,11.52,False,,2026-06-04 16:51:15.737899
4728,15,217,12.75,False,,2026-06-04 16:51:15.737913
4729,15,222,11.87,False,,2026-06-04 16:51:15.737925
4730,15,223,6.24,False,,2026-06-04 16:51:15.737938
4731,15,224,0.0,True,Absent,2026-06-04 16:51:15.737951
4732,15,229,12.45,False,,2026-06-04 16:51:15.737964
4733,15,231,12.65,False,,2026-06-04 16:51:15.737977
4734,15,233,0.0,True,Absent,2026-06-04 16:51:15.737990
4735,15,234,13.2,False,,2026-06-04 16:51:15.738002
4736,15,240,14.62,False,,2026-06-04 16:51:15.738016
4737,15,242,13.46,False,,2026-06-04 16:51:15.738029
4738,15,245,7.01,False,,2026-06-04 16:51:15.738042
4739,15,249,6.21,False,,2026-06-04 16:51:15.738055
4740,15,252,11.03,False,,2026-06-04 16:51:15.738068
4741,15,253,0.0,True,Absent,2026-06-04 16:51:15.738080
4742,15,255,9.53,False,,2026-06-04 16:51:15.738093
4743,15,256,13.32,False,,2026-06-04 16:51:15.738106
4744,15,259,11.81,False,,2026-06-04 16:51:15.738120
4745,15,261,10.1,False,,2026-06-04 16:51:15.738133
4746,15,262,16.78,False,,2026-06-04 16:51:15.738146
4747,15,266,17.28,False,,2026-06-04 16:51:15.738160
4748,15,268,11.1,False,,2026-06-04 16:51:15.738173
4749,15,270,13.44,False,,2026-06-04 16:51:15.738186
4750,15,274,15.46,False,,2026-06-04 16:51:15.738199
4751,15,275,10.02,False,,2026-06-04 16:51:15.738212
4752,15,276,12.2,False,,2026-06-04 16:51:15.738225
4753,15,277,13.45,False,,2026-06-04 16:51:15.738238
4754,15,279,0.0,True,Absent,2026-06-04 16:51:15.738251
4755,15,282,14.13,False,,2026-06-04 16:51:15.738264
4756,15,283,6.14,False,,2026-06-04 16:51:15.738277
4757,15,290,12.31,False,,2026-06-04 16:51:15.738291
4758,15,292,11.91,False,,2026-06-04 16:51:15.738304
4759,15,293,8.69,False,,2026-06-04 16:51:15.738317
4760,15,294,0.0,True,Absent,2026-06-04 16:51:15.738329
4761,15,297,8.71,False,,2026-06-04 16:51:15.738343
4762,15,301,18.94,False,,2026-06-04 16:51:15.738356
4763,15,303,13.16,False,,2026-06-04 16:51:15.738369
4764,15,306,15.02,False,,2026-06-04 16:51:15.738382
4765,15,308,0.0,True,Absent,2026-06-04 16:51:15.738394
4766,15,311,7.16,False,,2026-06-04 16:51:15.738407
4767,15,317,13.76,False,,2026-06-04 16:51:15.738420
4768,15,318,15.43,False,,2026-06-04 16:51:15.738434
4769,15,320,8.3,False,,2026-06-04 16:51:15.738447
4770,15,322,9.08,False,,2026-06-04 16:51:15.738463
4771,15,326,8.98,False,,2026-06-04 16:51:15.738476
4772,15,328,8.71,False,,2026-06-04 16:51:15.738490
4773,15,329,12.65,False,,2026-06-04 16:51:15.738503
4774,15,334,12.67,False,,2026-06-04 16:51:15.738516
4775,15,338,17.07,False,,2026-06-04 16:51:15.738529
4776,15,347,14.78,False,,2026-06-04 16:51:15.738542
4777,15,348,10.56,False,,2026-06-04 16:51:15.738555
4778,15,354,6.57,False,,2026-06-04 16:51:15.738571
4779,15,363,11.4,False,,2026-06-04 16:51:15.738584
4780,15,367,17.32,False,,2026-06-04 16:51:15.738597
4781,15,369,12.95,False,,2026-06-04 16:51:15.738610
4782,15,377,11.05,False,,2026-06-04 16:51:15.738623
4783,15,387,11.59,False,,2026-06-04 16:51:15.738636
4784,15,388,13.94,False,,2026-06-04 16:51:15.738649
4785,15,392,13.62,False,,2026-06-04 16:51:15.738662
4786,15,393,16.57,False,,2026-06-04 16:51:15.738675
4787,15,395,15.72,False,,2026-06-04 16:51:15.738688
4788,15,396,13.84,False,,2026-06-04 16:51:15.738701
4789,15,399,14.5,False,,2026-06-04 16:51:15.738714
4790,15,400,10.08,False,,2026-06-04 16:51:15.738728
4791,15,402,11.7,False,,2026-06-04 16:51:15.738741
4792,15,404,9.55,False,,2026-06-04 16:51:15.738754
4793,15,405,11.8,False,,2026-06-04 16:51:15.738769
4794,15,406,6.67,False,,2026-06-04 16:51:15.738783
4795,15,408,6.96,False,,2026-06-04 16:51:15.738796
4796,15,409,0.0,True,Absent,2026-06-04 16:51:15.738810
4797,15,411,7.41,False,,2026-06-04 16:51:15.738823
4798,15,412,0.0,True,Absent,2026-06-04 16:51:15.738836
4799,15,414,14.02,False,,2026-06-04 16:51:15.738849
4800,15,417,17.9,False,,2026-06-04 16:51:15.738862
4801,15,425,0.0,True,Absent,2026-06-04 16:51:15.738875
4802,15,427,6.62,False,,2026-06-04 16:51:15.738887
4803,15,429,0.0,True,Absent,2026-06-04 16:51:15.738900
4804,15,434,10.51,False,,2026-06-04 16:51:15.738913
4805,15,435,6.71,False,,2026-06-04 16:51:15.738926
4806,15,438,16.35,False,,2026-06-04 16:51:15.738939
4807,15,439,6.57,False,,2026-06-04 16:51:15.738951
4808,15,440,11.04,False,,2026-06-04 16:51:15.738965
4809,15,441,13.39,False,,2026-06-04 16:51:15.738978
4810,15,442,11.42,False,,2026-06-04 16:51:15.738990
4811,15,451,9.86,False,,2026-06-04 16:51:15.739003
4812,15,452,17.83,False,,2026-06-04 16:51:15.739016
4813,15,456,13.21,False,,2026-06-04 16:51:15.739029
4814,15,460,15.5,False,,2026-06-04 16:51:15.739042
4815,15,462,11.61,False,,2026-06-04 16:51:15.739055
4816,15,463,7.21,False,,2026-06-04 16:51:15.739068
4817,15,467,11.74,False,,2026-06-04 16:51:15.739081
4818,15,470,8.27,False,,2026-06-04 16:51:15.739094
4819,15,472,10.17,False,,2026-06-04 16:51:15.739107
4820,15,473,12.7,False,,2026-06-04 16:51:15.739120
4821,15,474,11.44,False,,2026-06-04 16:51:15.739133
4822,15,475,10.34,False,,2026-06-04 16:51:15.739146
4823,15,482,15.4,False,,2026-06-04 16:51:15.739159
4824,15,485,10.25,False,,2026-06-04 16:51:15.739173
4825,15,486,9.69,False,,2026-06-04 16:51:15.739186
4826,15,488,11.79,False,,2026-06-04 16:51:15.739199
4827,15,489,14.43,False,,2026-06-04 16:51:15.739212
4828,15,491,8.95,False,,2026-06-04 16:51:15.739225
4829,15,492,9.62,False,,2026-06-04 16:51:15.739238
4830,15,493,12.39,False,,2026-06-04 16:51:15.739251
4831,15,498,11.74,False,,2026-06-04 16:51:15.739264
4832,15,501,12.25,False,,2026-06-04 16:51:15.739277
4833,15,502,9.38,False,,2026-06-04 16:51:15.739290
4834,15,503,10.89,False,,2026-06-04 16:51:15.739303
4835,15,504,11.0,False,,2026-06-04 16:51:15.739317
4836,15,505,13.53,False,,2026-06-04 16:51:15.739330
4837,15,507,17.78,False,,2026-06-04 16:51:15.739343
4838,15,511,9.32,False,,2026-06-04 16:51:15.739356
4839,15,513,11.46,False,,2026-06-04 16:51:15.739369
4840,15,515,10.0,False,,2026-06-04 16:51:15.739382
4841,15,519,9.38,False,,2026-06-04 16:51:15.739395
4842,15,520,16.2,False,,2026-06-04 16:51:15.739408
4843,15,521,0.0,True,Absent,2026-06-04 16:51:15.739421
4844,15,524,8.95,False,,2026-06-04 16:51:15.739434
4845,15,525,12.6,False,,2026-06-04 16:51:15.739447
4846,15,530,14.11,False,,2026-06-04 16:51:15.739460
4847,15,537,8.93,False,,2026-06-04 16:51:15.739476
4848,15,540,16.54,False,,2026-06-04 16:51:15.739489
4849,15,544,11.57,False,,2026-06-04 16:51:15.739502
4850,15,545,14.82,False,,2026-06-04 16:51:15.739515
4851,15,546,14.82,False,,2026-06-04 16:51:15.739528
4852,15,551,7.41,False,,2026-06-04 16:51:15.739541
4853,15,559,12.85,False,,2026-06-04 16:51:15.739554
4854,15,560,9.38,False,,2026-06-04 16:51:15.739567
4855,15,562,11.62,False,,2026-06-04 16:51:15.739581
4856,15,567,10.47,False,,2026-06-04 16:51:15.739596
4857,15,572,15.43,False,,2026-06-04 16:51:15.739610
4858,15,577,15.24,False,,2026-06-04 16:51:15.739623
4859,15,581,15.12,False,,2026-06-04 16:51:15.739637
4860,15,582,0.0,True,Absent,2026-06-04 16:51:15.739649
4861,15,583,17.18,False,,2026-06-04 16:51:15.739662
4862,15,587,10.16,False,,2026-06-04 16:51:15.739675
4863,15,588,17.01,False,,2026-06-04 16:51:15.739689
4864,15,590,15.06,False,,2026-06-04 16:51:15.739702
4865,15,600,13.02,False,,2026-06-04 16:51:15.739715
4866,15,601,0.0,True,Absent,2026-06-04 16:51:15.739727
4867,15,606,13.79,False,,2026-06-04 16:51:15.739740
4868,15,613,11.41,False,,2026-06-04 16:51:15.739754
4869,15,622,10.06,False,,2026-06-04 16:51:15.739767
4870,15,625,9.09,False,,2026-06-04 16:51:15.739780
4871,15,628,11.37,False,,2026-06-04 16:51:15.739793
4872,15,629,5.6,False,,2026-06-04 16:51:15.739806
4873,15,631,14.89,False,,2026-06-04 16:51:15.739819
4874,15,637,11.41,False,,2026-06-04 16:51:15.739832
4875,15,645,12.5,False,,2026-06-04 16:51:15.739845
4876,15,650,11.06,False,,2026-06-04 16:51:15.739859
4877,15,652,12.14,False,,2026-06-04 16:51:15.739872
4878,15,654,11.14,False,,2026-06-04 16:51:15.739885
4879,15,655,0.0,True,Absent,2026-06-04 16:51:15.739898
4880,15,656,12.02,False,,2026-06-04 16:51:15.739911
4881,15,662,9.98,False,,2026-06-04 16:51:15.739924
4882,15,676,0.0,True,Absent,2026-06-04 16:51:15.739936
4883,15,677,7.93,False,,2026-06-04 16:51:15.739950
4884,15,680,10.54,False,,2026-06-04 16:51:15.739963
4885,15,689,12.95,False,,2026-06-04 16:51:15.739976
4886,15,691,13.76,False,,2026-06-04 16:51:15.739991
4887,15,697,12.29,False,,2026-06-04 16:51:15.740005
4888,15,698,11.43,False,,2026-06-04 16:51:15.740021
4889,15,702,10.32,False,,2026-06-04 16:51:15.740035
4890,15,707,8.97,False,,2026-06-04 16:51:15.740048
4891,15,714,11.6,False,,2026-06-04 16:51:15.740061
4892,15,717,10.98,False,,2026-06-04 16:51:15.740074
4893,15,718,12.36,False,,2026-06-04 16:51:15.740087
4894,15,722,14.25,False,,2026-06-04 16:51:15.740099
4895,15,724,14.14,False,,2026-06-04 16:51:15.740112
4896,15,725,8.64,False,,2026-06-04 16:51:15.740125
4897,15,727,7.99,False,,2026-06-04 16:51:15.740138
4898,15,729,0.0,True,Absent,2026-06-04 16:51:15.740151
4899,15,733,14.69,False,,2026-06-04 16:51:15.740164
4900,15,735,11.8,False,,2026-06-04 16:51:15.740177
4901,15,736,5.39,False,,2026-06-04 16:51:15.740190
4902,15,740,11.43,False,,2026-06-04 16:51:15.740203
4903,15,742,12.59,False,,2026-06-04 16:51:15.740216
4904,15,747,12.07,False,,2026-06-04 16:51:15.740229
4905,15,748,8.33,False,,2026-06-04 16:51:15.740242
4906,15,749,12.36,False,,2026-06-04 16:51:15.740255
4907,15,750,16.59,False,,2026-06-04 16:51:15.740268
4908,15,759,9.06,False,,2026-06-04 16:51:15.740281
4909,15,760,11.42,False,,2026-06-04 16:51:15.740294
4910,15,767,10.48,False,,2026-06-04 16:51:15.740307
4911,15,768,11.85,False,,2026-06-04 16:51:15.740320
4912,15,770,9.27,False,,2026-06-04 16:51:15.740333
4913,15,773,12.59,False,,2026-06-04 16:51:15.740347
4914,15,777,14.23,False,,2026-06-04 16:51:15.740360
4915,15,778,13.42,False,,2026-06-04 16:51:15.740373
4916,15,780,13.27,False,,2026-06-04 16:51:15.740386
4917,15,786,6.79,False,,2026-06-04 16:51:15.740399
4918,15,787,11.39,False,,2026-06-04 16:51:15.740412
4919,15,789,9.65,False,,2026-06-04 16:51:15.740425
4920,15,793,10.28,False,,2026-06-04 16:51:15.740438
4921,15,795,7.89,False,,2026-06-04 16:51:15.740451
4922,15,796,14.39,False,,2026-06-04 16:51:15.740464
4923,15,800,15.12,False,,2026-06-04 16:51:15.740477
4924,15,801,15.26,False,,2026-06-04 16:51:15.740490
4925,15,802,10.42,False,,2026-06-04 16:51:15.740503
4926,15,803,9.86,False,,2026-06-04 16:51:15.740516
4927,15,807,6.05,False,,2026-06-04 16:51:15.740529
4928,15,812,14.66,False,,2026-06-04 16:51:15.740542
4929,15,814,15.87,False,,2026-06-04 16:51:15.740555
4930,15,816,14.46,False,,2026-06-04 16:51:15.740568
4931,15,817,11.18,False,,2026-06-04 16:51:15.740581
4932,15,824,10.46,False,,2026-06-04 16:51:15.740594
4933,15,826,17.28,False,,2026-06-04 16:51:15.740607
4934,15,827,0.0,True,Absent,2026-06-04 16:51:15.740622
4935,15,829,13.77,False,,2026-06-04 16:51:15.740635
4936,15,831,10.96,False,,2026-06-04 16:51:15.740648
4937,15,833,8.24,False,,2026-06-04 16:51:15.740661
4938,15,837,9.92,False,,2026-06-04 16:51:15.740674
4939,15,840,14.66,False,,2026-06-04 16:51:15.740687
4940,15,844,15.81,False,,2026-06-04 16:51:15.740700
4941,15,847,13.13,False,,2026-06-04 16:51:15.740714
4942,15,856,11.45,False,,2026-06-04 16:51:15.740726
4943,15,861,9.39,False,,2026-06-04 16:51:15.740739
4944,15,863,7.95,False,,2026-06-04 16:51:15.740752
4945,15,864,7.65,False,,2026-06-04 16:51:15.740765
4946,15,865,13.41,False,,2026-06-04 16:51:15.740779
4947,15,869,8.39,False,,2026-06-04 16:51:15.740792
4948,15,872,16.99,False,,2026-06-04 16:51:15.740805
4949,15,876,16.04,False,,2026-06-04 16:51:15.740818
4950,15,878,15.08,False,,2026-06-04 16:51:15.740831
4951,15,880,10.24,False,,2026-06-04 16:51:15.740844
4952,15,882,12.74,False,,2026-06-04 16:51:15.740858
4953,15,883,10.72,False,,2026-06-04 16:51:15.740871
4954,15,885,12.66,False,,2026-06-04 16:51:15.740884
4955,15,886,12.96,False,,2026-06-04 16:51:15.740897
4956,15,887,11.96,False,,2026-06-04 16:51:15.740910
4957,15,888,8.06,False,,2026-06-04 16:51:15.740923
4958,15,892,11.26,False,,2026-06-04 16:51:15.740937
4959,15,896,15.67,False,,2026-06-04 16:51:15.740950
4960,15,897,17.85,False,,2026-06-04 16:51:15.740963
4961,15,898,14.34,False,,2026-06-04 16:51:15.740976
4962,15,899,12.62,False,,2026-06-04 16:51:15.740989
4963,15,900,10.33,False,,2026-06-04 16:51:15.741002
4964,15,902,8.78,False,,2026-06-04 16:51:15.741015
4965,15,903,12.52,False,,2026-06-04 16:51:15.741028
4966,15,906,10.95,False,,2026-06-04 16:51:15.741041
4967,15,911,15.35,False,,2026-06-04 16:51:15.741054
4968,15,913,15.95,False,,2026-06-04 16:51:15.741067
4969,15,915,7.51,False,,2026-06-04 16:51:15.741081
4970,15,917,12.39,False,,2026-06-04 16:51:15.741094
4971,15,924,12.99,False,,2026-06-04 16:51:15.741106
4972,15,926,15.89,False,,2026-06-04 16:51:15.741119
4973,15,927,13.27,False,,2026-06-04 16:51:15.741132
4974,15,932,16.48,False,,2026-06-04 16:51:15.741145
4975,15,933,10.28,False,,2026-06-04 16:51:15.741158
4976,15,936,7.54,False,,2026-06-04 16:51:15.741171
4977,15,939,14.57,False,,2026-06-04 16:51:15.741184
4978,15,944,12.03,False,,2026-06-04 16:51:15.741197
4979,15,945,6.37,False,,2026-06-04 16:51:15.741210
4980,15,948,0.0,True,Absent,2026-06-04 16:51:15.741223
4981,15,949,13.86,False,,2026-06-04 16:51:15.741236
4982,15,950,8.68,False,,2026-06-04 16:51:15.741249
4983,15,951,10.95,False,,2026-06-04 16:51:15.741262
4984,15,952,15.07,False,,2026-06-04 16:51:15.741275
4985,15,953,15.41,False,,2026-06-04 16:51:15.741288
4986,15,955,14.18,False,,2026-06-04 16:51:15.741302
4987,15,960,16.52,False,,2026-06-04 16:51:15.741314
4988,15,965,15.69,False,,2026-06-04 16:51:15.741327
4989,15,967,10.05,False,,2026-06-04 16:51:15.741341
4990,15,974,13.74,False,,2026-06-04 16:51:15.741354
4991,15,976,8.25,False,,2026-06-04 16:51:15.741367
4992,15,978,12.7,False,,2026-06-04 16:51:15.741380
4993,15,984,12.89,False,,2026-06-04 16:51:15.741393
4994,15,985,14.86,False,,2026-06-04 16:51:15.741406
4995,15,990,5.99,False,,2026-06-04 16:51:15.741419
4996,15,996,0.0,True,Absent,2026-06-04 16:51:15.741432
4997,15,998,9.03,False,,2026-06-04 16:51:15.741445
4998,16,1,13.81,False,,2026-06-04 16:51:15.741802
4999,16,3,5.73,False,,2026-06-04 16:51:15.741820
5000,16,6,11.0,False,,2026-06-04 16:51:15.741836
5001,16,8,10.43,False,,2026-06-04 16:51:15.741851
5002,16,9,10.14,False,,2026-06-04 16:51:15.741864
5003,16,11,8.62,False,,2026-06-04 16:51:15.741877
5004,16,13,12.18,False,,2026-06-04 16:51:15.741890
5005,16,17,12.33,False,,2026-06-04 16:51:15.741904
5006,16,22,11.54,False,,2026-06-04 16:51:15.741917
5007,16,24,8.6,False,,2026-06-04 16:51:15.741930
5008,16,26,0.0,True,Absent,2026-06-04 16:51:15.741942
5009,16,31,9.56,False,,2026-06-04 16:51:15.741955
5010,16,33,11.71,False,,2026-06-04 16:51:15.741968
5011,16,34,0.0,True,Absent,2026-06-04 16:51:15.741981
5012,16,35,7.13,False,,2026-06-04 16:51:15.741997
5013,16,36,14.82,False,,2026-06-04 16:51:15.742010
5014,16,38,8.91,False,,2026-06-04 16:51:15.742024
5015,16,42,17.27,False,,2026-06-04 16:51:15.742037
5016,16,46,13.67,False,,2026-06-04 16:51:15.742050
5017,16,52,13.22,False,,2026-06-04 16:51:15.742063
5018,16,53,15.94,False,,2026-06-04 16:51:15.742082
5019,16,54,9.9,False,,2026-06-04 16:51:15.742097
5020,16,55,11.07,False,,2026-06-04 16:51:15.742138
5021,16,60,11.45,False,,2026-06-04 16:51:15.742157
5022,16,66,10.96,False,,2026-06-04 16:51:15.742187
5023,16,67,11.49,False,,2026-06-04 16:51:15.742204
5024,16,68,0.0,True,Absent,2026-06-04 16:51:15.742220
5025,16,69,12.66,False,,2026-06-04 16:51:15.742234
5026,16,70,13.3,False,,2026-06-04 16:51:15.742247
5027,16,77,6.9,False,,2026-06-04 16:51:15.742260
5028,16,83,6.65,False,,2026-06-04 16:51:15.742274
5029,16,89,9.58,False,,2026-06-04 16:51:15.742287
5030,16,100,0.0,True,Absent,2026-06-04 16:51:15.742299
5031,16,101,11.37,False,,2026-06-04 16:51:15.742312
5032,16,103,6.0,False,,2026-06-04 16:51:15.742325
5033,16,107,7.1,False,,2026-06-04 16:51:15.742338
5034,16,113,12.06,False,,2026-06-04 16:51:15.742351
5035,16,114,0.0,True,Absent,2026-06-04 16:51:15.742363
5036,16,116,12.03,False,,2026-06-04 16:51:15.742376
5037,16,117,15.31,False,,2026-06-04 16:51:15.742389
5038,16,118,6.26,False,,2026-06-04 16:51:15.742402
5039,16,122,6.72,False,,2026-06-04 16:51:15.742415
5040,16,124,8.49,False,,2026-06-04 16:51:15.742428
5041,16,126,10.66,False,,2026-06-04 16:51:15.742441
5042,16,127,7.14,False,,2026-06-04 16:51:15.742454
5043,16,129,13.16,False,,2026-06-04 16:51:15.742467
5044,16,130,11.4,False,,2026-06-04 16:51:15.742480
5045,16,138,14.36,False,,2026-06-04 16:51:15.742493
5046,16,141,14.01,False,,2026-06-04 16:51:15.742506
5047,16,142,15.98,False,,2026-06-04 16:51:15.742519
5048,16,144,9.92,False,,2026-06-04 16:51:15.742532
5049,16,145,11.01,False,,2026-06-04 16:51:15.742545
5050,16,151,13.5,False,,2026-06-04 16:51:15.742558
5051,16,154,8.45,False,,2026-06-04 16:51:15.742571
5052,16,157,14.83,False,,2026-06-04 16:51:15.742584
5053,16,160,15.37,False,,2026-06-04 16:51:15.742597
5054,16,161,14.86,False,,2026-06-04 16:51:15.742610
5055,16,162,6.02,False,,2026-06-04 16:51:15.742624
5056,16,165,8.74,False,,2026-06-04 16:51:15.742637
5057,16,167,11.22,False,,2026-06-04 16:51:15.742650
5058,16,177,17.12,False,,2026-06-04 16:51:15.742663
5059,16,178,8.41,False,,2026-06-04 16:51:15.742676
5060,16,181,14.79,False,,2026-06-04 16:51:15.742689
5061,16,188,7.86,False,,2026-06-04 16:51:15.742702
5062,16,189,11.65,False,,2026-06-04 16:51:15.742715
5063,16,190,0.0,True,Absent,2026-06-04 16:51:15.742728
5064,16,194,14.86,False,,2026-06-04 16:51:15.742741
5065,16,195,11.9,False,,2026-06-04 16:51:15.742754
5066,16,197,15.49,False,,2026-06-04 16:51:15.742767
5067,16,198,10.77,False,,2026-06-04 16:51:15.742780
5068,16,202,5.99,False,,2026-06-04 16:51:15.742793
5069,16,205,10.89,False,,2026-06-04 16:51:15.742806
5070,16,206,11.57,False,,2026-06-04 16:51:15.742819
5071,16,208,11.12,False,,2026-06-04 16:51:15.742832
5072,16,211,9.83,False,,2026-06-04 16:51:15.742845
5073,16,214,16.27,False,,2026-06-04 16:51:15.742858
5074,16,215,13.89,False,,2026-06-04 16:51:15.742871
5075,16,217,10.49,False,,2026-06-04 16:51:15.742884
5076,16,222,9.68,False,,2026-06-04 16:51:15.742897
5077,16,223,0.0,True,Absent,2026-06-04 16:51:15.742909
5078,16,224,14.59,False,,2026-06-04 16:51:15.742922
5079,16,229,10.3,False,,2026-06-04 16:51:15.742935
5080,16,231,0.0,True,Absent,2026-06-04 16:51:15.742947
5081,16,233,10.38,False,,2026-06-04 16:51:15.742960
5082,16,234,7.75,False,,2026-06-04 16:51:15.742973
5083,16,240,15.05,False,,2026-06-04 16:51:15.742987
5084,16,242,12.76,False,,2026-06-04 16:51:15.742999
5085,16,245,9.9,False,,2026-06-04 16:51:15.743013
5086,16,249,10.96,False,,2026-06-04 16:51:15.743026
5087,16,252,15.26,False,,2026-06-04 16:51:15.743039
5088,16,253,12.11,False,,2026-06-04 16:51:15.743052
5089,16,255,10.37,False,,2026-06-04 16:51:15.743065
5090,16,256,12.35,False,,2026-06-04 16:51:15.743081
5091,16,259,12.1,False,,2026-06-04 16:51:15.743094
5092,16,261,11.17,False,,2026-06-04 16:51:15.743108
5093,16,262,16.77,False,,2026-06-04 16:51:15.743121
5094,16,266,17.13,False,,2026-06-04 16:51:15.743134
5095,16,268,13.77,False,,2026-06-04 16:51:15.743147
5096,16,270,12.76,False,,2026-06-04 16:51:15.743160
5097,16,274,0.0,True,Absent,2026-06-04 16:51:15.743173
5098,16,275,12.05,False,,2026-06-04 16:51:15.743186
5099,16,276,11.83,False,,2026-06-04 16:51:15.743199
5100,16,277,16.03,False,,2026-06-04 16:51:15.743212
5101,16,279,17.97,False,,2026-06-04 16:51:15.743225
5102,16,282,12.48,False,,2026-06-04 16:51:15.743238
5103,16,283,10.59,False,,2026-06-04 16:51:15.743251
5104,16,290,10.28,False,,2026-06-04 16:51:15.743264
5105,16,292,13.52,False,,2026-06-04 16:51:15.743277
5106,16,293,7.7,False,,2026-06-04 16:51:15.743290
5107,16,294,9.97,False,,2026-06-04 16:51:15.743303
5108,16,297,9.49,False,,2026-06-04 16:51:15.743316
5109,16,301,13.72,False,,2026-06-04 16:51:15.743328
5110,16,303,11.07,False,,2026-06-04 16:51:15.743341
5111,16,306,9.61,False,,2026-06-04 16:51:15.743354
5112,16,308,11.32,False,,2026-06-04 16:51:15.743367
5113,16,311,7.81,False,,2026-06-04 16:51:15.743380
5114,16,317,0.0,True,Absent,2026-06-04 16:51:15.743393
5115,16,318,0.0,True,Absent,2026-06-04 16:51:15.743405
5116,16,320,8.17,False,,2026-06-04 16:51:15.743418
5117,16,322,9.87,False,,2026-06-04 16:51:15.743431
5118,16,326,8.41,False,,2026-06-04 16:51:15.743444
5119,16,328,11.0,False,,2026-06-04 16:51:15.743457
5120,16,329,12.45,False,,2026-06-04 16:51:15.743470
5121,16,334,13.37,False,,2026-06-04 16:51:15.743483
5122,16,338,16.29,False,,2026-06-04 16:51:15.743496
5123,16,347,16.44,False,,2026-06-04 16:51:15.743509
5124,16,348,9.66,False,,2026-06-04 16:51:15.743522
5125,16,354,11.65,False,,2026-06-04 16:51:15.743535
5126,16,363,13.82,False,,2026-06-04 16:51:15.743548
5127,16,367,15.56,False,,2026-06-04 16:51:15.743561
5128,16,369,15.22,False,,2026-06-04 16:51:15.743574
5129,16,377,16.46,False,,2026-06-04 16:51:15.743587
5130,16,387,15.98,False,,2026-06-04 16:51:15.743599
5131,16,388,14.43,False,,2026-06-04 16:51:15.743613
5132,16,392,13.74,False,,2026-06-04 16:51:15.743625
5133,16,393,16.62,False,,2026-06-04 16:51:15.743638
5134,16,395,13.84,False,,2026-06-04 16:51:15.743651
5135,16,396,11.5,False,,2026-06-04 16:51:15.743664
5136,16,399,12.65,False,,2026-06-04 16:51:15.743677
5137,16,400,12.39,False,,2026-06-04 16:51:15.743690
5138,16,402,10.1,False,,2026-06-04 16:51:15.743703
5139,16,404,7.43,False,,2026-06-04 16:51:15.743716
5140,16,405,6.42,False,,2026-06-04 16:51:15.743729
5141,16,406,0.0,True,Absent,2026-06-04 16:51:15.743741
5142,16,408,12.36,False,,2026-06-04 16:51:15.743754
5143,16,409,13.56,False,,2026-06-04 16:51:15.743769
5144,16,411,8.62,False,,2026-06-04 16:51:15.743782
5145,16,412,7.31,False,,2026-06-04 16:51:15.743795
5146,16,414,9.38,False,,2026-06-04 16:51:15.743809
5147,16,417,13.79,False,,2026-06-04 16:51:15.743822
5148,16,425,13.46,False,,2026-06-04 16:51:15.743835
5149,16,427,10.83,False,,2026-06-04 16:51:15.743848
5150,16,429,9.06,False,,2026-06-04 16:51:15.743862
5151,16,434,9.71,False,,2026-06-04 16:51:15.743875
5152,16,435,8.58,False,,2026-06-04 16:51:15.743888
5153,16,438,13.22,False,,2026-06-04 16:51:15.743901
5154,16,439,7.96,False,,2026-06-04 16:51:15.743914
5155,16,440,16.24,False,,2026-06-04 16:51:15.743927
5156,16,441,10.98,False,,2026-06-04 16:51:15.743941
5157,16,442,11.16,False,,2026-06-04 16:51:15.743954
5158,16,451,10.86,False,,2026-06-04 16:51:15.743968
5159,16,452,17.15,False,,2026-06-04 16:51:15.743981
5160,16,456,9.93,False,,2026-06-04 16:51:15.743994
5161,16,460,11.62,False,,2026-06-04 16:51:15.744008
5162,16,462,10.4,False,,2026-06-04 16:51:15.744021
5163,16,463,0.0,True,Absent,2026-06-04 16:51:15.744033
5164,16,467,12.5,False,,2026-06-04 16:51:15.744046
5165,16,470,9.42,False,,2026-06-04 16:51:15.744059
5166,16,472,12.94,False,,2026-06-04 16:51:15.744072
5167,16,473,14.03,False,,2026-06-04 16:51:15.744085
5168,16,474,9.86,False,,2026-06-04 16:51:15.744101
5169,16,475,13.86,False,,2026-06-04 16:51:15.744114
5170,16,482,14.51,False,,2026-06-04 16:51:15.744128
5171,16,485,14.52,False,,2026-06-04 16:51:15.744140
5172,16,486,9.59,False,,2026-06-04 16:51:15.744153
5173,16,488,11.74,False,,2026-06-04 16:51:15.744166
5174,16,489,17.31,False,,2026-06-04 16:51:15.744180
5175,16,491,0.0,True,Absent,2026-06-04 16:51:15.744192
5176,16,492,9.34,False,,2026-06-04 16:51:15.744205
5177,16,493,0.0,True,Absent,2026-06-04 16:51:15.744217
5178,16,498,13.39,False,,2026-06-04 16:51:15.744230
5179,16,501,14.67,False,,2026-06-04 16:51:15.744243
5180,16,502,12.29,False,,2026-06-04 16:51:15.744256
5181,16,503,8.63,False,,2026-06-04 16:51:15.744269
5182,16,504,13.48,False,,2026-06-04 16:51:15.744283
5183,16,505,9.56,False,,2026-06-04 16:51:15.744296
5184,16,507,17.1,False,,2026-06-04 16:51:15.744309
5185,16,511,10.02,False,,2026-06-04 16:51:15.744322
5186,16,513,7.59,False,,2026-06-04 16:51:15.744335
5187,16,515,9.83,False,,2026-06-04 16:51:15.744348
5188,16,519,11.91,False,,2026-06-04 16:51:15.744361
5189,16,520,12.35,False,,2026-06-04 16:51:15.744374
5190,16,521,12.2,False,,2026-06-04 16:51:15.744387
5191,16,524,11.5,False,,2026-06-04 16:51:15.744400
5192,16,525,15.1,False,,2026-06-04 16:51:15.744413
5193,16,530,0.0,True,Absent,2026-06-04 16:51:15.744425
5194,16,537,7.78,False,,2026-06-04 16:51:15.744438
5195,16,540,13.97,False,,2026-06-04 16:51:15.744451
5196,16,544,11.94,False,,2026-06-04 16:51:15.744464
5197,16,545,0.0,True,Absent,2026-06-04 16:51:15.744476
5198,16,546,0.0,True,Absent,2026-06-04 16:51:15.744489
5199,16,551,7.34,False,,2026-06-04 16:51:15.744501
5200,16,559,13.92,False,,2026-06-04 16:51:15.744514
5201,16,560,6.76,False,,2026-06-04 16:51:15.744527
5202,16,562,15.35,False,,2026-06-04 16:51:15.744541
5203,16,567,9.04,False,,2026-06-04 16:51:15.744554
5204,16,572,15.62,False,,2026-06-04 16:51:15.744567
5205,16,577,15.63,False,,2026-06-04 16:51:15.744579
5206,16,581,13.47,False,,2026-06-04 16:51:15.744593
5207,16,582,12.97,False,,2026-06-04 16:51:15.744606
5208,16,583,12.16,False,,2026-06-04 16:51:15.744619
5209,16,587,0.0,True,Absent,2026-06-04 16:51:15.744631
5210,16,588,12.02,False,,2026-06-04 16:51:15.744644
5211,16,590,12.63,False,,2026-06-04 16:51:15.744657
5212,16,600,13.26,False,,2026-06-04 16:51:15.744670
5213,16,601,11.26,False,,2026-06-04 16:51:15.744683
5214,16,606,12.35,False,,2026-06-04 16:51:15.744696
5215,16,613,6.94,False,,2026-06-04 16:51:15.744709
5216,16,622,9.65,False,,2026-06-04 16:51:15.744721
5217,16,625,8.13,False,,2026-06-04 16:51:15.744734
5218,16,628,12.09,False,,2026-06-04 16:51:15.744747
5219,16,629,9.98,False,,2026-06-04 16:51:15.744761
5220,16,631,14.04,False,,2026-06-04 16:51:15.744774
5221,16,637,0.0,True,Absent,2026-06-04 16:51:15.744786
5222,16,645,12.76,False,,2026-06-04 16:51:15.744799
5223,16,650,0.0,True,Absent,2026-06-04 16:51:15.744811
5224,16,652,15.31,False,,2026-06-04 16:51:15.744824
5225,16,654,0.0,True,Absent,2026-06-04 16:51:15.744836
5226,16,655,10.18,False,,2026-06-04 16:51:15.744849
5227,16,656,7.43,False,,2026-06-04 16:51:15.744862
5228,16,662,7.12,False,,2026-06-04 16:51:15.744878
5229,16,676,11.01,False,,2026-06-04 16:51:15.744891
5230,16,677,8.61,False,,2026-06-04 16:51:15.744904
5231,16,680,10.49,False,,2026-06-04 16:51:15.744917
5232,16,689,13.78,False,,2026-06-04 16:51:15.744930
5233,16,691,11.69,False,,2026-06-04 16:51:15.744943
5234,16,697,7.58,False,,2026-06-04 16:51:15.744956
5235,16,698,13.62,False,,2026-06-04 16:51:15.744969
5236,16,702,8.84,False,,2026-06-04 16:51:15.744982
5237,16,707,11.17,False,,2026-06-04 16:51:15.744994
5238,16,714,12.9,False,,2026-06-04 16:51:15.745007
5239,16,717,10.06,False,,2026-06-04 16:51:15.745020
5240,16,718,17.59,False,,2026-06-04 16:51:15.745033
5241,16,722,15.06,False,,2026-06-04 16:51:15.745046
5242,16,724,14.48,False,,2026-06-04 16:51:15.745059
5243,16,725,11.98,False,,2026-06-04 16:51:15.745072
5244,16,727,8.41,False,,2026-06-04 16:51:15.745085
5245,16,729,7.38,False,,2026-06-04 16:51:15.745100
5246,16,733,18.76,False,,2026-06-04 16:51:15.745115
5247,16,735,0.0,True,Absent,2026-06-04 16:51:15.745127
5248,16,736,7.8,False,,2026-06-04 16:51:15.745140
5249,16,740,11.98,False,,2026-06-04 16:51:15.745153
5250,16,742,14.34,False,,2026-06-04 16:51:15.745166
5251,16,747,10.13,False,,2026-06-04 16:51:15.745180
5252,16,748,11.96,False,,2026-06-04 16:51:15.745193
5253,16,749,9.88,False,,2026-06-04 16:51:15.745206
5254,16,750,16.28,False,,2026-06-04 16:51:15.745219
5255,16,759,11.89,False,,2026-06-04 16:51:15.745233
5256,16,760,10.2,False,,2026-06-04 16:51:15.745246
5257,16,767,0.0,True,Absent,2026-06-04 16:51:15.745258
5258,16,768,12.05,False,,2026-06-04 16:51:15.745271
5259,16,770,11.58,False,,2026-06-04 16:51:15.745285
5260,16,773,15.2,False,,2026-06-04 16:51:15.745298
5261,16,777,14.71,False,,2026-06-04 16:51:15.745310
5262,16,778,12.82,False,,2026-06-04 16:51:15.745323
5263,16,780,10.37,False,,2026-06-04 16:51:15.745336
5264,16,786,10.62,False,,2026-06-04 16:51:15.745349
5265,16,787,12.51,False,,2026-06-04 16:51:15.745362
5266,16,789,0.0,True,Absent,2026-06-04 16:51:15.745374
5267,16,793,10.26,False,,2026-06-04 16:51:15.745387
5268,16,795,7.05,False,,2026-06-04 16:51:15.745400
5269,16,796,15.96,False,,2026-06-04 16:51:15.745413
5270,16,800,14.38,False,,2026-06-04 16:51:15.745426
5271,16,801,18.26,False,,2026-06-04 16:51:15.745439
5272,16,802,14.21,False,,2026-06-04 16:51:15.745451
5273,16,803,9.13,False,,2026-06-04 16:51:15.745464
5274,16,807,6.24,False,,2026-06-04 16:51:15.745477
5275,16,812,13.78,False,,2026-06-04 16:51:15.745490
5276,16,814,16.11,False,,2026-06-04 16:51:15.745503
5277,16,816,13.84,False,,2026-06-04 16:51:15.745516
5278,16,817,6.64,False,,2026-06-04 16:51:15.745529
5279,16,824,6.8,False,,2026-06-04 16:51:15.745545
5280,16,826,0.0,True,Absent,2026-06-04 16:51:15.745558
5281,16,827,9.28,False,,2026-06-04 16:51:15.745571
5282,16,829,13.92,False,,2026-06-04 16:51:15.745584
5283,16,831,9.51,False,,2026-06-04 16:51:15.745597
5284,16,833,8.41,False,,2026-06-04 16:51:15.745610
5285,16,837,0.0,True,Absent,2026-06-04 16:51:15.745623
5286,16,840,16.36,False,,2026-06-04 16:51:15.745636
5287,16,844,15.24,False,,2026-06-04 16:51:15.745649
5288,16,847,12.96,False,,2026-06-04 16:51:15.745662
5289,16,856,14.44,False,,2026-06-04 16:51:15.745675
5290,16,861,9.03,False,,2026-06-04 16:51:15.745688
5291,16,863,10.35,False,,2026-06-04 16:51:15.745701
5292,16,864,5.52,False,,2026-06-04 16:51:15.745713
5293,16,865,14.48,False,,2026-06-04 16:51:15.745726
5294,16,869,10.79,False,,2026-06-04 16:51:15.745739
5295,16,872,0.0,True,Absent,2026-06-04 16:51:15.745751
5296,16,876,10.94,False,,2026-06-04 16:51:15.745764
5297,16,878,16.21,False,,2026-06-04 16:51:15.745777
5298,16,880,7.33,False,,2026-06-04 16:51:15.745789
5299,16,882,14.22,False,,2026-06-04 16:51:15.745802
5300,16,883,10.62,False,,2026-06-04 16:51:15.745815
5301,16,885,0.0,True,Absent,2026-06-04 16:51:15.745827
5302,16,886,15.34,False,,2026-06-04 16:51:15.745841
5303,16,887,14.23,False,,2026-06-04 16:51:15.745854
5304,16,888,6.97,False,,2026-06-04 16:51:15.745867
5305,16,892,0.0,True,Absent,2026-06-04 16:51:15.745880
5306,16,896,12.87,False,,2026-06-04 16:51:15.745894
5307,16,897,12.95,False,,2026-06-04 16:51:15.745907
5308,16,898,11.39,False,,2026-06-04 16:51:15.745920
5309,16,899,11.62,False,,2026-06-04 16:51:15.745933
5310,16,900,7.77,False,,2026-06-04 16:51:15.745946
5311,16,902,11.23,False,,2026-06-04 16:51:15.745959
5312,16,903,12.06,False,,2026-06-04 16:51:15.745973
5313,16,906,10.55,False,,2026-06-04 16:51:15.745986
5314,16,911,0.0,True,Absent,2026-06-04 16:51:15.745998
5315,16,913,16.36,False,,2026-06-04 16:51:15.746011
5316,16,915,8.09,False,,2026-06-04 16:51:15.746024
5317,16,917,9.32,False,,2026-06-04 16:51:15.746037
5318,16,924,13.34,False,,2026-06-04 16:51:15.746050
5319,16,926,13.37,False,,2026-06-04 16:51:15.746063
5320,16,927,14.3,False,,2026-06-04 16:51:15.746076
5321,16,932,16.81,False,,2026-06-04 16:51:15.746089
5322,16,933,11.97,False,,2026-06-04 16:51:15.746102
5323,16,936,8.88,False,,2026-06-04 16:51:15.746115
5324,16,939,14.69,False,,2026-06-04 16:51:15.746130
5325,16,944,14.03,False,,2026-06-04 16:51:15.746143
5326,16,945,9.01,False,,2026-06-04 16:51:15.746156
5327,16,948,10.82,False,,2026-06-04 16:51:15.746169
5328,16,949,12.91,False,,2026-06-04 16:51:15.746182
5329,16,950,10.94,False,,2026-06-04 16:51:15.746195
5330,16,951,9.79,False,,2026-06-04 16:51:15.746208
5331,16,952,11.25,False,,2026-06-04 16:51:15.746221
5332,16,953,14.48,False,,2026-06-04 16:51:15.746234
5333,16,955,12.54,False,,2026-06-04 16:51:15.746247
5334,16,960,0.0,True,Absent,2026-06-04 16:51:15.746260
5335,16,965,0.0,True,Absent,2026-06-04 16:51:15.746272
5336,16,967,9.6,False,,2026-06-04 16:51:15.746285
5337,16,974,15.23,False,,2026-06-04 16:51:15.746298
5338,16,976,11.26,False,,2026-06-04 16:51:15.746311
5339,16,978,11.66,False,,2026-06-04 16:51:15.746324
5340,16,984,15.47,False,,2026-06-04 16:51:15.746337
5341,16,985,14.49,False,,2026-06-04 16:51:15.746350
5342,16,990,7.28,False,,2026-06-04 16:51:15.746363
5343,16,996,9.97,False,,2026-06-04 16:51:15.746377
5344,16,998,6.67,False,,2026-06-04 16:51:15.746390
5345,17,4,10.08,False,,2026-06-04 16:51:15.746742
5346,17,7,16.9,False,,2026-06-04 16:51:15.746760
5347,17,10,16.52,False,,2026-06-04 16:51:15.746776
5348,17,12,7.93,False,,2026-06-04 16:51:15.746790
5349,17,14,11.12,False,,2026-06-04 16:51:15.746804
5350,17,18,13.14,False,,2026-06-04 16:51:15.746817
5351,17,23,15.43,False,,2026-06-04 16:51:15.746831
5352,17,25,7.55,False,,2026-06-04 16:51:15.746844
5353,17,27,9.47,False,,2026-06-04 16:51:15.746857
5354,17,28,13.58,False,,2026-06-04 16:51:15.746870
5355,17,29,16.92,False,,2026-06-04 16:51:15.746883
5356,17,32,9.25,False,,2026-06-04 16:51:15.746897
5357,17,39,14.7,False,,2026-06-04 16:51:15.746910
5358,17,41,0.0,True,Absent,2026-06-04 16:51:15.746923
5359,17,43,12.99,False,,2026-06-04 16:51:15.746936
5360,17,45,7.95,False,,2026-06-04 16:51:15.746949
5361,17,48,12.56,False,,2026-06-04 16:51:15.746965
5362,17,56,11.11,False,,2026-06-04 16:51:15.746978
5363,17,61,12.5,False,,2026-06-04 16:51:15.746992
5364,17,63,11.19,False,,2026-06-04 16:51:15.747005
5365,17,65,17.75,False,,2026-06-04 16:51:15.747018
5366,17,73,12.95,False,,2026-06-04 16:51:15.747031
5367,17,74,10.39,False,,2026-06-04 16:51:15.747044
5368,17,75,13.21,False,,2026-06-04 16:51:15.747057
5369,17,76,15.84,False,,2026-06-04 16:51:15.747070
5370,17,90,16.57,False,,2026-06-04 16:51:15.747084
5371,17,91,10.54,False,,2026-06-04 16:51:15.747097
5372,17,93,16.17,False,,2026-06-04 16:51:15.747111
5373,17,98,0.0,True,Absent,2026-06-04 16:51:15.747124
5374,17,99,15.49,False,,2026-06-04 16:51:15.747138
5375,17,102,15.68,False,,2026-06-04 16:51:15.747152
5376,17,104,14.95,False,,2026-06-04 16:51:15.747165
5377,17,106,11.68,False,,2026-06-04 16:51:15.747178
5378,17,109,7.07,False,,2026-06-04 16:51:15.747190
5379,17,111,12.43,False,,2026-06-04 16:51:15.747206
5380,17,112,9.63,False,,2026-06-04 16:51:15.747220
5381,17,115,8.16,False,,2026-06-04 16:51:15.747233
5382,17,119,9.26,False,,2026-06-04 16:51:15.747248
5383,17,120,13.43,False,,2026-06-04 16:51:15.747261
5384,17,128,13.05,False,,2026-06-04 16:51:15.747274
5385,17,133,8.22,False,,2026-06-04 16:51:15.747290
5386,17,134,13.2,False,,2026-06-04 16:51:15.747303
5387,17,136,11.12,False,,2026-06-04 16:51:15.747316
5388,17,139,15.35,False,,2026-06-04 16:51:15.747329
5389,17,147,14.95,False,,2026-06-04 16:51:15.747343
5390,17,148,9.59,False,,2026-06-04 16:51:15.747356
5391,17,149,13.88,False,,2026-06-04 16:51:15.747369
5392,17,150,13.22,False,,2026-06-04 16:51:15.747382
5393,17,152,17.77,False,,2026-06-04 16:51:15.747394
5394,17,155,0.0,True,Absent,2026-06-04 16:51:15.747407
5395,17,159,0.0,True,Absent,2026-06-04 16:51:15.747419
5396,17,163,9.81,False,,2026-06-04 16:51:15.747432
5397,17,164,15.86,False,,2026-06-04 16:51:15.747445
5398,17,170,7.3,False,,2026-06-04 16:51:15.747458
5399,17,171,8.51,False,,2026-06-04 16:51:15.747471
5400,17,172,13.49,False,,2026-06-04 16:51:15.747483
5401,17,174,18.09,False,,2026-06-04 16:51:15.747496
5402,17,175,14.13,False,,2026-06-04 16:51:15.747509
5403,17,180,11.36,False,,2026-06-04 16:51:15.747525
5404,17,187,0.0,True,Absent,2026-06-04 16:51:15.747537
5405,17,192,10.84,False,,2026-06-04 16:51:15.747550
5406,17,193,0.0,True,Absent,2026-06-04 16:51:15.747563
5407,17,200,12.45,False,,2026-06-04 16:51:15.747576
5408,17,207,13.29,False,,2026-06-04 16:51:15.747588
5409,17,209,12.71,False,,2026-06-04 16:51:15.747601
5410,17,210,12.25,False,,2026-06-04 16:51:15.747614
5411,17,218,0.0,True,Absent,2026-06-04 16:51:15.747626
5412,17,225,12.79,False,,2026-06-04 16:51:15.747639
5413,17,226,15.56,False,,2026-06-04 16:51:15.747652
5414,17,230,0.0,True,Absent,2026-06-04 16:51:15.747664
5415,17,237,14.3,False,,2026-06-04 16:51:15.747680
5416,17,238,14.66,False,,2026-06-04 16:51:15.747693
5417,17,239,8.54,False,,2026-06-04 16:51:15.747706
5418,17,241,11.21,False,,2026-06-04 16:51:15.747721
5419,17,246,12.66,False,,2026-06-04 16:51:15.747734
5420,17,247,13.55,False,,2026-06-04 16:51:15.747747
5421,17,257,11.92,False,,2026-06-04 16:51:15.747760
5422,17,263,10.17,False,,2026-06-04 16:51:15.747774
5423,17,265,9.18,False,,2026-06-04 16:51:15.747788
5424,17,267,9.7,False,,2026-06-04 16:51:15.747801
5425,17,273,12.7,False,,2026-06-04 16:51:15.747816
5426,17,278,11.07,False,,2026-06-04 16:51:15.747830
5427,17,280,10.39,False,,2026-06-04 16:51:15.747843
5428,17,285,15.38,False,,2026-06-04 16:51:15.747856
5429,17,287,13.33,False,,2026-06-04 16:51:15.747869
5430,17,304,9.44,False,,2026-06-04 16:51:15.747882
5431,17,305,0.0,True,Absent,2026-06-04 16:51:15.747894
5432,17,307,14.84,False,,2026-06-04 16:51:15.747907
5433,17,309,7.7,False,,2026-06-04 16:51:15.747920
5434,17,312,18.88,False,,2026-06-04 16:51:15.747933
5435,17,314,15.28,False,,2026-06-04 16:51:15.747946
5436,17,316,7.75,False,,2026-06-04 16:51:15.747958
5437,17,321,12.53,False,,2026-06-04 16:51:15.747971
5438,17,323,8.78,False,,2026-06-04 16:51:15.747984
5439,17,324,8.84,False,,2026-06-04 16:51:15.747997
5440,17,330,15.04,False,,2026-06-04 16:51:15.748010
5441,17,331,7.96,False,,2026-06-04 16:51:15.748022
5442,17,335,8.88,False,,2026-06-04 16:51:15.748035
5443,17,337,13.83,False,,2026-06-04 16:51:15.748048
5444,17,341,14.53,False,,2026-06-04 16:51:15.748061
5445,17,344,7.49,False,,2026-06-04 16:51:15.748074
5446,17,345,0.0,True,Absent,2026-06-04 16:51:15.748087
5447,17,349,10.86,False,,2026-06-04 16:51:15.748100
5448,17,352,14.11,False,,2026-06-04 16:51:15.748113
5449,17,353,11.49,False,,2026-06-04 16:51:15.748126
5450,17,355,0.0,True,Absent,2026-06-04 16:51:15.748138
5451,17,356,6.24,False,,2026-06-04 16:51:15.748151
5452,17,358,10.84,False,,2026-06-04 16:51:15.748164
5453,17,360,11.88,False,,2026-06-04 16:51:15.748176
5454,17,362,11.51,False,,2026-06-04 16:51:15.748191
5455,17,364,15.43,False,,2026-06-04 16:51:15.748204
5456,17,366,11.29,False,,2026-06-04 16:51:15.748217
5457,17,370,12.57,False,,2026-06-04 16:51:15.748230
5458,17,375,12.99,False,,2026-06-04 16:51:15.748246
5459,17,376,8.29,False,,2026-06-04 16:51:15.748259
5460,17,378,16.29,False,,2026-06-04 16:51:15.748274
5461,17,379,13.17,False,,2026-06-04 16:51:15.748287
5462,17,380,11.3,False,,2026-06-04 16:51:15.748300
5463,17,397,8.23,False,,2026-06-04 16:51:15.748313
5464,17,401,13.31,False,,2026-06-04 16:51:15.748326
5465,17,407,12.7,False,,2026-06-04 16:51:15.748339
5466,17,410,9.87,False,,2026-06-04 16:51:15.748352
5467,17,419,15.48,False,,2026-06-04 16:51:15.748365
5468,17,421,7.88,False,,2026-06-04 16:51:15.748378
5469,17,426,10.58,False,,2026-06-04 16:51:15.748394
5470,17,430,7.09,False,,2026-06-04 16:51:15.748406
5471,17,432,9.94,False,,2026-06-04 16:51:15.748422
5472,17,436,11.64,False,,2026-06-04 16:51:15.748435
5473,17,437,10.9,False,,2026-06-04 16:51:15.748448
5474,17,444,12.78,False,,2026-06-04 16:51:15.748463
5475,17,445,14.45,False,,2026-06-04 16:51:15.748476
5476,17,446,8.13,False,,2026-06-04 16:51:15.748489
5477,17,447,13.36,False,,2026-06-04 16:51:15.748501
5478,17,450,8.47,False,,2026-06-04 16:51:15.748514
5479,17,454,8.15,False,,2026-06-04 16:51:15.748527
5480,17,455,14.37,False,,2026-06-04 16:51:15.748540
5481,17,464,8.24,False,,2026-06-04 16:51:15.748556
5482,17,465,11.1,False,,2026-06-04 16:51:15.748569
5483,17,466,12.23,False,,2026-06-04 16:51:15.748582
5484,17,468,12.89,False,,2026-06-04 16:51:15.748595
5485,17,469,7.95,False,,2026-06-04 16:51:15.748607
5486,17,476,10.6,False,,2026-06-04 16:51:15.748620
5487,17,477,14.3,False,,2026-06-04 16:51:15.748633
5488,17,478,9.02,False,,2026-06-04 16:51:15.748646
5489,17,480,15.86,False,,2026-06-04 16:51:15.748659
5490,17,483,14.28,False,,2026-06-04 16:51:15.748672
5491,17,496,16.62,False,,2026-06-04 16:51:15.748685
5492,17,499,7.93,False,,2026-06-04 16:51:15.748698
5493,17,500,13.86,False,,2026-06-04 16:51:15.748711
5494,17,510,13.82,False,,2026-06-04 16:51:15.748726
5495,17,517,12.23,False,,2026-06-04 16:51:15.748739
5496,17,518,16.95,False,,2026-06-04 16:51:15.748752
5497,17,522,12.94,False,,2026-06-04 16:51:15.748765
5498,17,527,13.35,False,,2026-06-04 16:51:15.748778
5499,17,528,13.02,False,,2026-06-04 16:51:15.748791
5500,17,531,11.6,False,,2026-06-04 16:51:15.748806
5501,17,532,16.5,False,,2026-06-04 16:51:15.748819
5502,17,533,14.45,False,,2026-06-04 16:51:15.748832
5503,17,534,11.61,False,,2026-06-04 16:51:15.748845
5504,17,535,0.0,True,Absent,2026-06-04 16:51:15.748858
5505,17,538,12.52,False,,2026-06-04 16:51:15.748871
5506,17,543,10.89,False,,2026-06-04 16:51:15.748884
5507,17,549,14.02,False,,2026-06-04 16:51:15.748899
5508,17,550,13.14,False,,2026-06-04 16:51:15.748912
5509,17,556,7.6,False,,2026-06-04 16:51:15.748925
5510,17,557,14.9,False,,2026-06-04 16:51:15.748939
5511,17,561,13.64,False,,2026-06-04 16:51:15.748952
5512,17,563,8.55,False,,2026-06-04 16:51:15.748965
5513,17,564,12.69,False,,2026-06-04 16:51:15.748978
5514,17,565,9.59,False,,2026-06-04 16:51:15.748991
5515,17,566,12.31,False,,2026-06-04 16:51:15.749004
5516,17,568,10.2,False,,2026-06-04 16:51:15.749017
5517,17,570,9.39,False,,2026-06-04 16:51:15.749030
5518,17,573,12.68,False,,2026-06-04 16:51:15.749043
5519,17,574,13.06,False,,2026-06-04 16:51:15.749056
5520,17,575,15.55,False,,2026-06-04 16:51:15.749069
5521,17,578,6.27,False,,2026-06-04 16:51:15.749082
5522,17,589,7.42,False,,2026-06-04 16:51:15.749095
5523,17,591,15.07,False,,2026-06-04 16:51:15.749108
5524,17,594,11.85,False,,2026-06-04 16:51:15.749123
5525,17,596,9.79,False,,2026-06-04 16:51:15.749136
5526,17,597,0.0,True,Absent,2026-06-04 16:51:15.749148
5527,17,598,15.75,False,,2026-06-04 16:51:15.749161
5528,17,602,16.57,False,,2026-06-04 16:51:15.749174
5529,17,607,13.05,False,,2026-06-04 16:51:15.749186
5530,17,609,13.53,False,,2026-06-04 16:51:15.749199
5531,17,610,16.3,False,,2026-06-04 16:51:15.749212
5532,17,612,9.56,False,,2026-06-04 16:51:15.749225
5533,17,614,7.36,False,,2026-06-04 16:51:15.749241
5534,17,615,11.05,False,,2026-06-04 16:51:15.749255
5535,17,616,0.0,True,Absent,2026-06-04 16:51:15.749270
5536,17,617,13.07,False,,2026-06-04 16:51:15.749283
5537,17,618,10.05,False,,2026-06-04 16:51:15.749296
5538,17,621,0.0,True,Absent,2026-06-04 16:51:15.749311
5539,17,626,11.84,False,,2026-06-04 16:51:15.749324
5540,17,627,0.0,True,Absent,2026-06-04 16:51:15.749336
5541,17,630,13.04,False,,2026-06-04 16:51:15.749349
5542,17,632,14.9,False,,2026-06-04 16:51:15.749364
5543,17,633,6.98,False,,2026-06-04 16:51:15.749381
5544,17,634,10.57,False,,2026-06-04 16:51:15.749394
5545,17,635,16.89,False,,2026-06-04 16:51:15.749407
5546,17,639,0.0,True,Absent,2026-06-04 16:51:15.749422
5547,17,640,9.82,False,,2026-06-04 16:51:15.749434
5548,17,642,9.28,False,,2026-06-04 16:51:15.749448
5549,17,651,7.54,False,,2026-06-04 16:51:15.749460
5550,17,658,8.18,False,,2026-06-04 16:51:15.749473
5551,17,659,0.0,True,Absent,2026-06-04 16:51:15.749486
5552,17,661,13.52,False,,2026-06-04 16:51:15.749498
5553,17,664,12.41,False,,2026-06-04 16:51:15.749511
5554,17,665,15.04,False,,2026-06-04 16:51:15.749527
5555,17,668,11.13,False,,2026-06-04 16:51:15.749543
5556,17,670,14.22,False,,2026-06-04 16:51:15.749556
5557,17,671,12.45,False,,2026-06-04 16:51:15.749569
5558,17,673,11.92,False,,2026-06-04 16:51:15.749581
5559,17,679,12.79,False,,2026-06-04 16:51:15.749597
5560,17,681,10.6,False,,2026-06-04 16:51:15.749610
5561,17,682,9.46,False,,2026-06-04 16:51:15.749623
5562,17,683,12.18,False,,2026-06-04 16:51:15.749636
5563,17,685,15.56,False,,2026-06-04 16:51:15.749649
5564,17,686,13.4,False,,2026-06-04 16:51:15.749662
5565,17,688,12.04,False,,2026-06-04 16:51:15.749675
5566,17,690,11.55,False,,2026-06-04 16:51:15.749691
5567,17,695,10.99,False,,2026-06-04 16:51:15.749707
5568,17,699,6.08,False,,2026-06-04 16:51:15.749723
5569,17,700,14.82,False,,2026-06-04 16:51:15.749736
5570,17,703,14.49,False,,2026-06-04 16:51:15.749749
5571,17,704,17.3,False,,2026-06-04 16:51:15.749762
5572,17,705,17.62,False,,2026-06-04 16:51:15.749775
5573,17,706,13.35,False,,2026-06-04 16:51:15.749787
5574,17,708,16.24,False,,2026-06-04 16:51:15.749800
5575,17,709,7.5,False,,2026-06-04 16:51:15.749813
5576,17,711,9.72,False,,2026-06-04 16:51:15.749826
5577,17,713,7.64,False,,2026-06-04 16:51:15.749839
5578,17,716,11.09,False,,2026-06-04 16:51:15.749852
5579,17,719,8.79,False,,2026-06-04 16:51:15.749864
5580,17,721,13.3,False,,2026-06-04 16:51:15.749877
5581,17,726,0.0,True,Absent,2026-06-04 16:51:15.749890
5582,17,728,11.96,False,,2026-06-04 16:51:15.749902
5583,17,730,13.14,False,,2026-06-04 16:51:15.749915
5584,17,731,5.18,False,,2026-06-04 16:51:15.749928
5585,17,737,10.39,False,,2026-06-04 16:51:15.749941
5586,17,738,7.64,False,,2026-06-04 16:51:15.749954
5587,17,739,16.27,False,,2026-06-04 16:51:15.749966
5588,17,741,10.98,False,,2026-06-04 16:51:15.749979
5589,17,745,14.26,False,,2026-06-04 16:51:15.749992
5590,17,751,8.65,False,,2026-06-04 16:51:15.750005
5591,17,752,0.0,True,Absent,2026-06-04 16:51:15.750017
5592,17,753,17.25,False,,2026-06-04 16:51:15.750030
5593,17,754,9.67,False,,2026-06-04 16:51:15.750043
5594,17,756,9.79,False,,2026-06-04 16:51:15.750056
5595,17,758,10.33,False,,2026-06-04 16:51:15.750069
5596,17,761,8.41,False,,2026-06-04 16:51:15.750084
5597,17,764,11.85,False,,2026-06-04 16:51:15.750097
5598,17,765,0.0,True,Absent,2026-06-04 16:51:15.750109
5599,17,769,14.49,False,,2026-06-04 16:51:15.750124
5600,17,771,7.17,False,,2026-06-04 16:51:15.750140
5601,17,772,8.89,False,,2026-06-04 16:51:15.750153
5602,17,775,15.5,False,,2026-06-04 16:51:15.750166
5603,17,782,11.66,False,,2026-06-04 16:51:15.750179
5604,17,783,9.78,False,,2026-06-04 16:51:15.750193
5605,17,785,13.06,False,,2026-06-04 16:51:15.750206
5606,17,791,7.45,False,,2026-06-04 16:51:15.750222
5607,17,792,14.47,False,,2026-06-04 16:51:15.750235
5608,17,794,11.47,False,,2026-06-04 16:51:15.750248
5609,17,799,10.6,False,,2026-06-04 16:51:15.750261
5610,17,804,15.94,False,,2026-06-04 16:51:15.750273
5611,17,808,8.82,False,,2026-06-04 16:51:15.750286
5612,17,809,15.55,False,,2026-06-04 16:51:15.750299
5613,17,811,0.0,True,Absent,2026-06-04 16:51:15.750314
5614,17,818,15.73,False,,2026-06-04 16:51:15.750327
5615,17,819,13.88,False,,2026-06-04 16:51:15.750340
5616,17,823,7.7,False,,2026-06-04 16:51:15.750353
5617,17,825,10.95,False,,2026-06-04 16:51:15.750367
5618,17,828,9.81,False,,2026-06-04 16:51:15.750380
5619,17,832,13.67,False,,2026-06-04 16:51:15.750393
5620,17,834,15.74,False,,2026-06-04 16:51:15.750407
5621,17,835,11.9,False,,2026-06-04 16:51:15.750433
5622,17,838,15.41,False,,2026-06-04 16:51:15.750448
5623,17,841,18.07,False,,2026-06-04 16:51:15.750464
5624,17,843,8.4,False,,2026-06-04 16:51:15.750477
5625,17,845,13.31,False,,2026-06-04 16:51:15.750490
5626,17,846,7.63,False,,2026-06-04 16:51:15.750506
5627,17,848,10.19,False,,2026-06-04 16:51:15.750519
5628,17,849,8.48,False,,2026-06-04 16:51:15.750532
5629,17,850,12.78,False,,2026-06-04 16:51:15.750545
5630,17,852,0.0,True,Absent,2026-06-04 16:51:15.750557
5631,17,854,15.53,False,,2026-06-04 16:51:15.750570
5632,17,857,15.61,False,,2026-06-04 16:51:15.750583
5633,17,858,11.65,False,,2026-06-04 16:51:15.750596
5634,17,866,10.67,False,,2026-06-04 16:51:15.750609
5635,17,867,0.0,True,Absent,2026-06-04 16:51:15.750621
5636,17,871,0.0,True,Absent,2026-06-04 16:51:15.750634
5637,17,874,0.0,True,Absent,2026-06-04 16:51:15.750648
5638,17,884,12.98,False,,2026-06-04 16:51:15.750664
5639,17,889,10.04,False,,2026-06-04 16:51:15.750679
5640,17,890,9.38,False,,2026-06-04 16:51:15.750693
5641,17,895,5.22,False,,2026-06-04 16:51:15.750706
5642,17,901,11.79,False,,2026-06-04 16:51:15.750719
5643,17,904,6.3,False,,2026-06-04 16:51:15.750732
5644,17,907,0.0,True,Absent,2026-06-04 16:51:15.750744
5645,17,908,13.18,False,,2026-06-04 16:51:15.750759
5646,17,909,16.98,False,,2026-06-04 16:51:15.750773
5647,17,910,7.91,False,,2026-06-04 16:51:15.750786
5648,17,916,10.85,False,,2026-06-04 16:51:15.750802
5649,17,918,12.22,False,,2026-06-04 16:51:15.750815
5650,17,920,13.09,False,,2026-06-04 16:51:15.750830
5651,17,923,16.87,False,,2026-06-04 16:51:15.750843
5652,17,925,11.12,False,,2026-06-04 16:51:15.750857
5653,17,930,0.0,True,Absent,2026-06-04 16:51:15.750872
5654,17,935,12.62,False,,2026-06-04 16:51:15.750885
5655,17,941,15.78,False,,2026-06-04 16:51:15.750898
5656,17,942,12.13,False,,2026-06-04 16:51:15.750911
5657,17,943,11.8,False,,2026-06-04 16:51:15.750924
5658,17,946,8.8,False,,2026-06-04 16:51:15.750940
5659,17,957,12.11,False,,2026-06-04 16:51:15.750956
5660,17,958,9.96,False,,2026-06-04 16:51:15.750969
5661,17,962,10.9,False,,2026-06-04 16:51:15.750982
5662,17,964,9.98,False,,2026-06-04 16:51:15.750995
5663,17,966,10.64,False,,2026-06-04 16:51:15.751008
5664,17,968,14.28,False,,2026-06-04 16:51:15.751021
5665,17,969,12.91,False,,2026-06-04 16:51:15.751034
5666,17,970,14.68,False,,2026-06-04 16:51:15.751047
5667,17,972,10.8,False,,2026-06-04 16:51:15.751061
5668,17,973,13.86,False,,2026-06-04 16:51:15.751074
5669,17,975,15.19,False,,2026-06-04 16:51:15.751087
5670,17,981,13.22,False,,2026-06-04 16:51:15.751100
5671,17,982,9.78,False,,2026-06-04 16:51:15.751113
5672,17,986,10.51,False,,2026-06-04 16:51:15.751129
5673,17,987,9.96,False,,2026-06-04 16:51:15.751142
5674,17,993,15.37,False,,2026-06-04 16:51:15.751154
5675,17,995,13.9,False,,2026-06-04 16:51:15.751168
5676,17,1000,14.06,False,,2026-06-04 16:51:15.751181
5677,18,4,11.15,False,,2026-06-04 16:51:15.751524
5678,18,7,12.42,False,,2026-06-04 16:51:15.751541
5679,18,10,18.39,False,,2026-06-04 16:51:15.751555
5680,18,12,8.46,False,,2026-06-04 16:51:15.751569
5681,18,14,10.82,False,,2026-06-04 16:51:15.751582
5682,18,18,15.7,False,,2026-06-04 16:51:15.751595
5683,18,23,14.26,False,,2026-06-04 16:51:15.751609
5684,18,25,9.4,False,,2026-06-04 16:51:15.751622
5685,18,27,0.0,True,Absent,2026-06-04 16:51:15.751635
5686,18,28,14.52,False,,2026-06-04 16:51:15.751648
5687,18,29,16.71,False,,2026-06-04 16:51:15.751661
5688,18,32,6.88,False,,2026-06-04 16:51:15.751674
5689,18,39,16.48,False,,2026-06-04 16:51:15.751687
5690,18,41,9.47,False,,2026-06-04 16:51:15.751700
5691,18,43,13.49,False,,2026-06-04 16:51:15.751714
5692,18,45,9.42,False,,2026-06-04 16:51:15.751727
5693,18,48,13.79,False,,2026-06-04 16:51:15.751740
5694,18,56,13.02,False,,2026-06-04 16:51:15.751754
5695,18,61,16.86,False,,2026-06-04 16:51:15.751767
5696,18,63,0.0,True,Absent,2026-06-04 16:51:15.751780
5697,18,65,16.22,False,,2026-06-04 16:51:15.751793
5698,18,73,17.05,False,,2026-06-04 16:51:15.751806
5699,18,74,10.65,False,,2026-06-04 16:51:15.751819
5700,18,75,13.29,False,,2026-06-04 16:51:15.751832
5701,18,76,11.96,False,,2026-06-04 16:51:15.751844
5702,18,90,13.36,False,,2026-06-04 16:51:15.751858
5703,18,91,6.3,False,,2026-06-04 16:51:15.751870
5704,18,93,12.8,False,,2026-06-04 16:51:15.751883
5705,18,98,0.0,True,Absent,2026-06-04 16:51:15.751896
5706,18,99,10.68,False,,2026-06-04 16:51:15.751909
5707,18,102,10.89,False,,2026-06-04 16:51:15.751922
5708,18,104,15.15,False,,2026-06-04 16:51:15.751935
5709,18,106,12.23,False,,2026-06-04 16:51:15.751948
5710,18,109,9.94,False,,2026-06-04 16:51:15.751961
5711,18,111,7.55,False,,2026-06-04 16:51:15.751974
5712,18,112,11.11,False,,2026-06-04 16:51:15.751987
5713,18,115,7.31,False,,2026-06-04 16:51:15.752000
5714,18,119,11.87,False,,2026-06-04 16:51:15.752013
5715,18,120,15.67,False,,2026-06-04 16:51:15.752029
5716,18,128,14.27,False,,2026-06-04 16:51:15.752042
5717,18,133,0.0,True,Absent,2026-06-04 16:51:15.752055
5718,18,134,11.51,False,,2026-06-04 16:51:15.752068
5719,18,136,11.15,False,,2026-06-04 16:51:15.752081
5720,18,139,15.63,False,,2026-06-04 16:51:15.752094
5721,18,147,14.82,False,,2026-06-04 16:51:15.752107
5722,18,148,8.94,False,,2026-06-04 16:51:15.752120
5723,18,149,15.03,False,,2026-06-04 16:51:15.752133
5724,18,150,10.8,False,,2026-06-04 16:51:15.752146
5725,18,152,17.79,False,,2026-06-04 16:51:15.752159
5726,18,155,0.0,True,Absent,2026-06-04 16:51:15.752171
5727,18,159,6.69,False,,2026-06-04 16:51:15.752184
5728,18,163,12.32,False,,2026-06-04 16:51:15.752197
5729,18,164,12.88,False,,2026-06-04 16:51:15.752210
5730,18,170,7.84,False,,2026-06-04 16:51:15.752223
5731,18,171,10.1,False,,2026-06-04 16:51:15.752236
5732,18,172,17.55,False,,2026-06-04 16:51:15.752249
5733,18,174,12.51,False,,2026-06-04 16:51:15.752262
5734,18,175,16.12,False,,2026-06-04 16:51:15.752275
5735,18,180,12.27,False,,2026-06-04 16:51:15.752289
5736,18,187,11.98,False,,2026-06-04 16:51:15.752302
5737,18,192,13.4,False,,2026-06-04 16:51:15.752314
5738,18,193,10.36,False,,2026-06-04 16:51:15.752327
5739,18,200,0.0,True,Absent,2026-06-04 16:51:15.752340
5740,18,207,14.78,False,,2026-06-04 16:51:15.752353
5741,18,209,0.0,True,Absent,2026-06-04 16:51:15.752365
5742,18,210,10.19,False,,2026-06-04 16:51:15.752378
5743,18,218,9.72,False,,2026-06-04 16:51:15.752391
5744,18,225,0.0,True,Absent,2026-06-04 16:51:15.752403
5745,18,226,14.08,False,,2026-06-04 16:51:15.752416
5746,18,230,9.95,False,,2026-06-04 16:51:15.752429
5747,18,237,10.64,False,,2026-06-04 16:51:15.752442
5748,18,238,17.15,False,,2026-06-04 16:51:15.752455
5749,18,239,6.53,False,,2026-06-04 16:51:15.752468
5750,18,241,9.01,False,,2026-06-04 16:51:15.752481
5751,18,246,16.5,False,,2026-06-04 16:51:15.752494
5752,18,247,8.78,False,,2026-06-04 16:51:15.752507
5753,18,257,16.02,False,,2026-06-04 16:51:15.752520
5754,18,263,15.29,False,,2026-06-04 16:51:15.752533
5755,18,265,9.6,False,,2026-06-04 16:51:15.752547
5756,18,267,12.88,False,,2026-06-04 16:51:15.752560
5757,18,273,11.75,False,,2026-06-04 16:51:15.752573
5758,18,278,9.62,False,,2026-06-04 16:51:15.752586
5759,18,280,0.0,True,Absent,2026-06-04 16:51:15.752599
5760,18,285,15.9,False,,2026-06-04 16:51:15.752612
5761,18,287,0.0,True,Absent,2026-06-04 16:51:15.752624
5762,18,304,12.29,False,,2026-06-04 16:51:15.752637
5763,18,305,9.23,False,,2026-06-04 16:51:15.752650
5764,18,307,12.66,False,,2026-06-04 16:51:15.752663
5765,18,309,10.36,False,,2026-06-04 16:51:15.752676
5766,18,312,17.09,False,,2026-06-04 16:51:15.752689
5767,18,314,14.48,False,,2026-06-04 16:51:15.752702
5768,18,316,8.33,False,,2026-06-04 16:51:15.752715
5769,18,321,8.1,False,,2026-06-04 16:51:15.752728
5770,18,323,11.05,False,,2026-06-04 16:51:15.752741
5771,18,324,11.16,False,,2026-06-04 16:51:15.752754
5772,18,330,14.37,False,,2026-06-04 16:51:15.752767
5773,18,331,0.0,True,Absent,2026-06-04 16:51:15.752780
5774,18,335,13.83,False,,2026-06-04 16:51:15.752793
5775,18,337,0.0,True,Absent,2026-06-04 16:51:15.752805
5776,18,341,13.49,False,,2026-06-04 16:51:15.752818
5777,18,344,11.72,False,,2026-06-04 16:51:15.752831
5778,18,345,16.25,False,,2026-06-04 16:51:15.752844
5779,18,349,11.67,False,,2026-06-04 16:51:15.752860
5780,18,352,18.15,False,,2026-06-04 16:51:15.752873
5781,18,353,11.24,False,,2026-06-04 16:51:15.752886
5782,18,355,7.38,False,,2026-06-04 16:51:15.752899
5783,18,356,10.54,False,,2026-06-04 16:51:15.752912
5784,18,358,0.0,True,Absent,2026-06-04 16:51:15.752924
5785,18,360,12.0,False,,2026-06-04 16:51:15.752937
5786,18,362,13.08,False,,2026-06-04 16:51:15.752950
5787,18,364,17.37,False,,2026-06-04 16:51:15.752963
5788,18,366,11.98,False,,2026-06-04 16:51:15.752979
5789,18,370,11.38,False,,2026-06-04 16:51:15.752992
5790,18,375,12.53,False,,2026-06-04 16:51:15.753006
5791,18,376,7.99,False,,2026-06-04 16:51:15.753019
5792,18,378,12.27,False,,2026-06-04 16:51:15.753032
5793,18,379,15.18,False,,2026-06-04 16:51:15.753047
5794,18,380,10.96,False,,2026-06-04 16:51:15.753060
5795,18,397,9.3,False,,2026-06-04 16:51:15.753073
5796,18,401,13.75,False,,2026-06-04 16:51:15.753086
5797,18,407,12.42,False,,2026-06-04 16:51:15.753099
5798,18,410,7.34,False,,2026-06-04 16:51:15.753112
5799,18,419,16.89,False,,2026-06-04 16:51:15.753125
5800,18,421,10.53,False,,2026-06-04 16:51:15.753138
5801,18,426,12.27,False,,2026-06-04 16:51:15.753151
5802,18,430,7.54,False,,2026-06-04 16:51:15.753164
5803,18,432,11.36,False,,2026-06-04 16:51:15.753177
5804,18,436,11.17,False,,2026-06-04 16:51:15.753190
5805,18,437,10.72,False,,2026-06-04 16:51:15.753203
5806,18,444,11.45,False,,2026-06-04 16:51:15.753216
5807,18,445,14.61,False,,2026-06-04 16:51:15.753229
5808,18,446,5.83,False,,2026-06-04 16:51:15.753242
5809,18,447,11.28,False,,2026-06-04 16:51:15.753255
5810,18,450,11.96,False,,2026-06-04 16:51:15.753267
5811,18,454,8.3,False,,2026-06-04 16:51:15.753280
5812,18,455,14.53,False,,2026-06-04 16:51:15.753293
5813,18,464,10.02,False,,2026-06-04 16:51:15.753306
5814,18,465,6.79,False,,2026-06-04 16:51:15.753319
5815,18,466,10.62,False,,2026-06-04 16:51:15.753332
5816,18,468,0.0,True,Absent,2026-06-04 16:51:15.753344
5817,18,469,11.84,False,,2026-06-04 16:51:15.753357
5818,18,476,0.0,True,Absent,2026-06-04 16:51:15.753370
5819,18,477,0.0,True,Absent,2026-06-04 16:51:15.753382
5820,18,478,10.52,False,,2026-06-04 16:51:15.753395
5821,18,480,0.0,True,Absent,2026-06-04 16:51:15.753407
5822,18,483,13.53,False,,2026-06-04 16:51:15.753420
5823,18,496,13.3,False,,2026-06-04 16:51:15.753433
5824,18,499,10.3,False,,2026-06-04 16:51:15.753446
5825,18,500,12.44,False,,2026-06-04 16:51:15.753459
5826,18,510,14.04,False,,2026-06-04 16:51:15.753472
5827,18,517,8.92,False,,2026-06-04 16:51:15.753485
5828,18,518,17.48,False,,2026-06-04 16:51:15.753498
5829,18,522,16.38,False,,2026-06-04 16:51:15.753511
5830,18,527,11.24,False,,2026-06-04 16:51:15.753523
5831,18,528,0.0,True,Absent,2026-06-04 16:51:15.753536
5832,18,531,7.04,False,,2026-06-04 16:51:15.753549
5833,18,532,15.37,False,,2026-06-04 16:51:15.753562
5834,18,533,17.48,False,,2026-06-04 16:51:15.753575
5835,18,534,12.44,False,,2026-06-04 16:51:15.753588
5836,18,535,10.92,False,,2026-06-04 16:51:15.753600
5837,18,538,11.78,False,,2026-06-04 16:51:15.753613
5838,18,543,7.99,False,,2026-06-04 16:51:15.753626
5839,18,549,9.33,False,,2026-06-04 16:51:15.753639
5840,18,550,13.09,False,,2026-06-04 16:51:15.753652
5841,18,556,9.15,False,,2026-06-04 16:51:15.753665
5842,18,557,14.02,False,,2026-06-04 16:51:15.753678
5843,18,561,15.97,False,,2026-06-04 16:51:15.753691
5844,18,563,10.62,False,,2026-06-04 16:51:15.753704
5845,18,564,9.56,False,,2026-06-04 16:51:15.753717
5846,18,565,0.0,True,Absent,2026-06-04 16:51:15.753729
5847,18,566,11.79,False,,2026-06-04 16:51:15.753742
5848,18,568,11.83,False,,2026-06-04 16:51:15.753755
5849,18,570,11.68,False,,2026-06-04 16:51:15.753768
5850,18,573,12.02,False,,2026-06-04 16:51:15.753782
5851,18,574,12.25,False,,2026-06-04 16:51:15.753795
5852,18,575,16.26,False,,2026-06-04 16:51:15.753808
5853,18,578,6.7,False,,2026-06-04 16:51:15.753821
5854,18,589,8.68,False,,2026-06-04 16:51:15.753834
5855,18,591,15.13,False,,2026-06-04 16:51:15.753847
5856,18,594,10.42,False,,2026-06-04 16:51:15.753860
5857,18,596,12.39,False,,2026-06-04 16:51:15.753873
5858,18,597,14.3,False,,2026-06-04 16:51:15.753886
5859,18,598,16.22,False,,2026-06-04 16:51:15.753899
5860,18,602,14.49,False,,2026-06-04 16:51:15.753912
5861,18,607,12.82,False,,2026-06-04 16:51:15.753925
5862,18,609,10.24,False,,2026-06-04 16:51:15.753938
5863,18,610,11.46,False,,2026-06-04 16:51:15.753951
5864,18,612,0.0,True,Absent,2026-06-04 16:51:15.753964
5865,18,614,11.09,False,,2026-06-04 16:51:15.753976
5866,18,615,14.07,False,,2026-06-04 16:51:15.753989
5867,18,616,11.88,False,,2026-06-04 16:51:15.754002
5868,18,617,15.8,False,,2026-06-04 16:51:15.754016
5869,18,618,14.27,False,,2026-06-04 16:51:15.754029
5870,18,621,12.11,False,,2026-06-04 16:51:15.754042
5871,18,626,14.21,False,,2026-06-04 16:51:15.754057
5872,18,627,13.43,False,,2026-06-04 16:51:15.754071
5873,18,630,13.42,False,,2026-06-04 16:51:15.754084
5874,18,632,10.97,False,,2026-06-04 16:51:15.754097
5875,18,633,11.44,False,,2026-06-04 16:51:15.754110
5876,18,634,11.27,False,,2026-06-04 16:51:15.754123
5877,18,635,16.55,False,,2026-06-04 16:51:15.754136
5878,18,639,13.15,False,,2026-06-04 16:51:15.754149
5879,18,640,6.96,False,,2026-06-04 16:51:15.754162
5880,18,642,11.78,False,,2026-06-04 16:51:15.754175
5881,18,651,9.08,False,,2026-06-04 16:51:15.754188
5882,18,658,7.3,False,,2026-06-04 16:51:15.754201
5883,18,659,13.25,False,,2026-06-04 16:51:15.754214
5884,18,661,10.39,False,,2026-06-04 16:51:15.754227
5885,18,664,14.35,False,,2026-06-04 16:51:15.754240
5886,18,665,11.85,False,,2026-06-04 16:51:15.754253
5887,18,668,8.09,False,,2026-06-04 16:51:15.754266
5888,18,670,10.51,False,,2026-06-04 16:51:15.754279
5889,18,671,14.17,False,,2026-06-04 16:51:15.754292
5890,18,673,8.16,False,,2026-06-04 16:51:15.754305
5891,18,679,17.61,False,,2026-06-04 16:51:15.754318
5892,18,681,7.46,False,,2026-06-04 16:51:15.754331
5893,18,682,7.17,False,,2026-06-04 16:51:15.754344
5894,18,683,7.79,False,,2026-06-04 16:51:15.754357
5895,18,685,14.49,False,,2026-06-04 16:51:15.754370
5896,18,686,0.0,True,Absent,2026-06-04 16:51:15.754382
5897,18,688,12.55,False,,2026-06-04 16:51:15.754395
5898,18,690,13.37,False,,2026-06-04 16:51:15.754408
5899,18,695,10.6,False,,2026-06-04 16:51:15.754421
5900,18,699,7.61,False,,2026-06-04 16:51:15.754434
5901,18,700,13.99,False,,2026-06-04 16:51:15.754447
5902,18,703,16.45,False,,2026-06-04 16:51:15.754460
5903,18,704,13.79,False,,2026-06-04 16:51:15.754473
5904,18,705,15.1,False,,2026-06-04 16:51:15.754486
5905,18,706,9.4,False,,2026-06-04 16:51:15.754499
5906,18,708,14.97,False,,2026-06-04 16:51:15.754512
5907,18,709,12.06,False,,2026-06-04 16:51:15.754525
5908,18,711,7.2,False,,2026-06-04 16:51:15.754541
5909,18,713,7.69,False,,2026-06-04 16:51:15.754554
5910,18,716,10.71,False,,2026-06-04 16:51:15.754568
5911,18,719,9.82,False,,2026-06-04 16:51:15.754580
5912,18,721,14.68,False,,2026-06-04 16:51:15.754593
5913,18,726,7.3,False,,2026-06-04 16:51:15.754607
5914,18,728,13.27,False,,2026-06-04 16:51:15.754620
5915,18,730,17.6,False,,2026-06-04 16:51:15.754633
5916,18,731,8.7,False,,2026-06-04 16:51:15.754646
5917,18,737,8.13,False,,2026-06-04 16:51:15.754659
5918,18,738,7.94,False,,2026-06-04 16:51:15.754672
5919,18,739,16.89,False,,2026-06-04 16:51:15.754685
5920,18,741,14.66,False,,2026-06-04 16:51:15.754698
5921,18,745,14.72,False,,2026-06-04 16:51:15.754711
5922,18,751,6.24,False,,2026-06-04 16:51:15.754724
5923,18,752,0.0,True,Absent,2026-06-04 16:51:15.754736
5924,18,753,17.14,False,,2026-06-04 16:51:15.754749
5925,18,754,9.41,False,,2026-06-04 16:51:15.754762
5926,18,756,10.89,False,,2026-06-04 16:51:15.754775
5927,18,758,6.34,False,,2026-06-04 16:51:15.754788
5928,18,761,8.54,False,,2026-06-04 16:51:15.754801
5929,18,764,15.88,False,,2026-06-04 16:51:15.754814
5930,18,765,10.29,False,,2026-06-04 16:51:15.754827
5931,18,769,16.85,False,,2026-06-04 16:51:15.754841
5932,18,771,9.57,False,,2026-06-04 16:51:15.754853
5933,18,772,7.26,False,,2026-06-04 16:51:15.754867
5934,18,775,16.1,False,,2026-06-04 16:51:15.754880
5935,18,782,12.17,False,,2026-06-04 16:51:15.754893
5936,18,783,11.66,False,,2026-06-04 16:51:15.754906
5937,18,785,15.06,False,,2026-06-04 16:51:15.754919
5938,18,791,7.45,False,,2026-06-04 16:51:15.754932
5939,18,792,15.68,False,,2026-06-04 16:51:15.754945
5940,18,794,12.06,False,,2026-06-04 16:51:15.754958
5941,18,799,0.0,True,Absent,2026-06-04 16:51:15.754971
5942,18,804,14.17,False,,2026-06-04 16:51:15.754984
5943,18,808,8.36,False,,2026-06-04 16:51:15.754997
5944,18,809,0.0,True,Absent,2026-06-04 16:51:15.755009
5945,18,811,11.69,False,,2026-06-04 16:51:15.755022
5946,18,818,16.29,False,,2026-06-04 16:51:15.755036
5947,18,819,9.57,False,,2026-06-04 16:51:15.755049
5948,18,823,8.36,False,,2026-06-04 16:51:15.755062
5949,18,825,0.0,True,Absent,2026-06-04 16:51:15.755077
5950,18,828,8.6,False,,2026-06-04 16:51:15.755090
5951,18,832,15.08,False,,2026-06-04 16:51:15.755103
5952,18,834,11.93,False,,2026-06-04 16:51:15.755117
5953,18,835,11.08,False,,2026-06-04 16:51:15.755130
5954,18,838,12.47,False,,2026-06-04 16:51:15.755143
5955,18,841,16.22,False,,2026-06-04 16:51:15.755157
5956,18,843,5.89,False,,2026-06-04 16:51:15.755170
5957,18,845,12.41,False,,2026-06-04 16:51:15.755184
5958,18,846,8.92,False,,2026-06-04 16:51:15.755197
5959,18,848,9.52,False,,2026-06-04 16:51:15.755210
5960,18,849,11.01,False,,2026-06-04 16:51:15.755223
5961,18,850,14.06,False,,2026-06-04 16:51:15.755236
5962,18,852,13.97,False,,2026-06-04 16:51:15.755249
5963,18,854,13.89,False,,2026-06-04 16:51:15.755262
5964,18,857,12.37,False,,2026-06-04 16:51:15.755275
5965,18,858,9.98,False,,2026-06-04 16:51:15.755288
5966,18,866,13.66,False,,2026-06-04 16:51:15.755301
5967,18,867,8.18,False,,2026-06-04 16:51:15.755314
5968,18,871,0.0,True,Absent,2026-06-04 16:51:15.755326
5969,18,874,15.2,False,,2026-06-04 16:51:15.755339
5970,18,884,11.5,False,,2026-06-04 16:51:15.755352
5971,18,889,7.96,False,,2026-06-04 16:51:15.755365
5972,18,890,6.13,False,,2026-06-04 16:51:15.755378
5973,18,895,5.71,False,,2026-06-04 16:51:15.755391
5974,18,901,8.05,False,,2026-06-04 16:51:15.755404
5975,18,904,6.23,False,,2026-06-04 16:51:15.755417
5976,18,907,0.0,True,Absent,2026-06-04 16:51:15.755429
5977,18,908,14.65,False,,2026-06-04 16:51:15.755442
5978,18,909,16.95,False,,2026-06-04 16:51:15.755455
5979,18,910,5.49,False,,2026-06-04 16:51:15.755468
5980,18,916,11.56,False,,2026-06-04 16:51:15.755481
5981,18,918,10.65,False,,2026-06-04 16:51:15.755494
5982,18,920,8.99,False,,2026-06-04 16:51:15.755507
5983,18,923,13.51,False,,2026-06-04 16:51:15.755520
5984,18,925,9.01,False,,2026-06-04 16:51:15.755533
5985,18,930,10.37,False,,2026-06-04 16:51:15.755546
5986,18,935,11.9,False,,2026-06-04 16:51:15.755559
5987,18,941,12.22,False,,2026-06-04 16:51:15.755572
5988,18,942,8.62,False,,2026-06-04 16:51:15.755585
5989,18,943,9.69,False,,2026-06-04 16:51:15.755598
5990,18,946,12.12,False,,2026-06-04 16:51:15.755611
5991,18,957,0.0,True,Absent,2026-06-04 16:51:15.755624
5992,18,958,8.62,False,,2026-06-04 16:51:15.755637
5993,18,962,10.41,False,,2026-06-04 16:51:15.755650
5994,18,964,11.33,False,,2026-06-04 16:51:15.755663
5995,18,966,12.36,False,,2026-06-04 16:51:15.755676
5996,18,968,0.0,True,Absent,2026-06-04 16:51:15.755688
5997,18,969,11.47,False,,2026-06-04 16:51:15.755701
5998,18,970,12.01,False,,2026-06-04 16:51:15.755714
5999,18,972,11.74,False,,2026-06-04 16:51:15.755727
6000,18,973,17.61,False,,2026-06-04 16:51:15.755740
6001,18,975,13.95,False,,2026-06-04 16:51:15.755753
6002,18,981,0.0,True,Absent,2026-06-04 16:51:15.755766
6003,18,982,10.15,False,,2026-06-04 16:51:15.755778
6004,18,986,14.25,False,,2026-06-04 16:51:15.755792
6005,18,987,0.0,True,Absent,2026-06-04 16:51:15.755804
6006,18,993,13.51,False,,2026-06-04 16:51:15.755817
6007,18,995,0.0,True,Absent,2026-06-04 16:51:15.755829
6008,18,1000,17.49,False,,2026-06-04 16:51:15.755843
6009,19,4,14.41,False,,2026-06-04 16:51:15.756180
6010,19,7,13.5,False,,2026-06-04 16:51:15.756198
6011,19,10,17.34,False,,2026-06-04 16:51:15.756214
6012,19,12,8.64,False,,2026-06-04 16:51:15.756228
6013,19,14,11.51,False,,2026-06-04 16:51:15.756242
6014,19,18,16.8,False,,2026-06-04 16:51:15.756255
6015,19,23,15.24,False,,2026-06-04 16:51:15.756268
6016,19,25,10.51,False,,2026-06-04 16:51:15.756281
6017,19,27,5.81,False,,2026-06-04 16:51:15.756294
6018,19,28,16.09,False,,2026-06-04 16:51:15.756307
6019,19,29,0.0,True,Absent,2026-06-04 16:51:15.756320
6020,19,32,11.49,False,,2026-06-04 16:51:15.756333
6021,19,39,12.55,False,,2026-06-04 16:51:15.756346
6022,19,41,0.0,True,Absent,2026-06-04 16:51:15.756359
6023,19,43,0.0,True,Absent,2026-06-04 16:51:15.756372
6024,19,45,0.0,True,Absent,2026-06-04 16:51:15.756384
6025,19,48,11.01,False,,2026-06-04 16:51:15.756397
6026,19,56,10.03,False,,2026-06-04 16:51:15.756410
6027,19,61,15.5,False,,2026-06-04 16:51:15.756427
6028,19,63,9.61,False,,2026-06-04 16:51:15.756440
6029,19,65,12.39,False,,2026-06-04 16:51:15.756453
6030,19,73,0.0,True,Absent,2026-06-04 16:51:15.756465
6031,19,74,9.53,False,,2026-06-04 16:51:15.756478
6032,19,75,13.5,False,,2026-06-04 16:51:15.756491
6033,19,76,13.68,False,,2026-06-04 16:51:15.756504
6034,19,90,14.96,False,,2026-06-04 16:51:15.756517
6035,19,91,7.36,False,,2026-06-04 16:51:15.756530
6036,19,93,12.95,False,,2026-06-04 16:51:15.756543
6037,19,98,11.58,False,,2026-06-04 16:51:15.756556
6038,19,99,12.37,False,,2026-06-04 16:51:15.756569
6039,19,102,13.16,False,,2026-06-04 16:51:15.756582
6040,19,104,14.13,False,,2026-06-04 16:51:15.756594
6041,19,106,14.89,False,,2026-06-04 16:51:15.756607
6042,19,109,5.71,False,,2026-06-04 16:51:15.756620
6043,19,111,11.02,False,,2026-06-04 16:51:15.756636
6044,19,112,8.7,False,,2026-06-04 16:51:15.756649
6045,19,115,13.13,False,,2026-06-04 16:51:15.756662
6046,19,119,7.97,False,,2026-06-04 16:51:15.756675
6047,19,120,11.96,False,,2026-06-04 16:51:15.756688
6048,19,128,0.0,True,Absent,2026-06-04 16:51:15.756701
6049,19,133,6.95,False,,2026-06-04 16:51:15.756714
6050,19,134,12.43,False,,2026-06-04 16:51:15.756726
6051,19,136,14.69,False,,2026-06-04 16:51:15.756739
6052,19,139,10.55,False,,2026-06-04 16:51:15.756752
6053,19,147,13.29,False,,2026-06-04 16:51:15.756765
6054,19,148,9.98,False,,2026-06-04 16:51:15.756778
6055,19,149,18.81,False,,2026-06-04 16:51:15.756791
6056,19,150,11.19,False,,2026-06-04 16:51:15.756804
6057,19,152,14.29,False,,2026-06-04 16:51:15.756817
6058,19,155,9.23,False,,2026-06-04 16:51:15.756829
6059,19,159,9.7,False,,2026-06-04 16:51:15.756842
6060,19,163,9.07,False,,2026-06-04 16:51:15.756855
6061,19,164,15.75,False,,2026-06-04 16:51:15.756868
6062,19,170,0.0,True,Absent,2026-06-04 16:51:15.756880
6063,19,171,9.48,False,,2026-06-04 16:51:15.756893
6064,19,172,12.86,False,,2026-06-04 16:51:15.756906
6065,19,174,0.0,True,Absent,2026-06-04 16:51:15.756918
6066,19,175,12.62,False,,2026-06-04 16:51:15.756930
6067,19,180,13.98,False,,2026-06-04 16:51:15.756943
6068,19,187,9.5,False,,2026-06-04 16:51:15.756956
6069,19,192,10.43,False,,2026-06-04 16:51:15.756969
6070,19,193,12.88,False,,2026-06-04 16:51:15.756982
6071,19,200,13.96,False,,2026-06-04 16:51:15.756995
6072,19,207,17.48,False,,2026-06-04 16:51:15.757008
6073,19,209,17.88,False,,2026-06-04 16:51:15.757020
6074,19,210,11.21,False,,2026-06-04 16:51:15.757033
6075,19,218,9.8,False,,2026-06-04 16:51:15.757046
6076,19,225,16.82,False,,2026-06-04 16:51:15.757059
6077,19,226,13.12,False,,2026-06-04 16:51:15.757072
6078,19,230,12.99,False,,2026-06-04 16:51:15.757085
6079,19,237,12.75,False,,2026-06-04 16:51:15.757097
6080,19,238,0.0,True,Absent,2026-06-04 16:51:15.757110
6081,19,239,5.95,False,,2026-06-04 16:51:15.757122
6082,19,241,10.72,False,,2026-06-04 16:51:15.757135
6083,19,246,14.93,False,,2026-06-04 16:51:15.757148
6084,19,247,12.11,False,,2026-06-04 16:51:15.757161
6085,19,257,12.58,False,,2026-06-04 16:51:15.757174
6086,19,263,13.34,False,,2026-06-04 16:51:15.757188
6087,19,265,7.49,False,,2026-06-04 16:51:15.757201
6088,19,267,11.67,False,,2026-06-04 16:51:15.757214
6089,19,273,13.42,False,,2026-06-04 16:51:15.757227
6090,19,278,0.0,True,Absent,2026-06-04 16:51:15.757240
6091,19,280,12.57,False,,2026-06-04 16:51:15.757253
6092,19,285,15.43,False,,2026-06-04 16:51:15.757266
6093,19,287,12.74,False,,2026-06-04 16:51:15.757279
6094,19,304,10.46,False,,2026-06-04 16:51:15.757291
6095,19,305,8.97,False,,2026-06-04 16:51:15.757304
6096,19,307,12.67,False,,2026-06-04 16:51:15.757317
6097,19,309,10.45,False,,2026-06-04 16:51:15.757330
6098,19,312,14.46,False,,2026-06-04 16:51:15.757343
6099,19,314,15.94,False,,2026-06-04 16:51:15.757356
6100,19,316,6.95,False,,2026-06-04 16:51:15.757370
6101,19,321,13.43,False,,2026-06-04 16:51:15.757383
6102,19,323,0.0,True,Absent,2026-06-04 16:51:15.757395
6103,19,324,9.53,False,,2026-06-04 16:51:15.757408
6104,19,330,13.78,False,,2026-06-04 16:51:15.757421
6105,19,331,9.3,False,,2026-06-04 16:51:15.757436
6106,19,335,12.49,False,,2026-06-04 16:51:15.757449
6107,19,337,14.36,False,,2026-06-04 16:51:15.757462
6108,19,341,16.94,False,,2026-06-04 16:51:15.757475
6109,19,344,7.8,False,,2026-06-04 16:51:15.757488
6110,19,345,13.27,False,,2026-06-04 16:51:15.757501
6111,19,349,11.06,False,,2026-06-04 16:51:15.757514
6112,19,352,14.03,False,,2026-06-04 16:51:15.757527
6113,19,353,16.74,False,,2026-06-04 16:51:15.757540
6114,19,355,8.85,False,,2026-06-04 16:51:15.757552
6115,19,356,7.27,False,,2026-06-04 16:51:15.757565
6116,19,358,6.88,False,,2026-06-04 16:51:15.757578
6117,19,360,9.99,False,,2026-06-04 16:51:15.757591
6118,19,362,8.52,False,,2026-06-04 16:51:15.757604
6119,19,364,17.0,False,,2026-06-04 16:51:15.757617
6120,19,366,12.01,False,,2026-06-04 16:51:15.757630
6121,19,370,0.0,True,Absent,2026-06-04 16:51:15.757642
6122,19,375,0.0,True,Absent,2026-06-04 16:51:15.757654
6123,19,376,10.94,False,,2026-06-04 16:51:15.757667
6124,19,378,11.26,False,,2026-06-04 16:51:15.757680
6125,19,379,0.0,True,Absent,2026-06-04 16:51:15.757692
6126,19,380,9.4,False,,2026-06-04 16:51:15.757705
6127,19,397,6.85,False,,2026-06-04 16:51:15.757717
6128,19,401,11.97,False,,2026-06-04 16:51:15.757730
6129,19,407,9.48,False,,2026-06-04 16:51:15.757743
6130,19,410,11.27,False,,2026-06-04 16:51:15.757756
6131,19,419,12.52,False,,2026-06-04 16:51:15.757769
6132,19,421,12.73,False,,2026-06-04 16:51:15.757782
6133,19,426,12.52,False,,2026-06-04 16:51:15.757795
6134,19,430,10.18,False,,2026-06-04 16:51:15.757808
6135,19,432,12.01,False,,2026-06-04 16:51:15.757821
6136,19,436,9.25,False,,2026-06-04 16:51:15.757834
6137,19,437,8.17,False,,2026-06-04 16:51:15.757847
6138,19,444,15.48,False,,2026-06-04 16:51:15.757860
6139,19,445,16.37,False,,2026-06-04 16:51:15.757873
6140,19,446,6.56,False,,2026-06-04 16:51:15.757886
6141,19,447,12.49,False,,2026-06-04 16:51:15.757899
6142,19,450,9.08,False,,2026-06-04 16:51:15.757912
6143,19,454,7.42,False,,2026-06-04 16:51:15.757925
6144,19,455,10.91,False,,2026-06-04 16:51:15.757938
6145,19,464,11.24,False,,2026-06-04 16:51:15.757951
6146,19,465,0.0,True,Absent,2026-06-04 16:51:15.757964
6147,19,466,13.81,False,,2026-06-04 16:51:15.757977
6148,19,468,14.14,False,,2026-06-04 16:51:15.757990
6149,19,469,11.91,False,,2026-06-04 16:51:15.758003
6150,19,476,11.86,False,,2026-06-04 16:51:15.758016
6151,19,477,11.96,False,,2026-06-04 16:51:15.758030
6152,19,478,7.78,False,,2026-06-04 16:51:15.758043
6153,19,480,14.94,False,,2026-06-04 16:51:15.758056
6154,19,483,0.0,True,Absent,2026-06-04 16:51:15.758069
6155,19,496,12.74,False,,2026-06-04 16:51:15.758083
6156,19,499,9.16,False,,2026-06-04 16:51:15.758097
6157,19,500,13.83,False,,2026-06-04 16:51:15.758110
6158,19,510,11.26,False,,2026-06-04 16:51:15.758123
6159,19,517,12.44,False,,2026-06-04 16:51:15.758136
6160,19,518,0.0,True,Absent,2026-06-04 16:51:15.758148
6161,19,522,0.0,True,Absent,2026-06-04 16:51:15.758160
6162,19,527,16.56,False,,2026-06-04 16:51:15.758173
6163,19,528,10.49,False,,2026-06-04 16:51:15.758186
6164,19,531,7.36,False,,2026-06-04 16:51:15.758199
6165,19,532,17.55,False,,2026-06-04 16:51:15.758212
6166,19,533,15.22,False,,2026-06-04 16:51:15.758225
6167,19,534,12.42,False,,2026-06-04 16:51:15.758238
6168,19,535,0.0,True,Absent,2026-06-04 16:51:15.758250
6169,19,538,12.53,False,,2026-06-04 16:51:15.758263
6170,19,543,8.39,False,,2026-06-04 16:51:15.758276
6171,19,549,0.0,True,Absent,2026-06-04 16:51:15.758289
6172,19,550,0.0,True,Absent,2026-06-04 16:51:15.758301
6173,19,556,7.3,False,,2026-06-04 16:51:15.758314
6174,19,557,12.66,False,,2026-06-04 16:51:15.758328
6175,19,561,10.86,False,,2026-06-04 16:51:15.758369
6176,19,563,8.59,False,,2026-06-04 16:51:15.758386
6177,19,564,12.52,False,,2026-06-04 16:51:15.758400
6178,19,565,9.34,False,,2026-06-04 16:51:15.758414
6179,19,566,13.06,False,,2026-06-04 16:51:15.758427
6180,19,568,12.21,False,,2026-06-04 16:51:15.758441
6181,19,570,10.17,False,,2026-06-04 16:51:15.758457
6182,19,573,8.0,False,,2026-06-04 16:51:15.758471
6183,19,574,15.21,False,,2026-06-04 16:51:15.758488
6184,19,575,12.85,False,,2026-06-04 16:51:15.758501
6185,19,578,11.2,False,,2026-06-04 16:51:15.758515
6186,19,589,7.46,False,,2026-06-04 16:51:15.758528
6187,19,591,12.59,False,,2026-06-04 16:51:15.758541
6188,19,594,14.77,False,,2026-06-04 16:51:15.758555
6189,19,596,10.54,False,,2026-06-04 16:51:15.758568
6190,19,597,12.32,False,,2026-06-04 16:51:15.758582
6191,19,598,11.85,False,,2026-06-04 16:51:15.758595
6192,19,602,17.45,False,,2026-06-04 16:51:15.758609
6193,19,607,0.0,True,Absent,2026-06-04 16:51:15.758622
6194,19,609,10.02,False,,2026-06-04 16:51:15.758635
6195,19,610,13.12,False,,2026-06-04 16:51:15.758648
6196,19,612,0.0,True,Absent,2026-06-04 16:51:15.758661
6197,19,614,7.37,False,,2026-06-04 16:51:15.758674
6198,19,615,11.07,False,,2026-06-04 16:51:15.758687
6199,19,616,11.79,False,,2026-06-04 16:51:15.758701
6200,19,617,14.76,False,,2026-06-04 16:51:15.758714
6201,19,618,13.11,False,,2026-06-04 16:51:15.758730
6202,19,621,0.0,True,Absent,2026-06-04 16:51:15.758744
6203,19,626,10.49,False,,2026-06-04 16:51:15.758758
6204,19,627,12.1,False,,2026-06-04 16:51:15.758771
6205,19,630,14.17,False,,2026-06-04 16:51:15.758784
6206,19,632,16.21,False,,2026-06-04 16:51:15.758797
6207,19,633,6.88,False,,2026-06-04 16:51:15.758810
6208,19,634,9.96,False,,2026-06-04 16:51:15.758823
6209,19,635,16.34,False,,2026-06-04 16:51:15.758836
6210,19,639,0.0,True,Absent,2026-06-04 16:51:15.758848
6211,19,640,7.37,False,,2026-06-04 16:51:15.758860
6212,19,642,11.68,False,,2026-06-04 16:51:15.758873
6213,19,651,11.61,False,,2026-06-04 16:51:15.758886
6214,19,658,7.64,False,,2026-06-04 16:51:15.758899
6215,19,659,14.2,False,,2026-06-04 16:51:15.758912
6216,19,661,10.86,False,,2026-06-04 16:51:15.758925
6217,19,664,15.98,False,,2026-06-04 16:51:15.758938
6218,19,665,0.0,True,Absent,2026-06-04 16:51:15.758950
6219,19,668,11.81,False,,2026-06-04 16:51:15.758963
6220,19,670,11.0,False,,2026-06-04 16:51:15.758976
6221,19,671,9.62,False,,2026-06-04 16:51:15.758988
6222,19,673,8.38,False,,2026-06-04 16:51:15.759001
6223,19,679,12.78,False,,2026-06-04 16:51:15.759014
6224,19,681,9.47,False,,2026-06-04 16:51:15.759027
6225,19,682,11.92,False,,2026-06-04 16:51:15.759040
6226,19,683,0.0,True,Absent,2026-06-04 16:51:15.759052
6227,19,685,16.58,False,,2026-06-04 16:51:15.759065
6228,19,686,0.0,True,Absent,2026-06-04 16:51:15.759077
6229,19,688,14.17,False,,2026-06-04 16:51:15.759090
6230,19,690,12.17,False,,2026-06-04 16:51:15.759103
6231,19,695,0.0,True,Absent,2026-06-04 16:51:15.759115
6232,19,699,7.95,False,,2026-06-04 16:51:15.759128
6233,19,700,14.75,False,,2026-06-04 16:51:15.759141
6234,19,703,12.42,False,,2026-06-04 16:51:15.759154
6235,19,704,13.66,False,,2026-06-04 16:51:15.759167
6236,19,705,0.0,True,Absent,2026-06-04 16:51:15.759180
6237,19,706,12.62,False,,2026-06-04 16:51:15.759193
6238,19,708,13.05,False,,2026-06-04 16:51:15.759205
6239,19,709,0.0,True,Absent,2026-06-04 16:51:15.759218
6240,19,711,12.24,False,,2026-06-04 16:51:15.759230
6241,19,713,11.72,False,,2026-06-04 16:51:15.759244
6242,19,716,9.19,False,,2026-06-04 16:51:15.759257
6243,19,719,0.0,True,Absent,2026-06-04 16:51:15.759269
6244,19,721,13.51,False,,2026-06-04 16:51:15.759282
6245,19,726,7.88,False,,2026-06-04 16:51:15.759295
6246,19,728,10.42,False,,2026-06-04 16:51:15.759308
6247,19,730,12.97,False,,2026-06-04 16:51:15.759321
6248,19,731,7.1,False,,2026-06-04 16:51:15.759337
6249,19,737,11.76,False,,2026-06-04 16:51:15.759351
6250,19,738,8.61,False,,2026-06-04 16:51:15.759363
6251,19,739,16.08,False,,2026-06-04 16:51:15.759376
6252,19,741,10.14,False,,2026-06-04 16:51:15.759389
6253,19,745,12.51,False,,2026-06-04 16:51:15.759402
6254,19,751,8.05,False,,2026-06-04 16:51:15.759415
6255,19,752,18.09,False,,2026-06-04 16:51:15.759428
6256,19,753,0.0,True,Absent,2026-06-04 16:51:15.759440
6257,19,754,12.59,False,,2026-06-04 16:51:15.759453
6258,19,756,9.2,False,,2026-06-04 16:51:15.759466
6259,19,758,6.96,False,,2026-06-04 16:51:15.759479
6260,19,761,8.78,False,,2026-06-04 16:51:15.759492
6261,19,764,12.46,False,,2026-06-04 16:51:15.759511
6262,19,765,7.38,False,,2026-06-04 16:51:15.759525
6263,19,769,17.22,False,,2026-06-04 16:51:15.759538
6264,19,771,11.64,False,,2026-06-04 16:51:15.759551
6265,19,772,9.44,False,,2026-06-04 16:51:15.759565
6266,19,775,17.18,False,,2026-06-04 16:51:15.759578
6267,19,782,13.34,False,,2026-06-04 16:51:15.759591
6268,19,783,11.74,False,,2026-06-04 16:51:15.759604
6269,19,785,16.38,False,,2026-06-04 16:51:15.759618
6270,19,791,8.51,False,,2026-06-04 16:51:15.759631
6271,19,792,0.0,True,Absent,2026-06-04 16:51:15.759643
6272,19,794,13.85,False,,2026-06-04 16:51:15.759656
6273,19,799,9.05,False,,2026-06-04 16:51:15.759669
6274,19,804,12.42,False,,2026-06-04 16:51:15.759681
6275,19,808,9.23,False,,2026-06-04 16:51:15.759694
6276,19,809,11.51,False,,2026-06-04 16:51:15.759707
6277,19,811,8.03,False,,2026-06-04 16:51:15.759720
6278,19,818,15.51,False,,2026-06-04 16:51:15.759733
6279,19,819,10.22,False,,2026-06-04 16:51:15.759746
6280,19,823,9.95,False,,2026-06-04 16:51:15.759759
6281,19,825,12.55,False,,2026-06-04 16:51:15.759772
6282,19,828,8.83,False,,2026-06-04 16:51:15.759784
6283,19,832,12.37,False,,2026-06-04 16:51:15.759797
6284,19,834,16.61,False,,2026-06-04 16:51:15.759810
6285,19,835,12.74,False,,2026-06-04 16:51:15.759823
6286,19,838,16.6,False,,2026-06-04 16:51:15.759836
6287,19,841,14.59,False,,2026-06-04 16:51:15.759849
6288,19,843,9.13,False,,2026-06-04 16:51:15.759862
6289,19,845,14.92,False,,2026-06-04 16:51:15.759874
6290,19,846,12.97,False,,2026-06-04 16:51:15.759887
6291,19,848,9.78,False,,2026-06-04 16:51:15.759900
6292,19,849,11.25,False,,2026-06-04 16:51:15.759913
6293,19,850,11.59,False,,2026-06-04 16:51:15.759926
6294,19,852,14.8,False,,2026-06-04 16:51:15.759939
6295,19,854,0.0,True,Absent,2026-06-04 16:51:15.759951
6296,19,857,13.72,False,,2026-06-04 16:51:15.759964
6297,19,858,11.39,False,,2026-06-04 16:51:15.759977
6298,19,866,11.23,False,,2026-06-04 16:51:15.759993
6299,19,867,8.28,False,,2026-06-04 16:51:15.760006
6300,19,871,9.75,False,,2026-06-04 16:51:15.760020
6301,19,874,13.9,False,,2026-06-04 16:51:15.760033
6302,19,884,11.7,False,,2026-06-04 16:51:15.760046
6303,19,889,7.91,False,,2026-06-04 16:51:15.760059
6304,19,890,11.32,False,,2026-06-04 16:51:15.760072
6305,19,895,6.5,False,,2026-06-04 16:51:15.760085
6306,19,901,9.2,False,,2026-06-04 16:51:15.760098
6307,19,904,6.84,False,,2026-06-04 16:51:15.760111
6308,19,907,8.29,False,,2026-06-04 16:51:15.760124
6309,19,908,17.0,False,,2026-06-04 16:51:15.760136
6310,19,909,0.0,True,Absent,2026-06-04 16:51:15.760149
6311,19,910,6.92,False,,2026-06-04 16:51:15.760162
6312,19,916,11.22,False,,2026-06-04 16:51:15.760174
6313,19,918,0.0,True,Absent,2026-06-04 16:51:15.760187
6314,19,920,8.29,False,,2026-06-04 16:51:15.760199
6315,19,923,16.06,False,,2026-06-04 16:51:15.760212
6316,19,925,9.33,False,,2026-06-04 16:51:15.760225
6317,19,930,5.46,False,,2026-06-04 16:51:15.760239
6318,19,935,9.96,False,,2026-06-04 16:51:15.760252
6319,19,941,15.81,False,,2026-06-04 16:51:15.760265
6320,19,942,10.08,False,,2026-06-04 16:51:15.760278
6321,19,943,9.75,False,,2026-06-04 16:51:15.760291
6322,19,946,8.77,False,,2026-06-04 16:51:15.760304
6323,19,957,15.22,False,,2026-06-04 16:51:15.760317
6324,19,958,10.72,False,,2026-06-04 16:51:15.760330
6325,19,962,8.89,False,,2026-06-04 16:51:15.760343
6326,19,964,12.86,False,,2026-06-04 16:51:15.760356
6327,19,966,7.16,False,,2026-06-04 16:51:15.760369
6328,19,968,0.0,True,Absent,2026-06-04 16:51:15.760381
6329,19,969,13.96,False,,2026-06-04 16:51:15.760394
6330,19,970,14.43,False,,2026-06-04 16:51:15.760407
6331,19,972,8.42,False,,2026-06-04 16:51:15.760420
6332,19,973,16.96,False,,2026-06-04 16:51:15.760435
6333,19,975,17.11,False,,2026-06-04 16:51:15.760448
6334,19,981,10.11,False,,2026-06-04 16:51:15.760461
6335,19,982,8.14,False,,2026-06-04 16:51:15.760474
6336,19,986,9.85,False,,2026-06-04 16:51:15.760487
6337,19,987,12.07,False,,2026-06-04 16:51:15.760500
6338,19,993,13.47,False,,2026-06-04 16:51:15.760513
6339,19,995,13.38,False,,2026-06-04 16:51:15.760529
6340,19,1000,14.46,False,,2026-06-04 16:51:15.760542
6341,20,4,13.93,False,,2026-06-04 16:51:15.760890
6342,20,7,14.69,False,,2026-06-04 16:51:15.760907
6343,20,10,13.13,False,,2026-06-04 16:51:15.760923
6344,20,12,8.75,False,,2026-06-04 16:51:15.760938
6345,20,14,9.04,False,,2026-06-04 16:51:15.760953
6346,20,18,17.32,False,,2026-06-04 16:51:15.760967
6347,20,23,11.8,False,,2026-06-04 16:51:15.760980
6348,20,25,8.75,False,,2026-06-04 16:51:15.760993
6349,20,27,8.38,False,,2026-06-04 16:51:15.761006
6350,20,28,13.2,False,,2026-06-04 16:51:15.761020
6351,20,29,15.66,False,,2026-06-04 16:51:15.761033
6352,20,32,9.08,False,,2026-06-04 16:51:15.761047
6353,20,39,13.47,False,,2026-06-04 16:51:15.761060
6354,20,41,11.46,False,,2026-06-04 16:51:15.761073
6355,20,43,15.69,False,,2026-06-04 16:51:15.761086
6356,20,45,9.76,False,,2026-06-04 16:51:15.761099
6357,20,48,12.23,False,,2026-06-04 16:51:15.761113
6358,20,56,10.59,False,,2026-06-04 16:51:15.761126
6359,20,61,15.5,False,,2026-06-04 16:51:15.761139
6360,20,63,11.02,False,,2026-06-04 16:51:15.761152
6361,20,65,13.6,False,,2026-06-04 16:51:15.761165
6362,20,73,15.4,False,,2026-06-04 16:51:15.761178
6363,20,74,0.0,True,Absent,2026-06-04 16:51:15.761190
6364,20,75,17.11,False,,2026-06-04 16:51:15.761203
6365,20,76,14.58,False,,2026-06-04 16:51:15.761216
6366,20,90,13.3,False,,2026-06-04 16:51:15.761229
6367,20,91,8.65,False,,2026-06-04 16:51:15.761242
6368,20,93,16.87,False,,2026-06-04 16:51:15.761255
6369,20,98,10.73,False,,2026-06-04 16:51:15.761268
6370,20,99,12.79,False,,2026-06-04 16:51:15.761281
6371,20,102,13.4,False,,2026-06-04 16:51:15.761294
6372,20,104,13.03,False,,2026-06-04 16:51:15.761307
6373,20,106,13.15,False,,2026-06-04 16:51:15.761320
6374,20,109,9.17,False,,2026-06-04 16:51:15.761333
6375,20,111,9.05,False,,2026-06-04 16:51:15.761346
6376,20,112,6.36,False,,2026-06-04 16:51:15.761358
6377,20,115,12.72,False,,2026-06-04 16:51:15.761371
6378,20,119,6.4,False,,2026-06-04 16:51:15.761384
6379,20,120,12.56,False,,2026-06-04 16:51:15.761397
6380,20,128,15.13,False,,2026-06-04 16:51:15.761410
6381,20,133,7.88,False,,2026-06-04 16:51:15.761423
6382,20,134,11.93,False,,2026-06-04 16:51:15.761436
6383,20,136,12.63,False,,2026-06-04 16:51:15.761449
6384,20,139,11.02,False,,2026-06-04 16:51:15.761462
6385,20,147,15.17,False,,2026-06-04 16:51:15.761474
6386,20,148,11.53,False,,2026-06-04 16:51:15.761487
6387,20,149,15.94,False,,2026-06-04 16:51:15.761500
6388,20,150,0.0,True,Absent,2026-06-04 16:51:15.761512
6389,20,152,13.07,False,,2026-06-04 16:51:15.761525
6390,20,155,9.1,False,,2026-06-04 16:51:15.761538
6391,20,159,0.0,True,Absent,2026-06-04 16:51:15.761550
6392,20,163,8.44,False,,2026-06-04 16:51:15.761563
6393,20,164,11.63,False,,2026-06-04 16:51:15.761576
6394,20,170,0.0,True,Absent,2026-06-04 16:51:15.761588
6395,20,171,6.16,False,,2026-06-04 16:51:15.761601
6396,20,172,13.1,False,,2026-06-04 16:51:15.761614
6397,20,174,13.0,False,,2026-06-04 16:51:15.761627
6398,20,175,14.96,False,,2026-06-04 16:51:15.761640
6399,20,180,11.03,False,,2026-06-04 16:51:15.761653
6400,20,187,11.89,False,,2026-06-04 16:51:15.761666
6401,20,192,13.06,False,,2026-06-04 16:51:15.761679
6402,20,193,14.83,False,,2026-06-04 16:51:15.761692
6403,20,200,10.84,False,,2026-06-04 16:51:15.761704
6404,20,207,15.78,False,,2026-06-04 16:51:15.761717
6405,20,209,17.97,False,,2026-06-04 16:51:15.761730
6406,20,210,9.88,False,,2026-06-04 16:51:15.761743
6407,20,218,8.59,False,,2026-06-04 16:51:15.761756
6408,20,225,12.11,False,,2026-06-04 16:51:15.761769
6409,20,226,13.1,False,,2026-06-04 16:51:15.761782
6410,20,230,13.09,False,,2026-06-04 16:51:15.761795
6411,20,237,14.42,False,,2026-06-04 16:51:15.761808
6412,20,238,15.44,False,,2026-06-04 16:51:15.761821
6413,20,239,9.26,False,,2026-06-04 16:51:15.761834
6414,20,241,12.31,False,,2026-06-04 16:51:15.761847
6415,20,246,13.36,False,,2026-06-04 16:51:15.761860
6416,20,247,13.55,False,,2026-06-04 16:51:15.761873
6417,20,257,11.91,False,,2026-06-04 16:51:15.761889
6418,20,263,15.12,False,,2026-06-04 16:51:15.761903
6419,20,265,10.1,False,,2026-06-04 16:51:15.761916
6420,20,267,9.2,False,,2026-06-04 16:51:15.761929
6421,20,273,8.02,False,,2026-06-04 16:51:15.761942
6422,20,278,9.43,False,,2026-06-04 16:51:15.761955
6423,20,280,14.3,False,,2026-06-04 16:51:15.761968
6424,20,285,15.04,False,,2026-06-04 16:51:15.761982
6425,20,287,11.41,False,,2026-06-04 16:51:15.761995
6426,20,304,10.93,False,,2026-06-04 16:51:15.762008
6427,20,305,12.02,False,,2026-06-04 16:51:15.762021
6428,20,307,10.59,False,,2026-06-04 16:51:15.762033
6429,20,309,8.82,False,,2026-06-04 16:51:15.762046
6430,20,312,16.9,False,,2026-06-04 16:51:15.762059
6431,20,314,16.37,False,,2026-06-04 16:51:15.762072
6432,20,316,9.95,False,,2026-06-04 16:51:15.762085
6433,20,321,0.0,True,Absent,2026-06-04 16:51:15.762098
6434,20,323,8.1,False,,2026-06-04 16:51:15.762111
6435,20,324,0.0,True,Absent,2026-06-04 16:51:15.762123
6436,20,330,12.29,False,,2026-06-04 16:51:15.762136
6437,20,331,9.36,False,,2026-06-04 16:51:15.762149
6438,20,335,13.25,False,,2026-06-04 16:51:15.762162
6439,20,337,15.68,False,,2026-06-04 16:51:15.762175
6440,20,341,12.6,False,,2026-06-04 16:51:15.762187
6441,20,344,11.57,False,,2026-06-04 16:51:15.762200
6442,20,345,14.22,False,,2026-06-04 16:51:15.762213
6443,20,349,12.54,False,,2026-06-04 16:51:15.762226
6444,20,352,13.93,False,,2026-06-04 16:51:15.762239
6445,20,353,0.0,True,Absent,2026-06-04 16:51:15.762251
6446,20,355,8.78,False,,2026-06-04 16:51:15.762264
6447,20,356,0.0,True,Absent,2026-06-04 16:51:15.762276
6448,20,358,6.75,False,,2026-06-04 16:51:15.762289
6449,20,360,12.99,False,,2026-06-04 16:51:15.762302
6450,20,362,11.44,False,,2026-06-04 16:51:15.762315
6451,20,364,13.96,False,,2026-06-04 16:51:15.762328
6452,20,366,13.28,False,,2026-06-04 16:51:15.762341
6453,20,370,13.03,False,,2026-06-04 16:51:15.762354
6454,20,375,0.0,True,Absent,2026-06-04 16:51:15.762366
6455,20,376,8.73,False,,2026-06-04 16:51:15.762379
6456,20,378,16.1,False,,2026-06-04 16:51:15.762392
6457,20,379,13.09,False,,2026-06-04 16:51:15.762405
6458,20,380,6.34,False,,2026-06-04 16:51:15.762418
6459,20,397,7.7,False,,2026-06-04 16:51:15.762431
6460,20,401,14.48,False,,2026-06-04 16:51:15.762444
6461,20,407,7.5,False,,2026-06-04 16:51:15.762457
6462,20,410,11.25,False,,2026-06-04 16:51:15.762470
6463,20,419,14.91,False,,2026-06-04 16:51:15.762483
6464,20,421,13.13,False,,2026-06-04 16:51:15.762496
6465,20,426,11.46,False,,2026-06-04 16:51:15.762508
6466,20,430,0.0,True,Absent,2026-06-04 16:51:15.762521
6467,20,432,10.73,False,,2026-06-04 16:51:15.762533
6468,20,436,14.3,False,,2026-06-04 16:51:15.762546
6469,20,437,10.67,False,,2026-06-04 16:51:15.762559
6470,20,444,15.64,False,,2026-06-04 16:51:15.762572
6471,20,445,11.56,False,,2026-06-04 16:51:15.762585
6472,20,446,10.07,False,,2026-06-04 16:51:15.762598
6473,20,447,10.95,False,,2026-06-04 16:51:15.762611
6474,20,450,9.64,False,,2026-06-04 16:51:15.762625
6475,20,454,0.0,True,Absent,2026-06-04 16:51:15.762637
6476,20,455,13.28,False,,2026-06-04 16:51:15.762651
6477,20,464,9.11,False,,2026-06-04 16:51:15.762664
6478,20,465,6.81,False,,2026-06-04 16:51:15.762677
6479,20,466,9.15,False,,2026-06-04 16:51:15.762689
6480,20,468,15.32,False,,2026-06-04 16:51:15.762702
6481,20,469,11.2,False,,2026-06-04 16:51:15.762715
6482,20,476,0.0,True,Absent,2026-06-04 16:51:15.762728
6483,20,477,14.07,False,,2026-06-04 16:51:15.762740
6484,20,478,9.03,False,,2026-06-04 16:51:15.762753
6485,20,480,14.73,False,,2026-06-04 16:51:15.762766
6486,20,483,16.6,False,,2026-06-04 16:51:15.762779
6487,20,496,17.65,False,,2026-06-04 16:51:15.762792
6488,20,499,0.0,True,Absent,2026-06-04 16:51:15.762804
6489,20,500,9.28,False,,2026-06-04 16:51:15.762817
6490,20,510,10.16,False,,2026-06-04 16:51:15.762830
6491,20,517,13.1,False,,2026-06-04 16:51:15.762843
6492,20,518,0.0,True,Absent,2026-06-04 16:51:15.762855
6493,20,522,0.0,True,Absent,2026-06-04 16:51:15.762867
6494,20,527,16.41,False,,2026-06-04 16:51:15.762880
6495,20,528,14.54,False,,2026-06-04 16:51:15.762896
6496,20,531,10.26,False,,2026-06-04 16:51:15.762909
6497,20,532,15.64,False,,2026-06-04 16:51:15.762922
6498,20,533,17.85,False,,2026-06-04 16:51:15.762935
6499,20,534,15.0,False,,2026-06-04 16:51:15.762948
6500,20,535,7.58,False,,2026-06-04 16:51:15.762961
6501,20,538,16.31,False,,2026-06-04 16:51:15.762974
6502,20,543,11.16,False,,2026-06-04 16:51:15.762987
6503,20,549,13.22,False,,2026-06-04 16:51:15.763000
6504,20,550,13.75,False,,2026-06-04 16:51:15.763013
6505,20,556,8.8,False,,2026-06-04 16:51:15.763026
6506,20,557,14.55,False,,2026-06-04 16:51:15.763039
6507,20,561,12.98,False,,2026-06-04 16:51:15.763052
6508,20,563,8.75,False,,2026-06-04 16:51:15.763065
6509,20,564,8.34,False,,2026-06-04 16:51:15.763078
6510,20,565,0.0,True,Absent,2026-06-04 16:51:15.763090
6511,20,566,11.37,False,,2026-06-04 16:51:15.763103
6512,20,568,8.79,False,,2026-06-04 16:51:15.763115
6513,20,570,12.39,False,,2026-06-04 16:51:15.763128
6514,20,573,12.17,False,,2026-06-04 16:51:15.763141
6515,20,574,11.7,False,,2026-06-04 16:51:15.763154
6516,20,575,18.07,False,,2026-06-04 16:51:15.763167
6517,20,578,8.88,False,,2026-06-04 16:51:15.763180
6518,20,589,11.16,False,,2026-06-04 16:51:15.763193
6519,20,591,12.81,False,,2026-06-04 16:51:15.763206
6520,20,594,12.08,False,,2026-06-04 16:51:15.763219
6521,20,596,13.79,False,,2026-06-04 16:51:15.763232
6522,20,597,16.18,False,,2026-06-04 16:51:15.763245
6523,20,598,12.07,False,,2026-06-04 16:51:15.763257
6524,20,602,0.0,True,Absent,2026-06-04 16:51:15.763270
6525,20,607,15.3,False,,2026-06-04 16:51:15.763283
6526,20,609,10.95,False,,2026-06-04 16:51:15.763296
6527,20,610,15.8,False,,2026-06-04 16:51:15.763309
6528,20,612,10.09,False,,2026-06-04 16:51:15.763322
6529,20,614,7.27,False,,2026-06-04 16:51:15.763335
6530,20,615,13.03,False,,2026-06-04 16:51:15.763348
6531,20,616,0.0,True,Absent,2026-06-04 16:51:15.763360
6532,20,617,14.55,False,,2026-06-04 16:51:15.763373
6533,20,618,11.12,False,,2026-06-04 16:51:15.763386
6534,20,621,0.0,True,Absent,2026-06-04 16:51:15.763398
6535,20,626,14.73,False,,2026-06-04 16:51:15.763411
6536,20,627,11.04,False,,2026-06-04 16:51:15.763424
6537,20,630,15.23,False,,2026-06-04 16:51:15.763437
6538,20,632,14.03,False,,2026-06-04 16:51:15.763450
6539,20,633,10.66,False,,2026-06-04 16:51:15.763463
6540,20,634,10.67,False,,2026-06-04 16:51:15.763475
6541,20,635,14.05,False,,2026-06-04 16:51:15.763488
6542,20,639,8.3,False,,2026-06-04 16:51:15.763501
6543,20,640,6.82,False,,2026-06-04 16:51:15.763514
6544,20,642,11.83,False,,2026-06-04 16:51:15.763527
6545,20,651,7.25,False,,2026-06-04 16:51:15.763540
6546,20,658,7.22,False,,2026-06-04 16:51:15.763553
6547,20,659,16.23,False,,2026-06-04 16:51:15.763565
6548,20,661,12.4,False,,2026-06-04 16:51:15.763578
6549,20,664,14.6,False,,2026-06-04 16:51:15.763591
6550,20,665,15.3,False,,2026-06-04 16:51:15.763604
6551,20,668,10.08,False,,2026-06-04 16:51:15.763617
6552,20,670,14.96,False,,2026-06-04 16:51:15.763630
6553,20,671,11.2,False,,2026-06-04 16:51:15.763645
6554,20,673,7.07,False,,2026-06-04 16:51:15.763659
6555,20,679,13.79,False,,2026-06-04 16:51:15.763673
6556,20,681,11.87,False,,2026-06-04 16:51:15.763686
6557,20,682,10.29,False,,2026-06-04 16:51:15.763699
6558,20,683,9.27,False,,2026-06-04 16:51:15.763713
6559,20,685,11.43,False,,2026-06-04 16:51:15.763727
6560,20,686,12.81,False,,2026-06-04 16:51:15.763740
6561,20,688,13.53,False,,2026-06-04 16:51:15.763754
6562,20,690,11.63,False,,2026-06-04 16:51:15.763767
6563,20,695,9.68,False,,2026-06-04 16:51:15.763781
6564,20,699,8.56,False,,2026-06-04 16:51:15.763794
6565,20,700,17.41,False,,2026-06-04 16:51:15.763807
6566,20,703,13.73,False,,2026-06-04 16:51:15.763820
6567,20,704,16.01,False,,2026-06-04 16:51:15.763832
6568,20,705,16.86,False,,2026-06-04 16:51:15.763845
6569,20,706,11.5,False,,2026-06-04 16:51:15.763858
6570,20,708,15.35,False,,2026-06-04 16:51:15.763871
6571,20,709,11.95,False,,2026-06-04 16:51:15.763883
6572,20,711,11.7,False,,2026-06-04 16:51:15.763896
6573,20,713,10.45,False,,2026-06-04 16:51:15.763912
6574,20,716,9.64,False,,2026-06-04 16:51:15.763925
6575,20,719,8.01,False,,2026-06-04 16:51:15.763938
6576,20,721,0.0,True,Absent,2026-06-04 16:51:15.763950
6577,20,726,9.49,False,,2026-06-04 16:51:15.763963
6578,20,728,14.61,False,,2026-06-04 16:51:15.763976
6579,20,730,16.78,False,,2026-06-04 16:51:15.763989
6580,20,731,8.12,False,,2026-06-04 16:51:15.764002
6581,20,737,9.65,False,,2026-06-04 16:51:15.764015
6582,20,738,12.59,False,,2026-06-04 16:51:15.764031
6583,20,739,13.39,False,,2026-06-04 16:51:15.764044
6584,20,741,10.39,False,,2026-06-04 16:51:15.764057
6585,20,745,0.0,True,Absent,2026-06-04 16:51:15.764069
6586,20,751,8.36,False,,2026-06-04 16:51:15.764082
6587,20,752,18.22,False,,2026-06-04 16:51:15.764095
6588,20,753,12.58,False,,2026-06-04 16:51:15.764111
6589,20,754,10.48,False,,2026-06-04 16:51:15.764124
6590,20,756,0.0,True,Absent,2026-06-04 16:51:15.764136
6591,20,758,6.29,False,,2026-06-04 16:51:15.764149
6592,20,761,6.94,False,,2026-06-04 16:51:15.764162
6593,20,764,14.84,False,,2026-06-04 16:51:15.764175
6594,20,765,10.09,False,,2026-06-04 16:51:15.764188
6595,20,769,15.87,False,,2026-06-04 16:51:15.764201
6596,20,771,11.08,False,,2026-06-04 16:51:15.764213
6597,20,772,6.65,False,,2026-06-04 16:51:15.764226
6598,20,775,15.9,False,,2026-06-04 16:51:15.764239
6599,20,782,12.58,False,,2026-06-04 16:51:15.764252
6600,20,783,8.77,False,,2026-06-04 16:51:15.764265
6601,20,785,14.0,False,,2026-06-04 16:51:15.764278
6602,20,791,7.65,False,,2026-06-04 16:51:15.764291
6603,20,792,16.19,False,,2026-06-04 16:51:15.764304
6604,20,794,12.45,False,,2026-06-04 16:51:15.764317
6605,20,799,10.25,False,,2026-06-04 16:51:15.764329
6606,20,804,0.0,True,Absent,2026-06-04 16:51:15.764342
6607,20,808,9.75,False,,2026-06-04 16:51:15.764355
6608,20,809,11.14,False,,2026-06-04 16:51:15.764368
6609,20,811,7.28,False,,2026-06-04 16:51:15.764381
6610,20,818,15.79,False,,2026-06-04 16:51:15.764393
6611,20,819,14.34,False,,2026-06-04 16:51:15.764407
6612,20,823,12.54,False,,2026-06-04 16:51:15.764420
6613,20,825,9.45,False,,2026-06-04 16:51:15.764433
6614,20,828,8.76,False,,2026-06-04 16:51:15.764445
6615,20,832,12.11,False,,2026-06-04 16:51:15.764458
6616,20,834,16.49,False,,2026-06-04 16:51:15.764471
6617,20,835,0.0,True,Absent,2026-06-04 16:51:15.764484
6618,20,838,14.49,False,,2026-06-04 16:51:15.764497
6619,20,841,13.31,False,,2026-06-04 16:51:15.764510
6620,20,843,10.16,False,,2026-06-04 16:51:15.764522
6621,20,845,12.76,False,,2026-06-04 16:51:15.764535
6622,20,846,8.99,False,,2026-06-04 16:51:15.764548
6623,20,848,10.95,False,,2026-06-04 16:51:15.764561
6624,20,849,9.82,False,,2026-06-04 16:51:15.764574
6625,20,850,15.71,False,,2026-06-04 16:51:15.764587
6626,20,852,11.73,False,,2026-06-04 16:51:15.764600
6627,20,854,0.0,True,Absent,2026-06-04 16:51:15.764613
6628,20,857,11.56,False,,2026-06-04 16:51:15.764626
6629,20,858,10.12,False,,2026-06-04 16:51:15.764639
6630,20,866,0.0,True,Absent,2026-06-04 16:51:15.764651
6631,20,867,8.81,False,,2026-06-04 16:51:15.764664
6632,20,871,12.97,False,,2026-06-04 16:51:15.764677
6633,20,874,13.28,False,,2026-06-04 16:51:15.764690
6634,20,884,9.73,False,,2026-06-04 16:51:15.764703
6635,20,889,12.19,False,,2026-06-04 16:51:15.764716
6636,20,890,8.61,False,,2026-06-04 16:51:15.764729
6637,20,895,7.9,False,,2026-06-04 16:51:15.764742
6638,20,901,7.12,False,,2026-06-04 16:51:15.764755
6639,20,904,10.07,False,,2026-06-04 16:51:15.764768
6640,20,907,0.0,True,Absent,2026-06-04 16:51:15.764780
6641,20,908,0.0,True,Absent,2026-06-04 16:51:15.764793
6642,20,909,16.5,False,,2026-06-04 16:51:15.764805
6643,20,910,8.75,False,,2026-06-04 16:51:15.764818
6644,20,916,8.78,False,,2026-06-04 16:51:15.764831
6645,20,918,11.94,False,,2026-06-04 16:51:15.764844
6646,20,920,12.85,False,,2026-06-04 16:51:15.764857
6647,20,923,15.64,False,,2026-06-04 16:51:15.764870
6648,20,925,7.72,False,,2026-06-04 16:51:15.764883
6649,20,930,5.67,False,,2026-06-04 16:51:15.764895
6650,20,935,11.12,False,,2026-06-04 16:51:15.764908
6651,20,941,13.68,False,,2026-06-04 16:51:15.764927
6652,20,942,8.3,False,,2026-06-04 16:51:15.764941
6653,20,943,11.69,False,,2026-06-04 16:51:15.764954
6654,20,946,10.36,False,,2026-06-04 16:51:15.764967
6655,20,957,16.83,False,,2026-06-04 16:51:15.764980
6656,20,958,11.28,False,,2026-06-04 16:51:15.764992
6657,20,962,8.11,False,,2026-06-04 16:51:15.765005
6658,20,964,12.32,False,,2026-06-04 16:51:15.765018
6659,20,966,0.0,True,Absent,2026-06-04 16:51:15.765031
6660,20,968,10.17,False,,2026-06-04 16:51:15.765044
6661,20,969,12.58,False,,2026-06-04 16:51:15.765058
6662,20,970,11.43,False,,2026-06-04 16:51:15.765071
6663,20,972,11.48,False,,2026-06-04 16:51:15.765084
6664,20,973,16.56,False,,2026-06-04 16:51:15.765097
6665,20,975,15.02,False,,2026-06-04 16:51:15.765109
6666,20,981,13.09,False,,2026-06-04 16:51:15.765122
6667,20,982,8.98,False,,2026-06-04 16:51:15.765135
6668,20,986,13.17,False,,2026-06-04 16:51:15.765148
6669,20,987,11.27,False,,2026-06-04 16:51:15.765161
6670,20,993,14.86,False,,2026-06-04 16:51:15.765174
6671,20,995,0.0,True,Absent,2026-06-04 16:51:15.765186
6672,20,1000,14.41,False,,2026-06-04 16:51:15.765199
6673,21,4,15.72,False,,2026-06-04 16:51:15.765538
6674,21,7,16.39,False,,2026-06-04 16:51:15.765555
6675,21,10,0.0,True,Absent,2026-06-04 16:51:15.765571
6676,21,12,11.11,False,,2026-06-04 16:51:15.765585
6677,21,14,10.41,False,,2026-06-04 16:51:15.765598
6678,21,18,16.88,False,,2026-06-04 16:51:15.765611
6679,21,23,13.25,False,,2026-06-04 16:51:15.765624
6680,21,25,11.07,False,,2026-06-04 16:51:15.765637
6681,21,27,10.19,False,,2026-06-04 16:51:15.765650
6682,21,28,14.14,False,,2026-06-04 16:51:15.765663
6683,21,29,16.06,False,,2026-06-04 16:51:15.765676
6684,21,32,6.87,False,,2026-06-04 16:51:15.765689
6685,21,39,13.94,False,,2026-06-04 16:51:15.765702
6686,21,41,7.44,False,,2026-06-04 16:51:15.765716
6687,21,43,14.75,False,,2026-06-04 16:51:15.765729
6688,21,45,8.4,False,,2026-06-04 16:51:15.765742
6689,21,48,11.74,False,,2026-06-04 16:51:15.765755
6690,21,56,0.0,True,Absent,2026-06-04 16:51:15.765768
6691,21,61,0.0,True,Absent,2026-06-04 16:51:15.765781
6692,21,63,9.9,False,,2026-06-04 16:51:15.765794
6693,21,65,12.41,False,,2026-06-04 16:51:15.765807
6694,21,73,14.25,False,,2026-06-04 16:51:15.765820
6695,21,74,9.88,False,,2026-06-04 16:51:15.765833
6696,21,75,0.0,True,Absent,2026-06-04 16:51:15.765845
6697,21,76,14.96,False,,2026-06-04 16:51:15.765858
6698,21,90,12.21,False,,2026-06-04 16:51:15.765871
6699,21,91,10.89,False,,2026-06-04 16:51:15.765885
6700,21,93,15.19,False,,2026-06-04 16:51:15.765897
6701,21,98,10.12,False,,2026-06-04 16:51:15.765910
6702,21,99,14.95,False,,2026-06-04 16:51:15.765923
6703,21,102,10.92,False,,2026-06-04 16:51:15.765936
6704,21,104,13.39,False,,2026-06-04 16:51:15.765949
6705,21,106,15.65,False,,2026-06-04 16:51:15.765962
6706,21,109,6.13,False,,2026-06-04 16:51:15.765975
6707,21,111,6.67,False,,2026-06-04 16:51:15.765988
6708,21,112,9.64,False,,2026-06-04 16:51:15.766001
6709,21,115,12.95,False,,2026-06-04 16:51:15.766014
6710,21,119,9.23,False,,2026-06-04 16:51:15.766027
6711,21,120,13.26,False,,2026-06-04 16:51:15.766040
6712,21,128,14.12,False,,2026-06-04 16:51:15.766053
6713,21,133,5.39,False,,2026-06-04 16:51:15.766065
6714,21,134,13.95,False,,2026-06-04 16:51:15.766078
6715,21,136,14.3,False,,2026-06-04 16:51:15.766091
6716,21,139,12.75,False,,2026-06-04 16:51:15.766104
6717,21,147,16.12,False,,2026-06-04 16:51:15.766120
6718,21,148,12.22,False,,2026-06-04 16:51:15.766133
6719,21,149,16.87,False,,2026-06-04 16:51:15.766146
6720,21,150,12.29,False,,2026-06-04 16:51:15.766159
6721,21,152,15.16,False,,2026-06-04 16:51:15.766172
6722,21,155,11.83,False,,2026-06-04 16:51:15.766184
6723,21,159,8.7,False,,2026-06-04 16:51:15.766197
6724,21,163,14.16,False,,2026-06-04 16:51:15.766210
6725,21,164,11.59,False,,2026-06-04 16:51:15.766223
6726,21,170,9.13,False,,2026-06-04 16:51:15.766235
6727,21,171,7.67,False,,2026-06-04 16:51:15.766248
6728,21,172,15.71,False,,2026-06-04 16:51:15.766261
6729,21,174,15.16,False,,2026-06-04 16:51:15.766277
6730,21,175,16.17,False,,2026-06-04 16:51:15.766290
6731,21,180,13.7,False,,2026-06-04 16:51:15.766303
6732,21,187,7.59,False,,2026-06-04 16:51:15.766316
6733,21,192,12.11,False,,2026-06-04 16:51:15.766329
6734,21,193,12.7,False,,2026-06-04 16:51:15.766342
6735,21,200,15.6,False,,2026-06-04 16:51:15.766354
6736,21,207,15.44,False,,2026-06-04 16:51:15.766367
6737,21,209,13.48,False,,2026-06-04 16:51:15.766380
6738,21,210,9.95,False,,2026-06-04 16:51:15.766393
6739,21,218,0.0,True,Absent,2026-06-04 16:51:15.766405
6740,21,225,15.67,False,,2026-06-04 16:51:15.766418
6741,21,226,16.91,False,,2026-06-04 16:51:15.766431
6742,21,230,13.38,False,,2026-06-04 16:51:15.766444
6743,21,237,11.5,False,,2026-06-04 16:51:15.766456
6744,21,238,15.57,False,,2026-06-04 16:51:15.766469
6745,21,239,6.79,False,,2026-06-04 16:51:15.766482
6746,21,241,8.92,False,,2026-06-04 16:51:15.766495
6747,21,246,13.22,False,,2026-06-04 16:51:15.766507
6748,21,247,12.18,False,,2026-06-04 16:51:15.766520
6749,21,257,14.79,False,,2026-06-04 16:51:15.766533
6750,21,263,12.92,False,,2026-06-04 16:51:15.766547
6751,21,265,6.41,False,,2026-06-04 16:51:15.766560
6752,21,267,12.76,False,,2026-06-04 16:51:15.766573
6753,21,273,11.25,False,,2026-06-04 16:51:15.766586
6754,21,278,9.47,False,,2026-06-04 16:51:15.766599
6755,21,280,15.7,False,,2026-06-04 16:51:15.766611
6756,21,285,13.53,False,,2026-06-04 16:51:15.766624
6757,21,287,10.55,False,,2026-06-04 16:51:15.766637
6758,21,304,8.79,False,,2026-06-04 16:51:15.766650
6759,21,305,8.38,False,,2026-06-04 16:51:15.766663
6760,21,307,15.92,False,,2026-06-04 16:51:15.766675
6761,21,309,11.72,False,,2026-06-04 16:51:15.766688
6762,21,312,14.18,False,,2026-06-04 16:51:15.766701
6763,21,314,14.99,False,,2026-06-04 16:51:15.766714
6764,21,316,11.06,False,,2026-06-04 16:51:15.766727
6765,21,321,8.61,False,,2026-06-04 16:51:15.766740
6766,21,323,9.79,False,,2026-06-04 16:51:15.766753
6767,21,324,9.86,False,,2026-06-04 16:51:15.766765
6768,21,330,14.1,False,,2026-06-04 16:51:15.766778
6769,21,331,9.47,False,,2026-06-04 16:51:15.766791
6770,21,335,9.62,False,,2026-06-04 16:51:15.766804
6771,21,337,12.9,False,,2026-06-04 16:51:15.766817
6772,21,341,11.55,False,,2026-06-04 16:51:15.766829
6773,21,344,10.44,False,,2026-06-04 16:51:15.766842
6774,21,345,16.93,False,,2026-06-04 16:51:15.766855
6775,21,349,11.82,False,,2026-06-04 16:51:15.766867
6776,21,352,14.19,False,,2026-06-04 16:51:15.766880
6777,21,353,15.32,False,,2026-06-04 16:51:15.766893
6778,21,355,6.23,False,,2026-06-04 16:51:15.766906
6779,21,356,7.96,False,,2026-06-04 16:51:15.766919
6780,21,358,9.44,False,,2026-06-04 16:51:15.766932
6781,21,360,8.29,False,,2026-06-04 16:51:15.766944
6782,21,362,12.27,False,,2026-06-04 16:51:15.766957
6783,21,364,15.95,False,,2026-06-04 16:51:15.766970
6784,21,366,10.24,False,,2026-06-04 16:51:15.766983
6785,21,370,0.0,True,Absent,2026-06-04 16:51:15.766995
6786,21,375,16.54,False,,2026-06-04 16:51:15.767008
6787,21,376,8.15,False,,2026-06-04 16:51:15.767021
6788,21,378,16.4,False,,2026-06-04 16:51:15.767034
6789,21,379,12.83,False,,2026-06-04 16:51:15.767046
6790,21,380,10.5,False,,2026-06-04 16:51:15.767059
6791,21,397,10.99,False,,2026-06-04 16:51:15.767072
6792,21,401,13.33,False,,2026-06-04 16:51:15.767085
6793,21,407,7.36,False,,2026-06-04 16:51:15.767098
6794,21,410,10.4,False,,2026-06-04 16:51:15.767111
6795,21,419,12.52,False,,2026-06-04 16:51:15.767124
6796,21,421,11.38,False,,2026-06-04 16:51:15.767139
6797,21,426,10.04,False,,2026-06-04 16:51:15.767153
6798,21,430,10.99,False,,2026-06-04 16:51:15.767166
6799,21,432,11.23,False,,2026-06-04 16:51:15.767180
6800,21,436,14.03,False,,2026-06-04 16:51:15.767194
6801,21,437,10.49,False,,2026-06-04 16:51:15.767207
6802,21,444,15.77,False,,2026-06-04 16:51:15.767220
6803,21,445,12.34,False,,2026-06-04 16:51:15.767233
6804,21,446,8.9,False,,2026-06-04 16:51:15.767246
6805,21,447,11.9,False,,2026-06-04 16:51:15.767259
6806,21,450,0.0,True,Absent,2026-06-04 16:51:15.767271
6807,21,454,8.43,False,,2026-06-04 16:51:15.767287
6808,21,455,12.36,False,,2026-06-04 16:51:15.767302
6809,21,464,12.35,False,,2026-06-04 16:51:15.767316
6810,21,465,7.75,False,,2026-06-04 16:51:15.767329
6811,21,466,10.96,False,,2026-06-04 16:51:15.767342
6812,21,468,15.4,False,,2026-06-04 16:51:15.767355
6813,21,469,7.18,False,,2026-06-04 16:51:15.767368
6814,21,476,10.96,False,,2026-06-04 16:51:15.767381
6815,21,477,0.0,True,Absent,2026-06-04 16:51:15.767393
6816,21,478,8.86,False,,2026-06-04 16:51:15.767406
6817,21,480,13.31,False,,2026-06-04 16:51:15.767419
6818,21,483,12.96,False,,2026-06-04 16:51:15.767432
6819,21,496,12.15,False,,2026-06-04 16:51:15.767444
6820,21,499,8.24,False,,2026-06-04 16:51:15.767457
6821,21,500,12.7,False,,2026-06-04 16:51:15.767470
6822,21,510,10.43,False,,2026-06-04 16:51:15.767482
6823,21,517,8.88,False,,2026-06-04 16:51:15.767495
6824,21,518,0.0,True,Absent,2026-06-04 16:51:15.767508
6825,21,522,11.05,False,,2026-06-04 16:51:15.767520
6826,21,527,12.74,False,,2026-06-04 16:51:15.767533
6827,21,528,14.64,False,,2026-06-04 16:51:15.767546
6828,21,531,6.27,False,,2026-06-04 16:51:15.767558
6829,21,532,14.6,False,,2026-06-04 16:51:15.767571
6830,21,533,16.62,False,,2026-06-04 16:51:15.767584
6831,21,534,13.62,False,,2026-06-04 16:51:15.767597
6832,21,535,10.71,False,,2026-06-04 16:51:15.767609
6833,21,538,12.6,False,,2026-06-04 16:51:15.767623
6834,21,543,10.46,False,,2026-06-04 16:51:15.767635
6835,21,549,8.97,False,,2026-06-04 16:51:15.767649
6836,21,550,0.0,True,Absent,2026-06-04 16:51:15.767661
6837,21,556,12.23,False,,2026-06-04 16:51:15.767674
6838,21,557,15.64,False,,2026-06-04 16:51:15.767686
6839,21,561,11.65,False,,2026-06-04 16:51:15.767699
6840,21,563,12.76,False,,2026-06-04 16:51:15.767712
6841,21,564,13.78,False,,2026-06-04 16:51:15.767724
6842,21,565,9.97,False,,2026-06-04 16:51:15.767737
6843,21,566,8.31,False,,2026-06-04 16:51:15.767750
6844,21,568,10.92,False,,2026-06-04 16:51:15.767763
6845,21,570,10.02,False,,2026-06-04 16:51:15.767775
6846,21,573,8.32,False,,2026-06-04 16:51:15.767788
6847,21,574,11.85,False,,2026-06-04 16:51:15.767801
6848,21,575,0.0,True,Absent,2026-06-04 16:51:15.767813
6849,21,578,5.96,False,,2026-06-04 16:51:15.767826
6850,21,589,9.59,False,,2026-06-04 16:51:15.767839
6851,21,591,14.49,False,,2026-06-04 16:51:15.767852
6852,21,594,13.98,False,,2026-06-04 16:51:15.767865
6853,21,596,9.45,False,,2026-06-04 16:51:15.767877
6854,21,597,0.0,True,Absent,2026-06-04 16:51:15.767890
6855,21,598,10.54,False,,2026-06-04 16:51:15.767903
6856,21,602,16.2,False,,2026-06-04 16:51:15.767915
6857,21,607,12.05,False,,2026-06-04 16:51:15.767928
6858,21,609,15.04,False,,2026-06-04 16:51:15.767941
6859,21,610,15.07,False,,2026-06-04 16:51:15.767954
6860,21,612,10.06,False,,2026-06-04 16:51:15.767966
6861,21,614,10.91,False,,2026-06-04 16:51:15.767979
6862,21,615,11.78,False,,2026-06-04 16:51:15.767992
6863,21,616,11.34,False,,2026-06-04 16:51:15.768004
6864,21,617,10.78,False,,2026-06-04 16:51:15.768017
6865,21,618,13.15,False,,2026-06-04 16:51:15.768030
6866,21,621,12.6,False,,2026-06-04 16:51:15.768043
6867,21,626,13.8,False,,2026-06-04 16:51:15.768056
6868,21,627,14.64,False,,2026-06-04 16:51:15.768069
6869,21,630,16.43,False,,2026-06-04 16:51:15.768081
6870,21,632,11.46,False,,2026-06-04 16:51:15.768094
6871,21,633,9.77,False,,2026-06-04 16:51:15.768107
6872,21,634,9.32,False,,2026-06-04 16:51:15.768120
6873,21,635,13.56,False,,2026-06-04 16:51:15.768132
6874,21,639,9.38,False,,2026-06-04 16:51:15.768145
6875,21,640,8.33,False,,2026-06-04 16:51:15.768158
6876,21,642,10.77,False,,2026-06-04 16:51:15.768171
6877,21,651,6.78,False,,2026-06-04 16:51:15.768183
6878,21,658,7.62,False,,2026-06-04 16:51:15.768196
6879,21,659,12.99,False,,2026-06-04 16:51:15.768209
6880,21,661,12.77,False,,2026-06-04 16:51:15.768222
6881,21,664,15.79,False,,2026-06-04 16:51:15.768235
6882,21,665,13.5,False,,2026-06-04 16:51:15.768248
6883,21,668,10.26,False,,2026-06-04 16:51:15.768261
6884,21,670,12.6,False,,2026-06-04 16:51:15.768273
6885,21,671,0.0,True,Absent,2026-06-04 16:51:15.768289
6886,21,673,11.29,False,,2026-06-04 16:51:15.768302
6887,21,679,15.56,False,,2026-06-04 16:51:15.768315
6888,21,681,9.44,False,,2026-06-04 16:51:15.768327
6889,21,682,8.78,False,,2026-06-04 16:51:15.768340
6890,21,683,11.17,False,,2026-06-04 16:51:15.768353
6891,21,685,16.93,False,,2026-06-04 16:51:15.768366
6892,21,686,0.0,True,Absent,2026-06-04 16:51:15.768378
6893,21,688,10.43,False,,2026-06-04 16:51:15.768391
6894,21,690,0.0,True,Absent,2026-06-04 16:51:15.768403
6895,21,695,11.79,False,,2026-06-04 16:51:15.768416
6896,21,699,0.0,True,Absent,2026-06-04 16:51:15.768428
6897,21,700,14.76,False,,2026-06-04 16:51:15.768441
6898,21,703,11.98,False,,2026-06-04 16:51:15.768454
6899,21,704,14.29,False,,2026-06-04 16:51:15.768466
6900,21,705,12.4,False,,2026-06-04 16:51:15.768479
6901,21,706,11.95,False,,2026-06-04 16:51:15.768492
6902,21,708,15.69,False,,2026-06-04 16:51:15.768505
6903,21,709,10.62,False,,2026-06-04 16:51:15.768518
6904,21,711,12.25,False,,2026-06-04 16:51:15.768531
6905,21,713,13.23,False,,2026-06-04 16:51:15.768543
6906,21,716,7.34,False,,2026-06-04 16:51:15.768556
6907,21,719,9.31,False,,2026-06-04 16:51:15.768569
6908,21,721,13.79,False,,2026-06-04 16:51:15.768582
6909,21,726,7.83,False,,2026-06-04 16:51:15.768594
6910,21,728,9.36,False,,2026-06-04 16:51:15.768607
6911,21,730,14.69,False,,2026-06-04 16:51:15.768620
6912,21,731,7.34,False,,2026-06-04 16:51:15.768633
6913,21,737,7.27,False,,2026-06-04 16:51:15.768645
6914,21,738,9.58,False,,2026-06-04 16:51:15.768658
6915,21,739,14.22,False,,2026-06-04 16:51:15.768671
6916,21,741,10.11,False,,2026-06-04 16:51:15.768684
6917,21,745,0.0,True,Absent,2026-06-04 16:51:15.768696
6918,21,751,11.06,False,,2026-06-04 16:51:15.768709
6919,21,752,14.72,False,,2026-06-04 16:51:15.768722
6920,21,753,14.52,False,,2026-06-04 16:51:15.768735
6921,21,754,7.54,False,,2026-06-04 16:51:15.768748
6922,21,756,7.56,False,,2026-06-04 16:51:15.768761
6923,21,758,6.59,False,,2026-06-04 16:51:15.768773
6924,21,761,8.18,False,,2026-06-04 16:51:15.768786
6925,21,764,15.68,False,,2026-06-04 16:51:15.768799
6926,21,765,8.1,False,,2026-06-04 16:51:15.768811
6927,21,769,18.39,False,,2026-06-04 16:51:15.768824
6928,21,771,8.06,False,,2026-06-04 16:51:15.768840
6929,21,772,11.45,False,,2026-06-04 16:51:15.768853
6930,21,775,0.0,True,Absent,2026-06-04 16:51:15.768865
6931,21,782,14.08,False,,2026-06-04 16:51:15.768878
6932,21,783,0.0,True,Absent,2026-06-04 16:51:15.768890
6933,21,785,16.15,False,,2026-06-04 16:51:15.768903
6934,21,791,8.86,False,,2026-06-04 16:51:15.768916
6935,21,792,14.44,False,,2026-06-04 16:51:15.768929
6936,21,794,8.87,False,,2026-06-04 16:51:15.768942
6937,21,799,9.38,False,,2026-06-04 16:51:15.768955
6938,21,804,12.93,False,,2026-06-04 16:51:15.768968
6939,21,808,11.06,False,,2026-06-04 16:51:15.768981
6940,21,809,10.95,False,,2026-06-04 16:51:15.768994
6941,21,811,6.78,False,,2026-06-04 16:51:15.769007
6942,21,818,11.36,False,,2026-06-04 16:51:15.769019
6943,21,819,9.53,False,,2026-06-04 16:51:15.769032
6944,21,823,12.55,False,,2026-06-04 16:51:15.769045
6945,21,825,6.83,False,,2026-06-04 16:51:15.769058
6946,21,828,8.55,False,,2026-06-04 16:51:15.769071
6947,21,832,15.37,False,,2026-06-04 16:51:15.769084
6948,21,834,16.17,False,,2026-06-04 16:51:15.769097
6949,21,835,0.0,True,Absent,2026-06-04 16:51:15.769109
6950,21,838,17.69,False,,2026-06-04 16:51:15.769122
6951,21,841,12.95,False,,2026-06-04 16:51:15.769135
6952,21,843,10.76,False,,2026-06-04 16:51:15.769148
6953,21,845,13.09,False,,2026-06-04 16:51:15.769162
6954,21,846,10.5,False,,2026-06-04 16:51:15.769175
6955,21,848,9.13,False,,2026-06-04 16:51:15.769188
6956,21,849,11.57,False,,2026-06-04 16:51:15.769201
6957,21,850,15.64,False,,2026-06-04 16:51:15.769214
6958,21,852,10.93,False,,2026-06-04 16:51:15.769226
6959,21,854,15.48,False,,2026-06-04 16:51:15.769239
6960,21,857,10.29,False,,2026-06-04 16:51:15.769252
6961,21,858,8.7,False,,2026-06-04 16:51:15.769265
6962,21,866,12.55,False,,2026-06-04 16:51:15.769278
6963,21,867,8.46,False,,2026-06-04 16:51:15.769293
6964,21,871,0.0,True,Absent,2026-06-04 16:51:15.769305
6965,21,874,14.53,False,,2026-06-04 16:51:15.769318
6966,21,884,14.76,False,,2026-06-04 16:51:15.769331
6967,21,889,11.2,False,,2026-06-04 16:51:15.769344
6968,21,890,6.86,False,,2026-06-04 16:51:15.769357
6969,21,895,9.02,False,,2026-06-04 16:51:15.769370
6970,21,901,0.0,True,Absent,2026-06-04 16:51:15.769384
6971,21,904,6.15,False,,2026-06-04 16:51:15.769397
6972,21,907,8.22,False,,2026-06-04 16:51:15.769410
6973,21,908,15.38,False,,2026-06-04 16:51:15.769423
6974,21,909,13.0,False,,2026-06-04 16:51:15.769435
6975,21,910,10.97,False,,2026-06-04 16:51:15.769448
6976,21,916,14.59,False,,2026-06-04 16:51:15.769461
6977,21,918,11.32,False,,2026-06-04 16:51:15.769474
6978,21,920,9.98,False,,2026-06-04 16:51:15.769487
6979,21,923,14.1,False,,2026-06-04 16:51:15.769500
6980,21,925,6.16,False,,2026-06-04 16:51:15.769515
6981,21,930,10.85,False,,2026-06-04 16:51:15.769528
6982,21,935,12.76,False,,2026-06-04 16:51:15.769541
6983,21,941,0.0,True,Absent,2026-06-04 16:51:15.769554
6984,21,942,10.69,False,,2026-06-04 16:51:15.769567
6985,21,943,9.17,False,,2026-06-04 16:51:15.769579
6986,21,946,7.84,False,,2026-06-04 16:51:15.769593
6987,21,957,13.94,False,,2026-06-04 16:51:15.769606
6988,21,958,10.12,False,,2026-06-04 16:51:15.769618
6989,21,962,8.23,False,,2026-06-04 16:51:15.769631
6990,21,964,11.76,False,,2026-06-04 16:51:15.769644
6991,21,966,12.68,False,,2026-06-04 16:51:15.769657
6992,21,968,15.26,False,,2026-06-04 16:51:15.769670
6993,21,969,15.38,False,,2026-06-04 16:51:15.769683
6994,21,970,12.86,False,,2026-06-04 16:51:15.769695
6995,21,972,12.81,False,,2026-06-04 16:51:15.769708
6996,21,973,12.66,False,,2026-06-04 16:51:15.769721
6997,21,975,18.12,False,,2026-06-04 16:51:15.769734
6998,21,981,12.94,False,,2026-06-04 16:51:15.769747
6999,21,982,13.14,False,,2026-06-04 16:51:15.769759
7000,21,986,13.9,False,,2026-06-04 16:51:15.769772
7001,21,987,11.79,False,,2026-06-04 16:51:15.769785
7002,21,993,13.86,False,,2026-06-04 16:51:15.769798
7003,21,995,13.27,False,,2026-06-04 16:51:15.769810
7004,21,1000,14.74,False,,2026-06-04 16:51:15.769823
7005,22,4,15.51,False,,2026-06-04 16:51:15.770153
7006,22,7,14.36,False,,2026-06-04 16:51:15.770170
7007,22,10,0.0,True,Absent,2026-06-04 16:51:15.770185
7008,22,12,8.94,False,,2026-06-04 16:51:15.770199
7009,22,14,13.22,False,,2026-06-04 16:51:15.770212
7010,22,18,16.36,False,,2026-06-04 16:51:15.770225
7011,22,23,13.31,False,,2026-06-04 16:51:15.770238
7012,22,25,11.24,False,,2026-06-04 16:51:15.770251
7013,22,27,7.61,False,,2026-06-04 16:51:15.770264
7014,22,28,16.49,False,,2026-06-04 16:51:15.770277
7015,22,29,15.76,False,,2026-06-04 16:51:15.770290
7016,22,32,10.89,False,,2026-06-04 16:51:15.770303
7017,22,39,13.93,False,,2026-06-04 16:51:15.770316
7018,22,41,12.58,False,,2026-06-04 16:51:15.770329
7019,22,43,15.06,False,,2026-06-04 16:51:15.770342
7020,22,45,11.63,False,,2026-06-04 16:51:15.770355
7021,22,48,14.22,False,,2026-06-04 16:51:15.770369
7022,22,56,10.43,False,,2026-06-04 16:51:15.770382
7023,22,61,11.84,False,,2026-06-04 16:51:15.770395
7024,22,63,8.85,False,,2026-06-04 16:51:15.770408
7025,22,65,17.68,False,,2026-06-04 16:51:15.770421
7026,22,73,15.78,False,,2026-06-04 16:51:15.770436
7027,22,74,8.15,False,,2026-06-04 16:51:15.770450
7028,22,75,12.55,False,,2026-06-04 16:51:15.770462
7029,22,76,14.18,False,,2026-06-04 16:51:15.770475
7030,22,90,15.44,False,,2026-06-04 16:51:15.770488
7031,22,91,10.23,False,,2026-06-04 16:51:15.770501
7032,22,93,16.48,False,,2026-06-04 16:51:15.770513
7033,22,98,7.82,False,,2026-06-04 16:51:15.770526
7034,22,99,13.88,False,,2026-06-04 16:51:15.770539
7035,22,102,10.39,False,,2026-06-04 16:51:15.770552
7036,22,104,16.98,False,,2026-06-04 16:51:15.770565
7037,22,106,14.17,False,,2026-06-04 16:51:15.770577
7038,22,109,7.09,False,,2026-06-04 16:51:15.770590
7039,22,111,7.82,False,,2026-06-04 16:51:15.770603
7040,22,112,11.42,False,,2026-06-04 16:51:15.770616
7041,22,115,12.43,False,,2026-06-04 16:51:15.770631
7042,22,119,8.72,False,,2026-06-04 16:51:15.770644
7043,22,120,15.13,False,,2026-06-04 16:51:15.770657
7044,22,128,12.12,False,,2026-06-04 16:51:15.770670
7045,22,133,10.17,False,,2026-06-04 16:51:15.770683
7046,22,134,10.52,False,,2026-06-04 16:51:15.770696
7047,22,136,10.22,False,,2026-06-04 16:51:15.770709
7048,22,139,13.04,False,,2026-06-04 16:51:15.770722
7049,22,147,16.04,False,,2026-06-04 16:51:15.770735
7050,22,148,9.97,False,,2026-06-04 16:51:15.770748
7051,22,149,17.86,False,,2026-06-04 16:51:15.770761
7052,22,150,13.77,False,,2026-06-04 16:51:15.770773
7053,22,152,18.5,False,,2026-06-04 16:51:15.770786
7054,22,155,10.18,False,,2026-06-04 16:51:15.770799
7055,22,159,9.29,False,,2026-06-04 16:51:15.770812
7056,22,163,11.44,False,,2026-06-04 16:51:15.770825
7057,22,164,14.12,False,,2026-06-04 16:51:15.770838
7058,22,170,12.07,False,,2026-06-04 16:51:15.770851
7059,22,171,9.64,False,,2026-06-04 16:51:15.770863
7060,22,172,13.45,False,,2026-06-04 16:51:15.770876
7061,22,174,15.64,False,,2026-06-04 16:51:15.770889
7062,22,175,18.13,False,,2026-06-04 16:51:15.770902
7063,22,180,8.82,False,,2026-06-04 16:51:15.770918
7064,22,187,11.14,False,,2026-06-04 16:51:15.770931
7065,22,192,9.76,False,,2026-06-04 16:51:15.770945
7066,22,193,12.67,False,,2026-06-04 16:51:15.770958
7067,22,200,0.0,True,Absent,2026-06-04 16:51:15.770970
7068,22,207,14.79,False,,2026-06-04 16:51:15.770983
7069,22,209,0.0,True,Absent,2026-06-04 16:51:15.770995
7070,22,210,9.27,False,,2026-06-04 16:51:15.771008
7071,22,218,11.82,False,,2026-06-04 16:51:15.771020
7072,22,225,14.8,False,,2026-06-04 16:51:15.771033
7073,22,226,15.77,False,,2026-06-04 16:51:15.771046
7074,22,230,11.57,False,,2026-06-04 16:51:15.771059
7075,22,237,12.99,False,,2026-06-04 16:51:15.771072
7076,22,238,12.6,False,,2026-06-04 16:51:15.771085
7077,22,239,6.59,False,,2026-06-04 16:51:15.771098
7078,22,241,11.97,False,,2026-06-04 16:51:15.771111
7079,22,246,15.3,False,,2026-06-04 16:51:15.771124
7080,22,247,12.24,False,,2026-06-04 16:51:15.771136
7081,22,257,16.82,False,,2026-06-04 16:51:15.771149
7082,22,263,15.52,False,,2026-06-04 16:51:15.771163
7083,22,265,10.03,False,,2026-06-04 16:51:15.771176
7084,22,267,12.27,False,,2026-06-04 16:51:15.771189
7085,22,273,12.98,False,,2026-06-04 16:51:15.771202
7086,22,278,11.71,False,,2026-06-04 16:51:15.771215
7087,22,280,10.34,False,,2026-06-04 16:51:15.771228
7088,22,285,15.4,False,,2026-06-04 16:51:15.771241
7089,22,287,13.37,False,,2026-06-04 16:51:15.771254
7090,22,304,11.49,False,,2026-06-04 16:51:15.771266
7091,22,305,8.6,False,,2026-06-04 16:51:15.771279
7092,22,307,12.75,False,,2026-06-04 16:51:15.771292
7093,22,309,10.97,False,,2026-06-04 16:51:15.771305
7094,22,312,14.09,False,,2026-06-04 16:51:15.771318
7095,22,314,13.78,False,,2026-06-04 16:51:15.771331
7096,22,316,7.44,False,,2026-06-04 16:51:15.771343
7097,22,321,10.04,False,,2026-06-04 16:51:15.771356
7098,22,323,8.01,False,,2026-06-04 16:51:15.771369
7099,22,324,12.42,False,,2026-06-04 16:51:15.771382
7100,22,330,17.41,False,,2026-06-04 16:51:15.771394
7101,22,331,0.0,True,Absent,2026-06-04 16:51:15.771407
7102,22,335,12.44,False,,2026-06-04 16:51:15.771420
7103,22,337,17.66,False,,2026-06-04 16:51:15.771432
7104,22,341,14.82,False,,2026-06-04 16:51:15.771445
7105,22,344,10.24,False,,2026-06-04 16:51:15.771458
7106,22,345,13.63,False,,2026-06-04 16:51:15.771470
7107,22,349,13.52,False,,2026-06-04 16:51:15.771483
7108,22,352,16.97,False,,2026-06-04 16:51:15.771496
7109,22,353,16.18,False,,2026-06-04 16:51:15.771511
7110,22,355,5.48,False,,2026-06-04 16:51:15.771524
7111,22,356,8.06,False,,2026-06-04 16:51:15.771537
7112,22,358,7.94,False,,2026-06-04 16:51:15.771550
7113,22,360,10.95,False,,2026-06-04 16:51:15.771562
7114,22,362,9.24,False,,2026-06-04 16:51:15.771576
7115,22,364,16.79,False,,2026-06-04 16:51:15.771588
7116,22,366,9.75,False,,2026-06-04 16:51:15.771601
7117,22,370,9.09,False,,2026-06-04 16:51:15.771614
7118,22,375,10.79,False,,2026-06-04 16:51:15.771627
7119,22,376,7.08,False,,2026-06-04 16:51:15.771642
7120,22,378,16.47,False,,2026-06-04 16:51:15.771655
7121,22,379,16.27,False,,2026-06-04 16:51:15.771668
7122,22,380,10.59,False,,2026-06-04 16:51:15.771681
7123,22,397,8.75,False,,2026-06-04 16:51:15.771694
7124,22,401,13.74,False,,2026-06-04 16:51:15.771707
7125,22,407,8.44,False,,2026-06-04 16:51:15.771720
7126,22,410,8.81,False,,2026-06-04 16:51:15.771733
7127,22,419,16.14,False,,2026-06-04 16:51:15.771746
7128,22,421,9.43,False,,2026-06-04 16:51:15.771759
7129,22,426,8.39,False,,2026-06-04 16:51:15.771771
7130,22,430,9.85,False,,2026-06-04 16:51:15.771784
7131,22,432,10.83,False,,2026-06-04 16:51:15.771797
7132,22,436,13.09,False,,2026-06-04 16:51:15.771809
7133,22,437,9.62,False,,2026-06-04 16:51:15.771822
7134,22,444,15.63,False,,2026-06-04 16:51:15.771835
7135,22,445,13.56,False,,2026-06-04 16:51:15.771848
7136,22,446,8.2,False,,2026-06-04 16:51:15.771861
7137,22,447,10.57,False,,2026-06-04 16:51:15.771873
7138,22,450,11.83,False,,2026-06-04 16:51:15.771886
7139,22,454,10.71,False,,2026-06-04 16:51:15.771899
7140,22,455,14.03,False,,2026-06-04 16:51:15.771912
7141,22,464,0.0,True,Absent,2026-06-04 16:51:15.771925
7142,22,465,8.13,False,,2026-06-04 16:51:15.771937
7143,22,466,10.57,False,,2026-06-04 16:51:15.771950
7144,22,468,16.03,False,,2026-06-04 16:51:15.771963
7145,22,469,10.42,False,,2026-06-04 16:51:15.771976
7146,22,476,11.41,False,,2026-06-04 16:51:15.771989
7147,22,477,10.68,False,,2026-06-04 16:51:15.772002
7148,22,478,8.6,False,,2026-06-04 16:51:15.772014
7149,22,480,12.68,False,,2026-06-04 16:51:15.772027
7150,22,483,14.24,False,,2026-06-04 16:51:15.772040
7151,22,496,17.56,False,,2026-06-04 16:51:15.772053
7152,22,499,8.26,False,,2026-06-04 16:51:15.772066
7153,22,500,9.32,False,,2026-06-04 16:51:15.772079
7154,22,510,14.09,False,,2026-06-04 16:51:15.772091
7155,22,517,9.1,False,,2026-06-04 16:51:15.772104
7156,22,518,13.46,False,,2026-06-04 16:51:15.772117
7157,22,522,13.67,False,,2026-06-04 16:51:15.772130
7158,22,527,16.7,False,,2026-06-04 16:51:15.772143
7159,22,528,11.86,False,,2026-06-04 16:51:15.772155
7160,22,531,8.39,False,,2026-06-04 16:51:15.772168
7161,22,532,16.01,False,,2026-06-04 16:51:15.772181
7162,22,533,12.84,False,,2026-06-04 16:51:15.772194
7163,22,534,12.58,False,,2026-06-04 16:51:15.772207
7164,22,535,0.0,True,Absent,2026-06-04 16:51:15.772219
7165,22,538,13.79,False,,2026-06-04 16:51:15.772231
7166,22,543,6.35,False,,2026-06-04 16:51:15.772244
7167,22,549,9.21,False,,2026-06-04 16:51:15.772257
7168,22,550,9.25,False,,2026-06-04 16:51:15.772269
7169,22,556,10.35,False,,2026-06-04 16:51:15.772282
7170,22,557,10.84,False,,2026-06-04 16:51:15.772295
7171,22,561,11.48,False,,2026-06-04 16:51:15.772307
7172,22,563,11.27,False,,2026-06-04 16:51:15.772320
7173,22,564,0.0,True,Absent,2026-06-04 16:51:15.772332
7174,22,565,10.11,False,,2026-06-04 16:51:15.772345
7175,22,566,9.79,False,,2026-06-04 16:51:15.772358
7176,22,568,7.02,False,,2026-06-04 16:51:15.772371
7177,22,570,10.0,False,,2026-06-04 16:51:15.772383
7178,22,573,7.8,False,,2026-06-04 16:51:15.772396
7179,22,574,10.74,False,,2026-06-04 16:51:15.772409
7180,22,575,13.37,False,,2026-06-04 16:51:15.772422
7181,22,578,9.03,False,,2026-06-04 16:51:15.772435
7182,22,589,0.0,True,Absent,2026-06-04 16:51:15.772447
7183,22,591,16.23,False,,2026-06-04 16:51:15.772459
7184,22,594,9.74,False,,2026-06-04 16:51:15.772472
7185,22,596,10.3,False,,2026-06-04 16:51:15.772484
7186,22,597,13.63,False,,2026-06-04 16:51:15.772497
7187,22,598,13.81,False,,2026-06-04 16:51:15.772510
7188,22,602,0.0,True,Absent,2026-06-04 16:51:15.772522
7189,22,607,15.12,False,,2026-06-04 16:51:15.772535
7190,22,609,10.44,False,,2026-06-04 16:51:15.772547
7191,22,610,13.44,False,,2026-06-04 16:51:15.772560
7192,22,612,10.15,False,,2026-06-04 16:51:15.772573
7193,22,614,9.56,False,,2026-06-04 16:51:15.772586
7194,22,615,14.04,False,,2026-06-04 16:51:15.772598
7195,22,616,0.0,True,Absent,2026-06-04 16:51:15.772610
7196,22,617,0.0,True,Absent,2026-06-04 16:51:15.772623
7197,22,618,0.0,True,Absent,2026-06-04 16:51:15.772637
7198,22,621,14.83,False,,2026-06-04 16:51:15.772650
7199,22,626,15.66,False,,2026-06-04 16:51:15.772663
7200,22,627,10.49,False,,2026-06-04 16:51:15.772676
7201,22,630,16.25,False,,2026-06-04 16:51:15.772689
7202,22,632,16.45,False,,2026-06-04 16:51:15.772701
7203,22,633,9.36,False,,2026-06-04 16:51:15.772714
7204,22,634,8.59,False,,2026-06-04 16:51:15.772727
7205,22,635,13.1,False,,2026-06-04 16:51:15.772740
7206,22,639,10.05,False,,2026-06-04 16:51:15.772752
7207,22,640,10.65,False,,2026-06-04 16:51:15.772765
7208,22,642,12.49,False,,2026-06-04 16:51:15.772778
7209,22,651,6.39,False,,2026-06-04 16:51:15.772791
7210,22,658,8.73,False,,2026-06-04 16:51:15.772804
7211,22,659,17.94,False,,2026-06-04 16:51:15.772816
7212,22,661,11.18,False,,2026-06-04 16:51:15.772829
7213,22,664,13.94,False,,2026-06-04 16:51:15.772842
7214,22,665,17.55,False,,2026-06-04 16:51:15.772854
7215,22,668,12.94,False,,2026-06-04 16:51:15.772867
7216,22,670,15.17,False,,2026-06-04 16:51:15.772880
7217,22,671,8.93,False,,2026-06-04 16:51:15.772893
7218,22,673,10.42,False,,2026-06-04 16:51:15.772905
7219,22,679,12.17,False,,2026-06-04 16:51:15.772918
7220,22,681,9.13,False,,2026-06-04 16:51:15.772930
7221,22,682,7.6,False,,2026-06-04 16:51:15.772943
7222,22,683,8.94,False,,2026-06-04 16:51:15.772956
7223,22,685,12.45,False,,2026-06-04 16:51:15.772968
7224,22,686,12.8,False,,2026-06-04 16:51:15.772981
7225,22,688,0.0,True,Absent,2026-06-04 16:51:15.772993
7226,22,690,12.25,False,,2026-06-04 16:51:15.773006
7227,22,695,9.41,False,,2026-06-04 16:51:15.773018
7228,22,699,11.04,False,,2026-06-04 16:51:15.773031
7229,22,700,18.28,False,,2026-06-04 16:51:15.773044
7230,22,703,14.2,False,,2026-06-04 16:51:15.773057
7231,22,704,16.03,False,,2026-06-04 16:51:15.773070
7232,22,705,18.04,False,,2026-06-04 16:51:15.773082
7233,22,706,12.11,False,,2026-06-04 16:51:15.773095
7234,22,708,15.43,False,,2026-06-04 16:51:15.773108
7235,22,709,8.92,False,,2026-06-04 16:51:15.773120
7236,22,711,12.92,False,,2026-06-04 16:51:15.773133
7237,22,713,10.74,False,,2026-06-04 16:51:15.773146
7238,22,716,10.64,False,,2026-06-04 16:51:15.773159
7239,22,719,8.4,False,,2026-06-04 16:51:15.773171
7240,22,721,0.0,True,Absent,2026-06-04 16:51:15.773183
7241,22,726,8.02,False,,2026-06-04 16:51:15.773196
7242,22,728,14.79,False,,2026-06-04 16:51:15.773209
7243,22,730,14.32,False,,2026-06-04 16:51:15.773221
7244,22,731,7.43,False,,2026-06-04 16:51:15.773234
7245,22,737,8.64,False,,2026-06-04 16:51:15.773247
7246,22,738,9.39,False,,2026-06-04 16:51:15.773260
7247,22,739,14.1,False,,2026-06-04 16:51:15.773273
7248,22,741,12.7,False,,2026-06-04 16:51:15.773285
7249,22,745,0.0,True,Absent,2026-06-04 16:51:15.773297
7250,22,751,8.86,False,,2026-06-04 16:51:15.773310
7251,22,752,14.1,False,,2026-06-04 16:51:15.773323
7252,22,753,13.31,False,,2026-06-04 16:51:15.773336
7253,22,754,7.57,False,,2026-06-04 16:51:15.773349
7254,22,756,8.85,False,,2026-06-04 16:51:15.773361
7255,22,758,6.41,False,,2026-06-04 16:51:15.773374
7256,22,761,12.04,False,,2026-06-04 16:51:15.773387
7257,22,764,11.46,False,,2026-06-04 16:51:15.773399
7258,22,765,10.76,False,,2026-06-04 16:51:15.773412
7259,22,769,15.77,False,,2026-06-04 16:51:15.773425
7260,22,771,7.8,False,,2026-06-04 16:51:15.773438
7261,22,772,10.53,False,,2026-06-04 16:51:15.773450
7262,22,775,14.81,False,,2026-06-04 16:51:15.773463
7263,22,782,14.35,False,,2026-06-04 16:51:15.773476
7264,22,783,12.55,False,,2026-06-04 16:51:15.773489
7265,22,785,13.16,False,,2026-06-04 16:51:15.773502
7266,22,791,11.15,False,,2026-06-04 16:51:15.773515
7267,22,792,13.3,False,,2026-06-04 16:51:15.773527
7268,22,794,9.31,False,,2026-06-04 16:51:15.773543
7269,22,799,0.0,True,Absent,2026-06-04 16:51:15.773555
7270,22,804,12.89,False,,2026-06-04 16:51:15.773568
7271,22,808,12.32,False,,2026-06-04 16:51:15.773581
7272,22,809,16.12,False,,2026-06-04 16:51:15.773593
7273,22,811,7.76,False,,2026-06-04 16:51:15.773606
7274,22,818,0.0,True,Absent,2026-06-04 16:51:15.773618
7275,22,819,13.21,False,,2026-06-04 16:51:15.773634
7276,22,823,12.69,False,,2026-06-04 16:51:15.773647
7277,22,825,7.73,False,,2026-06-04 16:51:15.773659
7278,22,828,11.9,False,,2026-06-04 16:51:15.773672
7279,22,832,17.55,False,,2026-06-04 16:51:15.773685
7280,22,834,12.5,False,,2026-06-04 16:51:15.773698
7281,22,835,10.87,False,,2026-06-04 16:51:15.773711
7282,22,838,17.97,False,,2026-06-04 16:51:15.773724
7283,22,841,16.69,False,,2026-06-04 16:51:15.773737
7284,22,843,5.37,False,,2026-06-04 16:51:15.773751
7285,22,845,12.56,False,,2026-06-04 16:51:15.773764
7286,22,846,13.25,False,,2026-06-04 16:51:15.773777
7287,22,848,11.23,False,,2026-06-04 16:51:15.773791
7288,22,849,9.42,False,,2026-06-04 16:51:15.773805
7289,22,850,11.98,False,,2026-06-04 16:51:15.773818
7290,22,852,14.39,False,,2026-06-04 16:51:15.773832
7291,22,854,17.72,False,,2026-06-04 16:51:15.773844
7292,22,857,12.65,False,,2026-06-04 16:51:15.773857
7293,22,858,8.63,False,,2026-06-04 16:51:15.773870
7294,22,866,0.0,True,Absent,2026-06-04 16:51:15.773882
7295,22,867,8.87,False,,2026-06-04 16:51:15.773895
7296,22,871,13.79,False,,2026-06-04 16:51:15.773908
7297,22,874,16.14,False,,2026-06-04 16:51:15.773921
7298,22,884,14.87,False,,2026-06-04 16:51:15.773934
7299,22,889,11.61,False,,2026-06-04 16:51:15.773946
7300,22,890,6.5,False,,2026-06-04 16:51:15.773959
7301,22,895,9.54,False,,2026-06-04 16:51:15.773972
7302,22,901,11.87,False,,2026-06-04 16:51:15.773985
7303,22,904,10.42,False,,2026-06-04 16:51:15.773998
7304,22,907,11.71,False,,2026-06-04 16:51:15.774011
7305,22,908,16.82,False,,2026-06-04 16:51:15.774024
7306,22,909,0.0,True,Absent,2026-06-04 16:51:15.774036
7307,22,910,6.53,False,,2026-06-04 16:51:15.774049
7308,22,916,9.85,False,,2026-06-04 16:51:15.774062
7309,22,918,12.91,False,,2026-06-04 16:51:15.774075
7310,22,920,8.53,False,,2026-06-04 16:51:15.774088
7311,22,923,13.6,False,,2026-06-04 16:51:15.774100
7312,22,925,7.21,False,,2026-06-04 16:51:15.774113
7313,22,930,10.51,False,,2026-06-04 16:51:15.774126
7314,22,935,13.66,False,,2026-06-04 16:51:15.774139
7315,22,941,12.71,False,,2026-06-04 16:51:15.774151
7316,22,942,9.44,False,,2026-06-04 16:51:15.774164
7317,22,943,6.04,False,,2026-06-04 16:51:15.774177
7318,22,946,11.44,False,,2026-06-04 16:51:15.774193
7319,22,957,11.91,False,,2026-06-04 16:51:15.774206
7320,22,958,9.89,False,,2026-06-04 16:51:15.774219
7321,22,962,11.28,False,,2026-06-04 16:51:15.774232
7322,22,964,0.0,True,Absent,2026-06-04 16:51:15.774245
7323,22,966,9.99,False,,2026-06-04 16:51:15.774257
7324,22,968,13.86,False,,2026-06-04 16:51:15.774270
7325,22,969,16.96,False,,2026-06-04 16:51:15.774283
7326,22,970,12.79,False,,2026-06-04 16:51:15.774296
7327,22,972,13.39,False,,2026-06-04 16:51:15.774308
7328,22,973,13.17,False,,2026-06-04 16:51:15.774321
7329,22,975,15.14,False,,2026-06-04 16:51:15.774334
7330,22,981,12.96,False,,2026-06-04 16:51:15.774347
7331,22,982,13.47,False,,2026-06-04 16:51:15.774359
7332,22,986,13.61,False,,2026-06-04 16:51:15.774372
7333,22,987,10.33,False,,2026-06-04 16:51:15.774385
7334,22,993,15.76,False,,2026-06-04 16:51:15.774398
7335,22,995,14.07,False,,2026-06-04 16:51:15.774411
7336,22,1000,12.86,False,,2026-06-04 16:51:15.774424
7337,23,4,10.44,False,,2026-06-04 16:51:15.774757
7338,23,7,17.15,False,,2026-06-04 16:51:15.774775
7339,23,10,13.2,False,,2026-06-04 16:51:15.774791
7340,23,12,12.04,False,,2026-06-04 16:51:15.774806
7341,23,14,11.83,False,,2026-06-04 16:51:15.774819
7342,23,18,17.62,False,,2026-06-04 16:51:15.774832
7343,23,23,11.98,False,,2026-06-04 16:51:15.774845
7344,23,25,9.55,False,,2026-06-04 16:51:15.774858
7345,23,27,11.0,False,,2026-06-04 16:51:15.774871
7346,23,28,13.28,False,,2026-06-04 16:51:15.774884
7347,23,29,16.18,False,,2026-06-04 16:51:15.774898
7348,23,32,6.71,False,,2026-06-04 16:51:15.774911
7349,23,39,0.0,True,Absent,2026-06-04 16:51:15.774924
7350,23,41,11.24,False,,2026-06-04 16:51:15.774937
7351,23,43,12.33,False,,2026-06-04 16:51:15.774950
7352,23,45,8.17,False,,2026-06-04 16:51:15.774963
7353,23,48,12.22,False,,2026-06-04 16:51:15.774979
7354,23,56,13.98,False,,2026-06-04 16:51:15.774992
7355,23,61,17.12,False,,2026-06-04 16:51:15.775005
7356,23,63,10.68,False,,2026-06-04 16:51:15.775018
7357,23,65,0.0,True,Absent,2026-06-04 16:51:15.775030
7358,23,73,18.51,False,,2026-06-04 16:51:15.775043
7359,23,74,6.96,False,,2026-06-04 16:51:15.775056
7360,23,75,17.84,False,,2026-06-04 16:51:15.775069
7361,23,76,11.57,False,,2026-06-04 16:51:15.775082
7362,23,90,13.09,False,,2026-06-04 16:51:15.775094
7363,23,91,8.59,False,,2026-06-04 16:51:15.775107
7364,23,93,0.0,True,Absent,2026-06-04 16:51:15.775120
7365,23,98,10.48,False,,2026-06-04 16:51:15.775132
7366,23,99,14.86,False,,2026-06-04 16:51:15.775145
7367,23,102,15.19,False,,2026-06-04 16:51:15.775158
7368,23,104,12.15,False,,2026-06-04 16:51:15.775171
7369,23,106,15.45,False,,2026-06-04 16:51:15.775184
7370,23,109,6.1,False,,2026-06-04 16:51:15.775196
7371,23,111,12.25,False,,2026-06-04 16:51:15.775209
7372,23,112,8.28,False,,2026-06-04 16:51:15.775222
7373,23,115,0.0,True,Absent,2026-06-04 16:51:15.775234
7374,23,119,0.0,True,Absent,2026-06-04 16:51:15.775247
7375,23,120,15.03,False,,2026-06-04 16:51:15.775259
7376,23,128,11.57,False,,2026-06-04 16:51:15.775272
7377,23,133,7.12,False,,2026-06-04 16:51:15.775285
7378,23,134,13.47,False,,2026-06-04 16:51:15.775298
7379,23,136,10.59,False,,2026-06-04 16:51:15.775310
7380,23,139,11.95,False,,2026-06-04 16:51:15.775323
7381,23,147,13.47,False,,2026-06-04 16:51:15.775336
7382,23,148,11.75,False,,2026-06-04 16:51:15.775349
7383,23,149,15.86,False,,2026-06-04 16:51:15.775362
7384,23,150,13.3,False,,2026-06-04 16:51:15.775376
7385,23,152,17.1,False,,2026-06-04 16:51:15.775389
7386,23,155,12.52,False,,2026-06-04 16:51:15.775402
7387,23,159,10.66,False,,2026-06-04 16:51:15.775433
7388,23,163,10.64,False,,2026-06-04 16:51:15.775451
7389,23,164,13.28,False,,2026-06-04 16:51:15.775465
7390,23,170,10.66,False,,2026-06-04 16:51:15.775478
7391,23,171,8.05,False,,2026-06-04 16:51:15.775492
7392,23,172,15.52,False,,2026-06-04 16:51:15.775505
7393,23,174,14.54,False,,2026-06-04 16:51:15.775518
7394,23,175,14.56,False,,2026-06-04 16:51:15.775531
7395,23,180,8.91,False,,2026-06-04 16:51:15.775544
7396,23,187,8.95,False,,2026-06-04 16:51:15.775557
7397,23,192,12.38,False,,2026-06-04 16:51:15.775570
7398,23,193,10.23,False,,2026-06-04 16:51:15.775583
7399,23,200,14.18,False,,2026-06-04 16:51:15.775596
7400,23,207,15.86,False,,2026-06-04 16:51:15.775609
7401,23,209,13.22,False,,2026-06-04 16:51:15.775622
7402,23,210,10.52,False,,2026-06-04 16:51:15.775635
7403,23,218,0.0,True,Absent,2026-06-04 16:51:15.775648
7404,23,225,13.2,False,,2026-06-04 16:51:15.775661
7405,23,226,11.98,False,,2026-06-04 16:51:15.775673
7406,23,230,13.69,False,,2026-06-04 16:51:15.775687
7407,23,237,13.81,False,,2026-06-04 16:51:15.775699
7408,23,238,13.06,False,,2026-06-04 16:51:15.775712
7409,23,239,9.48,False,,2026-06-04 16:51:15.775725
7410,23,241,10.81,False,,2026-06-04 16:51:15.775738
7411,23,246,13.8,False,,2026-06-04 16:51:15.775751
7412,23,247,0.0,True,Absent,2026-06-04 16:51:15.775763
7413,23,257,10.91,False,,2026-06-04 16:51:15.775776
7414,23,263,13.51,False,,2026-06-04 16:51:15.775790
7415,23,265,9.63,False,,2026-06-04 16:51:15.775803
7416,23,267,0.0,True,Absent,2026-06-04 16:51:15.775816
7417,23,273,8.03,False,,2026-06-04 16:51:15.775829
7418,23,278,10.47,False,,2026-06-04 16:51:15.775842
7419,23,280,12.84,False,,2026-06-04 16:51:15.775856
7420,23,285,16.7,False,,2026-06-04 16:51:15.775869
7421,23,287,9.24,False,,2026-06-04 16:51:15.775882
7422,23,304,10.13,False,,2026-06-04 16:51:15.775895
7423,23,305,11.79,False,,2026-06-04 16:51:15.775907
7424,23,307,10.46,False,,2026-06-04 16:51:15.775920
7425,23,309,10.3,False,,2026-06-04 16:51:15.775933
7426,23,312,15.49,False,,2026-06-04 16:51:15.775947
7427,23,314,0.0,True,Absent,2026-06-04 16:51:15.775959
7428,23,316,9.68,False,,2026-06-04 16:51:15.775972
7429,23,321,13.78,False,,2026-06-04 16:51:15.775985
7430,23,323,12.2,False,,2026-06-04 16:51:15.775998
7431,23,324,12.76,False,,2026-06-04 16:51:15.776015
7432,23,330,17.73,False,,2026-06-04 16:51:15.776028
7433,23,331,6.61,False,,2026-06-04 16:51:15.776041
7434,23,335,11.5,False,,2026-06-04 16:51:15.776054
7435,23,337,12.73,False,,2026-06-04 16:51:15.776068
7436,23,341,11.36,False,,2026-06-04 16:51:15.776081
7437,23,344,11.77,False,,2026-06-04 16:51:15.776094
7438,23,345,12.62,False,,2026-06-04 16:51:15.776108
7439,23,349,10.47,False,,2026-06-04 16:51:15.776122
7440,23,352,18.22,False,,2026-06-04 16:51:15.776135
7441,23,353,0.0,True,Absent,2026-06-04 16:51:15.776147
7442,23,355,5.9,False,,2026-06-04 16:51:15.776160
7443,23,356,10.12,False,,2026-06-04 16:51:15.776173
7444,23,358,11.95,False,,2026-06-04 16:51:15.776186
7445,23,360,12.31,False,,2026-06-04 16:51:15.776199
7446,23,362,11.94,False,,2026-06-04 16:51:15.776212
7447,23,364,13.16,False,,2026-06-04 16:51:15.776225
7448,23,366,9.93,False,,2026-06-04 16:51:15.776238
7449,23,370,11.71,False,,2026-06-04 16:51:15.776251
7450,23,375,13.81,False,,2026-06-04 16:51:15.776264
7451,23,376,11.64,False,,2026-06-04 16:51:15.776277
7452,23,378,14.41,False,,2026-06-04 16:51:15.776290
7453,23,379,12.5,False,,2026-06-04 16:51:15.776303
7454,23,380,7.17,False,,2026-06-04 16:51:15.776316
7455,23,397,7.6,False,,2026-06-04 16:51:15.776329
7456,23,401,12.55,False,,2026-06-04 16:51:15.776342
7457,23,407,0.0,True,Absent,2026-06-04 16:51:15.776355
7458,23,410,6.88,False,,2026-06-04 16:51:15.776368
7459,23,419,14.2,False,,2026-06-04 16:51:15.776381
7460,23,421,9.95,False,,2026-06-04 16:51:15.776394
7461,23,426,12.05,False,,2026-06-04 16:51:15.776407
7462,23,430,9.82,False,,2026-06-04 16:51:15.776420
7463,23,432,9.79,False,,2026-06-04 16:51:15.776433
7464,23,436,12.57,False,,2026-06-04 16:51:15.776447
7465,23,437,10.55,False,,2026-06-04 16:51:15.776460
7466,23,444,14.79,False,,2026-06-04 16:51:15.776473
7467,23,445,0.0,True,Absent,2026-06-04 16:51:15.776485
7468,23,446,10.37,False,,2026-06-04 16:51:15.776498
7469,23,447,9.24,False,,2026-06-04 16:51:15.776511
7470,23,450,13.42,False,,2026-06-04 16:51:15.776525
7471,23,454,11.64,False,,2026-06-04 16:51:15.776538
7472,23,455,13.86,False,,2026-06-04 16:51:15.776551
7473,23,464,10.69,False,,2026-06-04 16:51:15.776564
7474,23,465,6.86,False,,2026-06-04 16:51:15.776577
7475,23,466,12.16,False,,2026-06-04 16:51:15.776590
7476,23,468,14.75,False,,2026-06-04 16:51:15.776603
7477,23,469,12.8,False,,2026-06-04 16:51:15.776616
7478,23,476,13.87,False,,2026-06-04 16:51:15.776629
7479,23,477,11.13,False,,2026-06-04 16:51:15.776642
7480,23,478,12.09,False,,2026-06-04 16:51:15.776655
7481,23,480,18.3,False,,2026-06-04 16:51:15.776668
7482,23,483,12.27,False,,2026-06-04 16:51:15.776681
7483,23,496,15.98,False,,2026-06-04 16:51:15.776694
7484,23,499,9.56,False,,2026-06-04 16:51:15.776707
7485,23,500,13.22,False,,2026-06-04 16:51:15.776720
7486,23,510,12.82,False,,2026-06-04 16:51:15.776733
7487,23,517,13.76,False,,2026-06-04 16:51:15.776746
7488,23,518,13.23,False,,2026-06-04 16:51:15.776759
7489,23,522,0.0,True,Absent,2026-06-04 16:51:15.776771
7490,23,527,15.03,False,,2026-06-04 16:51:15.776785
7491,23,528,10.05,False,,2026-06-04 16:51:15.776797
7492,23,531,11.7,False,,2026-06-04 16:51:15.776811
7493,23,532,15.82,False,,2026-06-04 16:51:15.776824
7494,23,533,12.9,False,,2026-06-04 16:51:15.776837
7495,23,534,12.24,False,,2026-06-04 16:51:15.776850
7496,23,535,10.54,False,,2026-06-04 16:51:15.776863
7497,23,538,16.14,False,,2026-06-04 16:51:15.776876
7498,23,543,9.36,False,,2026-06-04 16:51:15.776888
7499,23,549,13.16,False,,2026-06-04 16:51:15.776902
7500,23,550,13.58,False,,2026-06-04 16:51:15.776914
7501,23,556,9.26,False,,2026-06-04 16:51:15.776927
7502,23,557,10.96,False,,2026-06-04 16:51:15.776940
7503,23,561,11.75,False,,2026-06-04 16:51:15.776953
7504,23,563,11.75,False,,2026-06-04 16:51:15.776966
7505,23,564,0.0,True,Absent,2026-06-04 16:51:15.776978
7506,23,565,0.0,True,Absent,2026-06-04 16:51:15.776993
7507,23,566,12.45,False,,2026-06-04 16:51:15.777007
7508,23,568,9.35,False,,2026-06-04 16:51:15.777020
7509,23,570,7.78,False,,2026-06-04 16:51:15.777036
7510,23,573,12.79,False,,2026-06-04 16:51:15.777049
7511,23,574,10.81,False,,2026-06-04 16:51:15.777062
7512,23,575,14.26,False,,2026-06-04 16:51:15.777075
7513,23,578,9.81,False,,2026-06-04 16:51:15.777088
7514,23,589,6.36,False,,2026-06-04 16:51:15.777101
7515,23,591,0.0,True,Absent,2026-06-04 16:51:15.777114
7516,23,594,10.32,False,,2026-06-04 16:51:15.777127
7517,23,596,9.26,False,,2026-06-04 16:51:15.777140
7518,23,597,0.0,True,Absent,2026-06-04 16:51:15.777152
7519,23,598,0.0,True,Absent,2026-06-04 16:51:15.777165
7520,23,602,18.31,False,,2026-06-04 16:51:15.777178
7521,23,607,15.1,False,,2026-06-04 16:51:15.777191
7522,23,609,9.25,False,,2026-06-04 16:51:15.777204
7523,23,610,16.25,False,,2026-06-04 16:51:15.777216
7524,23,612,9.68,False,,2026-06-04 16:51:15.777229
7525,23,614,9.68,False,,2026-06-04 16:51:15.777242
7526,23,615,12.05,False,,2026-06-04 16:51:15.777255
7527,23,616,10.5,False,,2026-06-04 16:51:15.777268
7528,23,617,15.31,False,,2026-06-04 16:51:15.777281
7529,23,618,8.96,False,,2026-06-04 16:51:15.777294
7530,23,621,16.15,False,,2026-06-04 16:51:15.777307
7531,23,626,15.91,False,,2026-06-04 16:51:15.777320
7532,23,627,12.12,False,,2026-06-04 16:51:15.777332
7533,23,630,11.65,False,,2026-06-04 16:51:15.777345
7534,23,632,14.78,False,,2026-06-04 16:51:15.777358
7535,23,633,10.19,False,,2026-06-04 16:51:15.777371
7536,23,634,10.22,False,,2026-06-04 16:51:15.777384
7537,23,635,15.75,False,,2026-06-04 16:51:15.777397
7538,23,639,13.49,False,,2026-06-04 16:51:15.777410
7539,23,640,7.8,False,,2026-06-04 16:51:15.777423
7540,23,642,9.95,False,,2026-06-04 16:51:15.777436
7541,23,651,12.06,False,,2026-06-04 16:51:15.777449
7542,23,658,7.9,False,,2026-06-04 16:51:15.777462
7543,23,659,13.91,False,,2026-06-04 16:51:15.777475
7544,23,661,10.74,False,,2026-06-04 16:51:15.777487
7545,23,664,16.11,False,,2026-06-04 16:51:15.777500
7546,23,665,13.65,False,,2026-06-04 16:51:15.777513
7547,23,668,12.67,False,,2026-06-04 16:51:15.777526
7548,23,670,14.68,False,,2026-06-04 16:51:15.777539
7549,23,671,14.11,False,,2026-06-04 16:51:15.777552
7550,23,673,7.51,False,,2026-06-04 16:51:15.777565
7551,23,679,16.22,False,,2026-06-04 16:51:15.777578
7552,23,681,7.94,False,,2026-06-04 16:51:15.777591
7553,23,682,11.3,False,,2026-06-04 16:51:15.777604
7554,23,683,11.04,False,,2026-06-04 16:51:15.777616
7555,23,685,14.47,False,,2026-06-04 16:51:15.777629
7556,23,686,12.58,False,,2026-06-04 16:51:15.777642
7557,23,688,14.34,False,,2026-06-04 16:51:15.777655
7558,23,690,14.99,False,,2026-06-04 16:51:15.777668
7559,23,695,14.08,False,,2026-06-04 16:51:15.777681
7560,23,699,6.88,False,,2026-06-04 16:51:15.777694
7561,23,700,16.27,False,,2026-06-04 16:51:15.777707
7562,23,703,0.0,True,Absent,2026-06-04 16:51:15.777719
7563,23,704,17.33,False,,2026-06-04 16:51:15.777732
7564,23,705,14.3,False,,2026-06-04 16:51:15.777745
7565,23,706,9.37,False,,2026-06-04 16:51:15.777758
7566,23,708,16.63,False,,2026-06-04 16:51:15.777771
7567,23,709,8.28,False,,2026-06-04 16:51:15.777784
7568,23,711,10.65,False,,2026-06-04 16:51:15.777797
7569,23,713,12.97,False,,2026-06-04 16:51:15.777810
7570,23,716,0.0,True,Absent,2026-06-04 16:51:15.777822
7571,23,719,11.5,False,,2026-06-04 16:51:15.777835
7572,23,721,0.0,True,Absent,2026-06-04 16:51:15.777848
7573,23,726,0.0,True,Absent,2026-06-04 16:51:15.777863
7574,23,728,11.74,False,,2026-06-04 16:51:15.777876
7575,23,730,16.01,False,,2026-06-04 16:51:15.777890
7576,23,731,7.82,False,,2026-06-04 16:51:15.777903
7577,23,737,12.45,False,,2026-06-04 16:51:15.777916
7578,23,738,7.67,False,,2026-06-04 16:51:15.777929
7579,23,739,17.05,False,,2026-06-04 16:51:15.777942
7580,23,741,14.17,False,,2026-06-04 16:51:15.777955
7581,23,745,14.56,False,,2026-06-04 16:51:15.777968
7582,23,751,10.08,False,,2026-06-04 16:51:15.777981
7583,23,752,15.29,False,,2026-06-04 16:51:15.777994
7584,23,753,13.75,False,,2026-06-04 16:51:15.778007
7585,23,754,7.94,False,,2026-06-04 16:51:15.778020
7586,23,756,12.44,False,,2026-06-04 16:51:15.778033
7587,23,758,6.75,False,,2026-06-04 16:51:15.778049
7588,23,761,11.37,False,,2026-06-04 16:51:15.778062
7589,23,764,14.5,False,,2026-06-04 16:51:15.778075
7590,23,765,11.63,False,,2026-06-04 16:51:15.778088
7591,23,769,14.16,False,,2026-06-04 16:51:15.778101
7592,23,771,10.35,False,,2026-06-04 16:51:15.778113
7593,23,772,10.78,False,,2026-06-04 16:51:15.778126
7594,23,775,13.82,False,,2026-06-04 16:51:15.778140
7595,23,782,13.03,False,,2026-06-04 16:51:15.778152
7596,23,783,11.21,False,,2026-06-04 16:51:15.778165
7597,23,785,14.12,False,,2026-06-04 16:51:15.778178
7598,23,791,10.19,False,,2026-06-04 16:51:15.778191
7599,23,792,18.43,False,,2026-06-04 16:51:15.778204
7600,23,794,13.61,False,,2026-06-04 16:51:15.778217
7601,23,799,0.0,True,Absent,2026-06-04 16:51:15.778229
7602,23,804,11.75,False,,2026-06-04 16:51:15.778242
7603,23,808,0.0,True,Absent,2026-06-04 16:51:15.778255
7604,23,809,10.66,False,,2026-06-04 16:51:15.778268
7605,23,811,11.3,False,,2026-06-04 16:51:15.778281
7606,23,818,11.62,False,,2026-06-04 16:51:15.778293
7607,23,819,10.12,False,,2026-06-04 16:51:15.778306
7608,23,823,7.5,False,,2026-06-04 16:51:15.778322
7609,23,825,10.63,False,,2026-06-04 16:51:15.778336
7610,23,828,8.5,False,,2026-06-04 16:51:15.778349
7611,23,832,0.0,True,Absent,2026-06-04 16:51:15.778361
7612,23,834,16.69,False,,2026-06-04 16:51:15.778374
7613,23,835,10.23,False,,2026-06-04 16:51:15.778387
7614,23,838,17.71,False,,2026-06-04 16:51:15.778400
7615,23,841,14.19,False,,2026-06-04 16:51:15.778413
7616,23,843,5.89,False,,2026-06-04 16:51:15.778426
7617,23,845,16.18,False,,2026-06-04 16:51:15.778438
7618,23,846,12.53,False,,2026-06-04 16:51:15.778451
7619,23,848,7.75,False,,2026-06-04 16:51:15.778464
7620,23,849,7.1,False,,2026-06-04 16:51:15.778477
7621,23,850,12.0,False,,2026-06-04 16:51:15.778490
7622,23,852,14.4,False,,2026-06-04 16:51:15.778503
7623,23,854,15.82,False,,2026-06-04 16:51:15.778516
7624,23,857,12.28,False,,2026-06-04 16:51:15.778530
7625,23,858,12.44,False,,2026-06-04 16:51:15.778543
7626,23,866,14.19,False,,2026-06-04 16:51:15.778557
7627,23,867,11.18,False,,2026-06-04 16:51:15.778570
7628,23,871,13.91,False,,2026-06-04 16:51:15.778584
7629,23,874,13.75,False,,2026-06-04 16:51:15.778598
7630,23,884,9.49,False,,2026-06-04 16:51:15.778613
7631,23,889,11.77,False,,2026-06-04 16:51:15.778627
7632,23,890,6.36,False,,2026-06-04 16:51:15.778641
7633,23,895,10.03,False,,2026-06-04 16:51:15.778654
7634,23,901,11.16,False,,2026-06-04 16:51:15.778668
7635,23,904,9.85,False,,2026-06-04 16:51:15.778681
7636,23,907,12.56,False,,2026-06-04 16:51:15.778694
7637,23,908,16.99,False,,2026-06-04 16:51:15.778707
7638,23,909,13.79,False,,2026-06-04 16:51:15.778720
7639,23,910,9.53,False,,2026-06-04 16:51:15.778733
7640,23,916,9.44,False,,2026-06-04 16:51:15.778746
7641,23,918,8.7,False,,2026-06-04 16:51:15.778759
7642,23,920,11.09,False,,2026-06-04 16:51:15.778772
7643,23,923,16.81,False,,2026-06-04 16:51:15.778785
7644,23,925,8.58,False,,2026-06-04 16:51:15.778798
7645,23,930,11.06,False,,2026-06-04 16:51:15.778811
7646,23,935,13.38,False,,2026-06-04 16:51:15.778824
7647,23,941,13.54,False,,2026-06-04 16:51:15.778837
7648,23,942,7.8,False,,2026-06-04 16:51:15.778849
7649,23,943,8.75,False,,2026-06-04 16:51:15.778863
7650,23,946,12.28,False,,2026-06-04 16:51:15.778876
7651,23,957,13.18,False,,2026-06-04 16:51:15.778889
7652,23,958,9.3,False,,2026-06-04 16:51:15.778902
7653,23,962,6.62,False,,2026-06-04 16:51:15.778915
7654,23,964,12.93,False,,2026-06-04 16:51:15.778928
7655,23,966,10.37,False,,2026-06-04 16:51:15.778941
7656,23,968,14.48,False,,2026-06-04 16:51:15.778954
7657,23,969,13.66,False,,2026-06-04 16:51:15.778967
7658,23,970,14.11,False,,2026-06-04 16:51:15.778981
7659,23,972,12.33,False,,2026-06-04 16:51:15.778994
7660,23,973,17.48,False,,2026-06-04 16:51:15.779007
7661,23,975,15.53,False,,2026-06-04 16:51:15.779020
7662,23,981,8.9,False,,2026-06-04 16:51:15.779033
7663,23,982,9.74,False,,2026-06-04 16:51:15.779046
7664,23,986,11.55,False,,2026-06-04 16:51:15.779059
7665,23,987,9.67,False,,2026-06-04 16:51:15.779075
7666,23,993,14.64,False,,2026-06-04 16:51:15.779088
7667,23,995,11.85,False,,2026-06-04 16:51:15.779101
7668,23,1000,12.98,False,,2026-06-04 16:51:15.779114
7669,24,4,13.92,False,,2026-06-04 16:51:15.779462
7670,24,7,13.69,False,,2026-06-04 16:51:15.779479
7671,24,10,16.56,False,,2026-06-04 16:51:15.779495
7672,24,12,9.31,False,,2026-06-04 16:51:15.779510
7673,24,14,10.25,False,,2026-06-04 16:51:15.779525
7674,24,18,17.11,False,,2026-06-04 16:51:15.779539
7675,24,23,16.09,False,,2026-06-04 16:51:15.779552
7676,24,25,10.13,False,,2026-06-04 16:51:15.779565
7677,24,27,0.0,True,Absent,2026-06-04 16:51:15.779578
7678,24,28,11.9,False,,2026-06-04 16:51:15.779591
7679,24,29,16.67,False,,2026-06-04 16:51:15.779604
7680,24,32,7.21,False,,2026-06-04 16:51:15.779617
7681,24,39,16.27,False,,2026-06-04 16:51:15.779630
7682,24,41,12.26,False,,2026-06-04 16:51:15.779643
7683,24,43,14.34,False,,2026-06-04 16:51:15.779656
7684,24,45,6.64,False,,2026-06-04 16:51:15.779669
7685,24,48,14.12,False,,2026-06-04 16:51:15.779683
7686,24,56,0.0,True,Absent,2026-06-04 16:51:15.779695
7687,24,61,13.06,False,,2026-06-04 16:51:15.779708
7688,24,63,0.0,True,Absent,2026-06-04 16:51:15.779721
7689,24,65,14.6,False,,2026-06-04 16:51:15.779734
7690,24,73,16.41,False,,2026-06-04 16:51:15.779747
7691,24,74,9.49,False,,2026-06-04 16:51:15.779760
7692,24,75,13.96,False,,2026-06-04 16:51:15.779772
7693,24,76,14.39,False,,2026-06-04 16:51:15.779785
7694,24,90,11.34,False,,2026-06-04 16:51:15.779798
7695,24,91,11.12,False,,2026-06-04 16:51:15.779811
7696,24,93,16.93,False,,2026-06-04 16:51:15.779824
7697,24,98,9.52,False,,2026-06-04 16:51:15.779837
7698,24,99,13.1,False,,2026-06-04 16:51:15.779850
7699,24,102,10.44,False,,2026-06-04 16:51:15.779863
7700,24,104,13.42,False,,2026-06-04 16:51:15.779876
7701,24,106,11.79,False,,2026-06-04 16:51:15.779889
7702,24,109,6.5,False,,2026-06-04 16:51:15.779902
7703,24,111,8.93,False,,2026-06-04 16:51:15.779915
7704,24,112,8.52,False,,2026-06-04 16:51:15.779928
7705,24,115,12.73,False,,2026-06-04 16:51:15.779941
7706,24,119,8.47,False,,2026-06-04 16:51:15.779954
7707,24,120,12.15,False,,2026-06-04 16:51:15.779967
7708,24,128,0.0,True,Absent,2026-06-04 16:51:15.779980
7709,24,133,9.5,False,,2026-06-04 16:51:15.779993
7710,24,134,12.15,False,,2026-06-04 16:51:15.780006
7711,24,136,15.1,False,,2026-06-04 16:51:15.780019
7712,24,139,13.9,False,,2026-06-04 16:51:15.780032
7713,24,147,16.41,False,,2026-06-04 16:51:15.780045
7714,24,148,12.89,False,,2026-06-04 16:51:15.780058
7715,24,149,17.31,False,,2026-06-04 16:51:15.780070
7716,24,150,14.73,False,,2026-06-04 16:51:15.780083
7717,24,152,17.22,False,,2026-06-04 16:51:15.780096
7718,24,155,8.49,False,,2026-06-04 16:51:15.780109
7719,24,159,7.08,False,,2026-06-04 16:51:15.780122
7720,24,163,13.89,False,,2026-06-04 16:51:15.780135
7721,24,164,16.2,False,,2026-06-04 16:51:15.780148
7722,24,170,11.22,False,,2026-06-04 16:51:15.780161
7723,24,171,8.52,False,,2026-06-04 16:51:15.780174
7724,24,172,12.5,False,,2026-06-04 16:51:15.780187
7725,24,174,17.48,False,,2026-06-04 16:51:15.780200
7726,24,175,15.55,False,,2026-06-04 16:51:15.780213
7727,24,180,11.66,False,,2026-06-04 16:51:15.780226
7728,24,187,0.0,True,Absent,2026-06-04 16:51:15.780238
7729,24,192,12.61,False,,2026-06-04 16:51:15.780251
7730,24,193,0.0,True,Absent,2026-06-04 16:51:15.780263
7731,24,200,15.44,False,,2026-06-04 16:51:15.780276
7732,24,207,17.41,False,,2026-06-04 16:51:15.780289
7733,24,209,12.63,False,,2026-06-04 16:51:15.780302
7734,24,210,9.66,False,,2026-06-04 16:51:15.780315
7735,24,218,9.86,False,,2026-06-04 16:51:15.780328
7736,24,225,13.94,False,,2026-06-04 16:51:15.780341
7737,24,226,14.33,False,,2026-06-04 16:51:15.780354
7738,24,230,0.0,True,Absent,2026-06-04 16:51:15.780367
7739,24,237,10.51,False,,2026-06-04 16:51:15.780380
7740,24,238,15.75,False,,2026-06-04 16:51:15.780393
7741,24,239,6.83,False,,2026-06-04 16:51:15.780406
7742,24,241,9.83,False,,2026-06-04 16:51:15.780418
7743,24,246,17.65,False,,2026-06-04 16:51:15.780434
7744,24,247,14.03,False,,2026-06-04 16:51:15.780447
7745,24,257,11.39,False,,2026-06-04 16:51:15.780460
7746,24,263,11.32,False,,2026-06-04 16:51:15.780474
7747,24,265,6.2,False,,2026-06-04 16:51:15.780487
7748,24,267,10.27,False,,2026-06-04 16:51:15.780501
7749,24,273,10.02,False,,2026-06-04 16:51:15.780514
7750,24,278,0.0,True,Absent,2026-06-04 16:51:15.780526
7751,24,280,15.56,False,,2026-06-04 16:51:15.780540
7752,24,285,13.32,False,,2026-06-04 16:51:15.780553
7753,24,287,8.6,False,,2026-06-04 16:51:15.780566
7754,24,304,0.0,True,Absent,2026-06-04 16:51:15.780578
7755,24,305,11.18,False,,2026-06-04 16:51:15.780591
7756,24,307,15.2,False,,2026-06-04 16:51:15.780604
7757,24,309,12.92,False,,2026-06-04 16:51:15.780616
7758,24,312,16.97,False,,2026-06-04 16:51:15.780629
7759,24,314,13.66,False,,2026-06-04 16:51:15.780642
7760,24,316,6.16,False,,2026-06-04 16:51:15.780655
7761,24,321,10.6,False,,2026-06-04 16:51:15.780668
7762,24,323,8.89,False,,2026-06-04 16:51:15.780681
7763,24,324,8.34,False,,2026-06-04 16:51:15.780694
7764,24,330,0.0,True,Absent,2026-06-04 16:51:15.780706
7765,24,331,0.0,True,Absent,2026-06-04 16:51:15.780718
7766,24,335,8.25,False,,2026-06-04 16:51:15.780731
7767,24,337,12.73,False,,2026-06-04 16:51:15.780744
7768,24,341,13.73,False,,2026-06-04 16:51:15.780757
7769,24,344,0.0,True,Absent,2026-06-04 16:51:15.780769
7770,24,345,12.38,False,,2026-06-04 16:51:15.780782
7771,24,349,13.91,False,,2026-06-04 16:51:15.780795
7772,24,352,16.3,False,,2026-06-04 16:51:15.780808
7773,24,353,12.88,False,,2026-06-04 16:51:15.780821
7774,24,355,6.36,False,,2026-06-04 16:51:15.780833
7775,24,356,7.48,False,,2026-06-04 16:51:15.780846
7776,24,358,0.0,True,Absent,2026-06-04 16:51:15.780859
7777,24,360,7.33,False,,2026-06-04 16:51:15.780871
7778,24,362,8.14,False,,2026-06-04 16:51:15.780884
7779,24,364,18.1,False,,2026-06-04 16:51:15.780897
7780,24,366,12.89,False,,2026-06-04 16:51:15.780910
7781,24,370,0.0,True,Absent,2026-06-04 16:51:15.780923
7782,24,375,10.77,False,,2026-06-04 16:51:15.780935
7783,24,376,0.0,True,Absent,2026-06-04 16:51:15.780948
7784,24,378,15.81,False,,2026-06-04 16:51:15.780961
7785,24,379,12.18,False,,2026-06-04 16:51:15.780974
7786,24,380,8.23,False,,2026-06-04 16:51:15.780986
7787,24,397,6.79,False,,2026-06-04 16:51:15.780999
7788,24,401,12.66,False,,2026-06-04 16:51:15.781012
7789,24,407,11.89,False,,2026-06-04 16:51:15.781025
7790,24,410,0.0,True,Absent,2026-06-04 16:51:15.781038
7791,24,419,0.0,True,Absent,2026-06-04 16:51:15.781050
7792,24,421,12.49,False,,2026-06-04 16:51:15.781063
7793,24,426,11.08,False,,2026-06-04 16:51:15.781076
7794,24,430,11.23,False,,2026-06-04 16:51:15.781088
7795,24,432,9.64,False,,2026-06-04 16:51:15.781103
7796,24,436,13.59,False,,2026-06-04 16:51:15.781117
7797,24,437,9.32,False,,2026-06-04 16:51:15.781131
7798,24,444,0.0,True,Absent,2026-06-04 16:51:15.781143
7799,24,445,15.7,False,,2026-06-04 16:51:15.781157
7800,24,446,7.06,False,,2026-06-04 16:51:15.781170
7801,24,447,12.96,False,,2026-06-04 16:51:15.781183
7802,24,450,10.33,False,,2026-06-04 16:51:15.781196
7803,24,454,11.36,False,,2026-06-04 16:51:15.781208
7804,24,455,12.19,False,,2026-06-04 16:51:15.781221
7805,24,464,7.9,False,,2026-06-04 16:51:15.781235
7806,24,465,11.43,False,,2026-06-04 16:51:15.781248
7807,24,466,11.41,False,,2026-06-04 16:51:15.781260
7808,24,468,13.06,False,,2026-06-04 16:51:15.781273
7809,24,469,7.43,False,,2026-06-04 16:51:15.781286
7810,24,476,10.8,False,,2026-06-04 16:51:15.781299
7811,24,477,15.07,False,,2026-06-04 16:51:15.781312
7812,24,478,8.5,False,,2026-06-04 16:51:15.781325
7813,24,480,16.81,False,,2026-06-04 16:51:15.781337
7814,24,483,16.23,False,,2026-06-04 16:51:15.781350
7815,24,496,14.84,False,,2026-06-04 16:51:15.781363
7816,24,499,6.58,False,,2026-06-04 16:51:15.781376
7817,24,500,11.77,False,,2026-06-04 16:51:15.781389
7818,24,510,12.5,False,,2026-06-04 16:51:15.781402
7819,24,517,0.0,True,Absent,2026-06-04 16:51:15.781414
7820,24,518,17.88,False,,2026-06-04 16:51:15.781427
7821,24,522,12.56,False,,2026-06-04 16:51:15.781443
7822,24,527,11.32,False,,2026-06-04 16:51:15.781456
7823,24,528,12.9,False,,2026-06-04 16:51:15.781469
7824,24,531,9.27,False,,2026-06-04 16:51:15.781482
7825,24,532,14.99,False,,2026-06-04 16:51:15.781495
7826,24,533,16.22,False,,2026-06-04 16:51:15.781508
7827,24,534,14.54,False,,2026-06-04 16:51:15.781521
7828,24,535,0.0,True,Absent,2026-06-04 16:51:15.781536
7829,24,538,16.14,False,,2026-06-04 16:51:15.781550
7830,24,543,7.44,False,,2026-06-04 16:51:15.781563
7831,24,549,10.57,False,,2026-06-04 16:51:15.781576
7832,24,550,10.39,False,,2026-06-04 16:51:15.781589
7833,24,556,0.0,True,Absent,2026-06-04 16:51:15.781602
7834,24,557,14.56,False,,2026-06-04 16:51:15.781615
7835,24,561,12.11,False,,2026-06-04 16:51:15.781628
7836,24,563,10.25,False,,2026-06-04 16:51:15.781640
7837,24,564,10.82,False,,2026-06-04 16:51:15.781653
7838,24,565,10.79,False,,2026-06-04 16:51:15.781667
7839,24,566,8.74,False,,2026-06-04 16:51:15.781680
7840,24,568,8.93,False,,2026-06-04 16:51:15.781692
7841,24,570,8.57,False,,2026-06-04 16:51:15.781705
7842,24,573,0.0,True,Absent,2026-06-04 16:51:15.781718
7843,24,574,10.89,False,,2026-06-04 16:51:15.781730
7844,24,575,14.94,False,,2026-06-04 16:51:15.781743
7845,24,578,11.4,False,,2026-06-04 16:51:15.781756
7846,24,589,10.48,False,,2026-06-04 16:51:15.781769
7847,24,591,0.0,True,Absent,2026-06-04 16:51:15.781782
7848,24,594,11.65,False,,2026-06-04 16:51:15.781795
7849,24,596,10.54,False,,2026-06-04 16:51:15.781808
7850,24,597,11.89,False,,2026-06-04 16:51:15.781820
7851,24,598,15.05,False,,2026-06-04 16:51:15.781833
7852,24,602,17.91,False,,2026-06-04 16:51:15.781846
7853,24,607,11.63,False,,2026-06-04 16:51:15.781859
7854,24,609,12.55,False,,2026-06-04 16:51:15.781872
7855,24,610,11.3,False,,2026-06-04 16:51:15.781885
7856,24,612,10.57,False,,2026-06-04 16:51:15.781898
7857,24,614,6.65,False,,2026-06-04 16:51:15.781911
7858,24,615,12.94,False,,2026-06-04 16:51:15.781924
7859,24,616,0.0,True,Absent,2026-06-04 16:51:15.781936
7860,24,617,11.98,False,,2026-06-04 16:51:15.781949
7861,24,618,13.11,False,,2026-06-04 16:51:15.781962
7862,24,621,11.07,False,,2026-06-04 16:51:15.781975
7863,24,626,14.23,False,,2026-06-04 16:51:15.781988
7864,24,627,13.88,False,,2026-06-04 16:51:15.782001
7865,24,630,16.81,False,,2026-06-04 16:51:15.782014
7866,24,632,13.92,False,,2026-06-04 16:51:15.782026
7867,24,633,8.22,False,,2026-06-04 16:51:15.782039
7868,24,634,6.37,False,,2026-06-04 16:51:15.782052
7869,24,635,15.14,False,,2026-06-04 16:51:15.782065
7870,24,639,13.64,False,,2026-06-04 16:51:15.782078
7871,24,640,10.65,False,,2026-06-04 16:51:15.782091
7872,24,642,10.07,False,,2026-06-04 16:51:15.782104
7873,24,651,7.65,False,,2026-06-04 16:51:15.782117
7874,24,658,12.29,False,,2026-06-04 16:51:15.782130
7875,24,659,14.8,False,,2026-06-04 16:51:15.782143
7876,24,661,13.75,False,,2026-06-04 16:51:15.782156
7877,24,664,0.0,True,Absent,2026-06-04 16:51:15.782168
7878,24,665,13.15,False,,2026-06-04 16:51:15.782181
7879,24,668,11.8,False,,2026-06-04 16:51:15.782194
7880,24,670,11.95,False,,2026-06-04 16:51:15.782206
7881,24,671,11.1,False,,2026-06-04 16:51:15.782219
7882,24,673,7.74,False,,2026-06-04 16:51:15.782232
7883,24,679,12.42,False,,2026-06-04 16:51:15.782245
7884,24,681,6.84,False,,2026-06-04 16:51:15.782258
7885,24,682,9.31,False,,2026-06-04 16:51:15.782271
7886,24,683,11.89,False,,2026-06-04 16:51:15.782284
7887,24,685,16.07,False,,2026-06-04 16:51:15.782297
7888,24,686,0.0,True,Absent,2026-06-04 16:51:15.782309
7889,24,688,8.98,False,,2026-06-04 16:51:15.782322
7890,24,690,12.03,False,,2026-06-04 16:51:15.782335
7891,24,695,13.83,False,,2026-06-04 16:51:15.782348
7892,24,699,11.43,False,,2026-06-04 16:51:15.782361
7893,24,700,16.4,False,,2026-06-04 16:51:15.782374
7894,24,703,13.95,False,,2026-06-04 16:51:15.782387
7895,24,704,14.79,False,,2026-06-04 16:51:15.782399
7896,24,705,14.25,False,,2026-06-04 16:51:15.782412
7897,24,706,11.79,False,,2026-06-04 16:51:15.782425
7898,24,708,16.25,False,,2026-06-04 16:51:15.782438
7899,24,709,12.18,False,,2026-06-04 16:51:15.782454
7900,24,711,9.15,False,,2026-06-04 16:51:15.782467
7901,24,713,9.71,False,,2026-06-04 16:51:15.782480
7902,24,716,12.58,False,,2026-06-04 16:51:15.782493
7903,24,719,6.7,False,,2026-06-04 16:51:15.782506
7904,24,721,13.09,False,,2026-06-04 16:51:15.782519
7905,24,726,9.51,False,,2026-06-04 16:51:15.782532
7906,24,728,14.68,False,,2026-06-04 16:51:15.782545
7907,24,730,12.29,False,,2026-06-04 16:51:15.782560
7908,24,731,9.97,False,,2026-06-04 16:51:15.782574
7909,24,737,0.0,True,Absent,2026-06-04 16:51:15.782586
7910,24,738,7.41,False,,2026-06-04 16:51:15.782599
7911,24,739,16.16,False,,2026-06-04 16:51:15.782612
7912,24,741,13.77,False,,2026-06-04 16:51:15.782625
7913,24,745,11.77,False,,2026-06-04 16:51:15.782638
7914,24,751,8.98,False,,2026-06-04 16:51:15.782650
7915,24,752,16.68,False,,2026-06-04 16:51:15.782663
7916,24,753,13.11,False,,2026-06-04 16:51:15.782676
7917,24,754,12.65,False,,2026-06-04 16:51:15.782689
7918,24,756,9.22,False,,2026-06-04 16:51:15.782702
7919,24,758,11.52,False,,2026-06-04 16:51:15.782715
7920,24,761,11.09,False,,2026-06-04 16:51:15.782728
7921,24,764,0.0,True,Absent,2026-06-04 16:51:15.782740
7922,24,765,6.58,False,,2026-06-04 16:51:15.782753
7923,24,769,17.07,False,,2026-06-04 16:51:15.782766
7924,24,771,8.13,False,,2026-06-04 16:51:15.782779
7925,24,772,7.39,False,,2026-06-04 16:51:15.782791
7926,24,775,17.01,False,,2026-06-04 16:51:15.782804
7927,24,782,10.36,False,,2026-06-04 16:51:15.782818
7928,24,783,13.1,False,,2026-06-04 16:51:15.782831
7929,24,785,13.6,False,,2026-06-04 16:51:15.782844
7930,24,791,0.0,True,Absent,2026-06-04 16:51:15.782856
7931,24,792,13.33,False,,2026-06-04 16:51:15.782869
7932,24,794,10.85,False,,2026-06-04 16:51:15.782882
7933,24,799,0.0,True,Absent,2026-06-04 16:51:15.782894
7934,24,804,14.37,False,,2026-06-04 16:51:15.782907
7935,24,808,9.07,False,,2026-06-04 16:51:15.782920
7936,24,809,12.11,False,,2026-06-04 16:51:15.782933
7937,24,811,8.06,False,,2026-06-04 16:51:15.782946
7938,24,818,15.98,False,,2026-06-04 16:51:15.782959
7939,24,819,11.66,False,,2026-06-04 16:51:15.782972
7940,24,823,11.6,False,,2026-06-04 16:51:15.782985
7941,24,825,10.48,False,,2026-06-04 16:51:15.782997
7942,24,828,13.32,False,,2026-06-04 16:51:15.783010
7943,24,832,17.91,False,,2026-06-04 16:51:15.783023
7944,24,834,14.75,False,,2026-06-04 16:51:15.783036
7945,24,835,12.0,False,,2026-06-04 16:51:15.783049
7946,24,838,17.52,False,,2026-06-04 16:51:15.783062
7947,24,841,14.99,False,,2026-06-04 16:51:15.783075
7948,24,843,7.9,False,,2026-06-04 16:51:15.783090
7949,24,845,11.58,False,,2026-06-04 16:51:15.783104
7950,24,846,0.0,True,Absent,2026-06-04 16:51:15.783116
7951,24,848,7.95,False,,2026-06-04 16:51:15.783129
7952,24,849,9.16,False,,2026-06-04 16:51:15.783142
7953,24,850,12.78,False,,2026-06-04 16:51:15.783155
7954,24,852,13.07,False,,2026-06-04 16:51:15.783168
7955,24,854,16.51,False,,2026-06-04 16:51:15.783181
7956,24,857,11.91,False,,2026-06-04 16:51:15.783194
7957,24,858,9.52,False,,2026-06-04 16:51:15.783207
7958,24,866,14.83,False,,2026-06-04 16:51:15.783220
7959,24,867,9.78,False,,2026-06-04 16:51:15.783233
7960,24,871,9.25,False,,2026-06-04 16:51:15.783246
7961,24,874,12.74,False,,2026-06-04 16:51:15.783260
7962,24,884,0.0,True,Absent,2026-06-04 16:51:15.783272
7963,24,889,0.0,True,Absent,2026-06-04 16:51:15.783284
7964,24,890,5.42,False,,2026-06-04 16:51:15.783297
7965,24,895,7.59,False,,2026-06-04 16:51:15.783310
7966,24,901,10.22,False,,2026-06-04 16:51:15.783323
7967,24,904,9.13,False,,2026-06-04 16:51:15.783336
7968,24,907,8.5,False,,2026-06-04 16:51:15.783349
7969,24,908,0.0,True,Absent,2026-06-04 16:51:15.783362
7970,24,909,15.51,False,,2026-06-04 16:51:15.783375
7971,24,910,7.09,False,,2026-06-04 16:51:15.783388
7972,24,916,13.63,False,,2026-06-04 16:51:15.783400
7973,24,918,11.41,False,,2026-06-04 16:51:15.783413
7974,24,920,8.53,False,,2026-06-04 16:51:15.783426
7975,24,923,13.02,False,,2026-06-04 16:51:15.783439
7976,24,925,11.31,False,,2026-06-04 16:51:15.783452
7977,24,930,9.43,False,,2026-06-04 16:51:15.783468
7978,24,935,11.68,False,,2026-06-04 16:51:15.783481
7979,24,941,16.51,False,,2026-06-04 16:51:15.783494
7980,24,942,11.19,False,,2026-06-04 16:51:15.783508
7981,24,943,9.45,False,,2026-06-04 16:51:15.783520
7982,24,946,12.97,False,,2026-06-04 16:51:15.783533
7983,24,957,14.58,False,,2026-06-04 16:51:15.783547
7984,24,958,10.75,False,,2026-06-04 16:51:15.783559
7985,24,962,9.8,False,,2026-06-04 16:51:15.783573
7986,24,964,12.18,False,,2026-06-04 16:51:15.783586
7987,24,966,10.98,False,,2026-06-04 16:51:15.783598
7988,24,968,10.85,False,,2026-06-04 16:51:15.783611
7989,24,969,11.82,False,,2026-06-04 16:51:15.783625
7990,24,970,15.83,False,,2026-06-04 16:51:15.783637
7991,24,972,13.52,False,,2026-06-04 16:51:15.783650
7992,24,973,14.58,False,,2026-06-04 16:51:15.783663
7993,24,975,15.46,False,,2026-06-04 16:51:15.783677
7994,24,981,11.77,False,,2026-06-04 16:51:15.783690
7995,24,982,12.02,False,,2026-06-04 16:51:15.783703
7996,24,986,9.83,False,,2026-06-04 16:51:15.783715
7997,24,987,9.41,False,,2026-06-04 16:51:15.783728
7998,24,993,11.54,False,,2026-06-04 16:51:15.783741
7999,24,995,13.03,False,,2026-06-04 16:51:15.783757
8000,24,1000,17.1,False,,2026-06-04 16:51:15.783770
