id,first_name,last_name,email,phone_number,password_hash,role,created_at
1,Laure,Lacombe,wmary@example.org,03 22 14 32 67,$2b$12$mQ6apj9GU3G9UffHxkS/puCraoRkswp1UzVn3Sxg9/cvugxxDBH/W,student,2026-06-08 19:35:37.423352
2,Lucas,Le Goff,gillesfabre@example.net,0230404614,$2b$12$mQ6apj9GU3G9UffHxkS/puCraoRkswp1UzVn3Sxg9/cvugxxDBH/W,student,2026-06-08 19:35:37.423396
3,Alfred,Pascal,xcoulon@example.net,+33 1 46 04 45 06,$2b$12$mQ6apj9GU3G9UffHxkS/puCraoRkswp1UzVn3Sxg9/cvugxxDBH/W,student,2026-06-08 19:35:37.423426
4,Gabriel,Samson,alphonse01@example.net,0497045910,$2b$12$mQ6apj9GU3G9UffHxkS/puCraoRkswp1UzVn3Sxg9/cvugxxDBH/W,student,2026-06-08 19:35:37.423454
5,Pénélope,Dubois,marcelle07@example.net,0732361938,$2b$12$mQ6apj9GU3G9UffHxkS/puCraoRkswp1UzVn3Sxg9/cvugxxDBH/W,student,2026-06-08 19:35:37.423480
6,Marianne,Lebreton,isabelle84@example.org,01 60 59 07 27,$2b$12$mQ6apj9GU3G9UffHxkS/puCraoRkswp1UzVn3Sxg9/cvugxxDBH/W,student,2026-06-08 19:35:37.423504
7,Théodore,Delannoy,nathfoucher@example.com,0549279135,$2b$12$mQ6apj9GU3G9UffHxkS/puCraoRkswp1UzVn3Sxg9/cvugxxDBH/W,student,2026-06-08 19:35:37.423530
8,Nicolas,Loiseau,catherine82@example.net,04 80 63 12 95,$2b$12$mQ6apj9GU3G9UffHxkS/puCraoRkswp1UzVn3Sxg9/cvugxxDBH/W,student,2026-06-08 19:35:37.423555
9,Suzanne,Fouquet,letellierelisabeth@example.org,0546363582,$2b$12$mQ6apj9GU3G9UffHxkS/puCraoRkswp1UzVn3Sxg9/cvugxxDBH/W,student,2026-06-08 19:35:37.423582
10,Laurent,Pruvost,grosfranck@example.net,+33 1 49 39 00 14,$2b$12$mQ6apj9GU3G9UffHxkS/puCraoRkswp1UzVn3Sxg9/cvugxxDBH/W,student,2026-06-08 19:35:37.423606
11,Alexandria,Riou,yves09@example.com,+33 (0)2 31 89 77 61,$2b$12$mQ6apj9GU3G9UffHxkS/puCraoRkswp1UzVn3Sxg9/cvugxxDBH/W,student,2026-06-08 19:35:37.423631
12,Catherine,Perez,patriciaboucher@example.org,+33 2 54 39 07 94,$2b$12$mQ6apj9GU3G9UffHxkS/puCraoRkswp1UzVn3Sxg9/cvugxxDBH/W,student,2026-06-08 19:35:37.423658
13,Nicolas,François,adrienne09@example.com,0148825402,$2b$12$mQ6apj9GU3G9UffHxkS/puCraoRkswp1UzVn3Sxg9/cvugxxDBH/W,student,2026-06-08 19:35:37.423682
14,Lucy,Gomes,lfoucher@example.com,+33 3 69 81 96 42,$2b$12$mQ6apj9GU3G9UffHxkS/puCraoRkswp1UzVn3Sxg9/cvugxxDBH/W,student,2026-06-08 19:35:37.423706
15,Marie,Le Gall,gchartier@example.net,02 22 30 06 23,$2b$12$mQ6apj9GU3G9UffHxkS/puCraoRkswp1UzVn3Sxg9/cvugxxDBH/W,student,2026-06-08 19:35:37.423730
16,Amélie,Bousquet,margaud55@example.com,05 67 97 25 42,$2b$12$mQ6apj9GU3G9UffHxkS/puCraoRkswp1UzVn3Sxg9/cvugxxDBH/W,student,2026-06-08 19:35:37.423753
17,Adèle,Bousquet,ubruneau@example.com,+33 (0)2 30 71 51 07,$2b$12$mQ6apj9GU3G9UffHxkS/puCraoRkswp1UzVn3Sxg9/cvugxxDBH/W,student,2026-06-08 19:35:37.423776
18,Hélène,Schneider,vcoste@example.org,+33 5 34 63 59 34,$2b$12$mQ6apj9GU3G9UffHxkS/puCraoRkswp1UzVn3Sxg9/cvugxxDBH/W,student,2026-06-08 19:35:37.423800
19,Roland,Le Gall,hmarechal@example.net,04 71 58 78 11,$2b$12$mQ6apj9GU3G9UffHxkS/puCraoRkswp1UzVn3Sxg9/cvugxxDBH/W,student,2026-06-08 19:35:37.423825
20,Gérard,Pereira,davidvasseur@example.net,03 70 23 58 85,$2b$12$mQ6apj9GU3G9UffHxkS/puCraoRkswp1UzVn3Sxg9/cvugxxDBH/W,student,2026-06-08 19:35:37.423849
21,Louis,Lefort,juliette10@example.com,0473791076,$2b$12$mQ6apj9GU3G9UffHxkS/puCraoRkswp1UzVn3Sxg9/cvugxxDBH/W,student,2026-06-08 19:35:37.423871
22,Alfred,Durand,fboucher@example.net,0634947903,$2b$12$mQ6apj9GU3G9UffHxkS/puCraoRkswp1UzVn3Sxg9/cvugxxDBH/W,student,2026-06-08 19:35:37.423894
23,Geneviève,Potier,caroline22@example.com,05 62 89 03 98,$2b$12$mQ6apj9GU3G9UffHxkS/puCraoRkswp1UzVn3Sxg9/cvugxxDBH/W,student,2026-06-08 19:35:37.423917
24,Luc,Barre,lmonnier@example.net,0582003525,$2b$12$mQ6apj9GU3G9UffHxkS/puCraoRkswp1UzVn3Sxg9/cvugxxDBH/W,student,2026-06-08 19:35:37.423940
25,Alexandrie,Rolland,fpottier@example.org,+33 (0)2 43 29 93 76,$2b$12$mQ6apj9GU3G9UffHxkS/puCraoRkswp1UzVn3Sxg9/cvugxxDBH/W,student,2026-06-08 19:35:37.423963
26,Victoire,Chevalier,potierastrid@example.com,+33 (0)3 44 81 07 01,$2b$12$mQ6apj9GU3G9UffHxkS/puCraoRkswp1UzVn3Sxg9/cvugxxDBH/W,student,2026-06-08 19:35:37.423987
27,Rémy,Bertin,turpinhenri@example.org,+33 2 28 23 19 72,$2b$12$mQ6apj9GU3G9UffHxkS/puCraoRkswp1UzVn3Sxg9/cvugxxDBH/W,student,2026-06-08 19:35:37.424011
28,Pauline,Joly,dominique09@example.com,+33 4 32 90 70 28,$2b$12$mQ6apj9GU3G9UffHxkS/puCraoRkswp1UzVn3Sxg9/cvugxxDBH/W,student,2026-06-08 19:35:37.424034
29,Martine,Mahe,aliceneveu@example.com,0228076906,$2b$12$mQ6apj9GU3G9UffHxkS/puCraoRkswp1UzVn3Sxg9/cvugxxDBH/W,student,2026-06-08 19:35:37.424057
30,Martine,Lemoine,lombarddiane@example.com,0540002189,$2b$12$mQ6apj9GU3G9UffHxkS/puCraoRkswp1UzVn3Sxg9/cvugxxDBH/W,student,2026-06-08 19:35:37.424081
31,Christiane,Descamps,colettenormand@example.org,05 86 25 45 87,$2b$12$mQ6apj9GU3G9UffHxkS/puCraoRkswp1UzVn3Sxg9/cvugxxDBH/W,student,2026-06-08 19:35:37.424105
32,Charlotte,Boucher,ymunoz@example.org,0285889359,$2b$12$mQ6apj9GU3G9UffHxkS/puCraoRkswp1UzVn3Sxg9/cvugxxDBH/W,student,2026-06-08 19:35:37.424127
33,Benjamin,Guérin,cruiz@example.com,+33 (0)5 16 31 02 80,$2b$12$mQ6apj9GU3G9UffHxkS/puCraoRkswp1UzVn3Sxg9/cvugxxDBH/W,student,2026-06-08 19:35:37.424150
34,Maurice,Renault,gabrielsimon@example.net,+33 5 36 37 67 29,$2b$12$mQ6apj9GU3G9UffHxkS/puCraoRkswp1UzVn3Sxg9/cvugxxDBH/W,student,2026-06-08 19:35:37.424174
35,Eugène,Caron,antoinettebigot@example.com,+33 2 79 87 40 57,$2b$12$mQ6apj9GU3G9UffHxkS/puCraoRkswp1UzVn3Sxg9/cvugxxDBH/W,student,2026-06-08 19:35:37.424198
36,Bertrand,Léger,le-galljosette@example.org,+33 (0)5 55 77 68 95,$2b$12$mQ6apj9GU3G9UffHxkS/puCraoRkswp1UzVn3Sxg9/cvugxxDBH/W,student,2026-06-08 19:35:37.424223
37,Alain,Perrier,moulinguillaume@example.com,0442377098,$2b$12$mQ6apj9GU3G9UffHxkS/puCraoRkswp1UzVn3Sxg9/cvugxxDBH/W,student,2026-06-08 19:35:37.424248
38,Michèle,Gay,chantal57@example.net,01 49 44 04 14,$2b$12$mQ6apj9GU3G9UffHxkS/puCraoRkswp1UzVn3Sxg9/cvugxxDBH/W,student,2026-06-08 19:35:37.424271
39,Robert,Guillou,amelievincent@example.com,+33 7 70 53 26 88,$2b$12$mQ6apj9GU3G9UffHxkS/puCraoRkswp1UzVn3Sxg9/cvugxxDBH/W,student,2026-06-08 19:35:37.424296
40,Célina,Camus,mlegrand@example.net,0579576411,$2b$12$mQ6apj9GU3G9UffHxkS/puCraoRkswp1UzVn3Sxg9/cvugxxDBH/W,student,2026-06-08 19:35:37.424319
41,Anne,Nguyen,rbonneau@example.org,+33 (0)3 62 20 10 97,$2b$12$mQ6apj9GU3G9UffHxkS/puCraoRkswp1UzVn3Sxg9/cvugxxDBH/W,student,2026-06-08 19:35:37.424342
42,Frédérique,Marchand,jeanninetraore@example.com,0235692368,$2b$12$mQ6apj9GU3G9UffHxkS/puCraoRkswp1UzVn3Sxg9/cvugxxDBH/W,student,2026-06-08 19:35:37.424366
43,Margot,Boulanger,royerfranck@example.org,+33 5 36 84 90 54,$2b$12$mQ6apj9GU3G9UffHxkS/puCraoRkswp1UzVn3Sxg9/cvugxxDBH/W,student,2026-06-08 19:35:37.424389
44,Léon,Munoz,bertrand94@example.net,+33 1 75 73 10 71,$2b$12$mQ6apj9GU3G9UffHxkS/puCraoRkswp1UzVn3Sxg9/cvugxxDBH/W,student,2026-06-08 19:35:37.424412
45,Jacqueline,Gallet,evrardgregoire@example.org,02 43 10 55 46,$2b$12$mQ6apj9GU3G9UffHxkS/puCraoRkswp1UzVn3Sxg9/cvugxxDBH/W,student,2026-06-08 19:35:37.424436
46,Adrien,Sanchez,mathildehoareau@example.org,03 68 52 78 99,$2b$12$mQ6apj9GU3G9UffHxkS/puCraoRkswp1UzVn3Sxg9/cvugxxDBH/W,student,2026-06-08 19:35:37.424461
47,Rémy,Rousseau,gbernard@example.com,+33 (0)5 64 25 76 11,$2b$12$mQ6apj9GU3G9UffHxkS/puCraoRkswp1UzVn3Sxg9/cvugxxDBH/W,student,2026-06-08 19:35:37.424483
48,Michelle,Barre,celinecollet@example.net,03 76 88 53 96,$2b$12$mQ6apj9GU3G9UffHxkS/puCraoRkswp1UzVn3Sxg9/cvugxxDBH/W,student,2026-06-08 19:35:37.424507
49,André,Traore,emiliebigot@example.com,05 61 03 33 53,$2b$12$mQ6apj9GU3G9UffHxkS/puCraoRkswp1UzVn3Sxg9/cvugxxDBH/W,student,2026-06-08 19:35:37.424531
50,Nicolas,Guillon,zfontaine@example.com,0463154725,$2b$12$mQ6apj9GU3G9UffHxkS/puCraoRkswp1UzVn3Sxg9/cvugxxDBH/W,student,2026-06-08 19:35:37.424554
51,Françoise,Gallet,marcpelletier@example.com,+33 (0)4 86 76 23 90,$2b$12$mQ6apj9GU3G9UffHxkS/puCraoRkswp1UzVn3Sxg9/cvugxxDBH/W,student,2026-06-08 19:35:37.424578
52,Martine,Joubert,eugene75@example.com,04 13 74 83 03,$2b$12$mQ6apj9GU3G9UffHxkS/puCraoRkswp1UzVn3Sxg9/cvugxxDBH/W,student,2026-06-08 19:35:37.424601
53,Océane,Leclercq,charleslacombe@example.com,+33 (0)1 88 07 99 54,$2b$12$mQ6apj9GU3G9UffHxkS/puCraoRkswp1UzVn3Sxg9/cvugxxDBH/W,student,2026-06-08 19:35:37.424625
54,Gilbert,Carlier,sabine55@example.net,+33 1 40 27 05 82,$2b$12$mQ6apj9GU3G9UffHxkS/puCraoRkswp1UzVn3Sxg9/cvugxxDBH/W,student,2026-06-08 19:35:37.424648
55,Marine,Briand,gregoire34@example.org,+33 1 55 78 57 52,$2b$12$mQ6apj9GU3G9UffHxkS/puCraoRkswp1UzVn3Sxg9/cvugxxDBH/W,student,2026-06-08 19:35:37.424670
56,Margaux,Ramos,frederiquefernandes@example.net,+33 (0)3 26 90 44 19,$2b$12$mQ6apj9GU3G9UffHxkS/puCraoRkswp1UzVn3Sxg9/cvugxxDBH/W,student,2026-06-08 19:35:37.424695
57,Suzanne,Lejeune,yvestecher@example.com,03 81 49 55 73,$2b$12$mQ6apj9GU3G9UffHxkS/puCraoRkswp1UzVn3Sxg9/cvugxxDBH/W,student,2026-06-08 19:35:37.424719
58,Danielle,Delmas,stephanecoulon@example.net,0370711051,$2b$12$mQ6apj9GU3G9UffHxkS/puCraoRkswp1UzVn3Sxg9/cvugxxDBH/W,student,2026-06-08 19:35:37.424743
59,Margaret,Olivier,sevrard@example.org,03 80 97 51 44,$2b$12$mQ6apj9GU3G9UffHxkS/puCraoRkswp1UzVn3Sxg9/cvugxxDBH/W,student,2026-06-08 19:35:37.424766
60,Audrey,Lemaître,qroussel@example.net,+33 4 57 14 72 75,$2b$12$mQ6apj9GU3G9UffHxkS/puCraoRkswp1UzVn3Sxg9/cvugxxDBH/W,student,2026-06-08 19:35:37.424789
61,Hortense,François,lemoinemargot@example.net,02 44 75 40 37,$2b$12$mQ6apj9GU3G9UffHxkS/puCraoRkswp1UzVn3Sxg9/cvugxxDBH/W,student,2026-06-08 19:35:37.424813
62,Isabelle,Martins,laure52@example.net,+33 (0)1 78 50 64 90,$2b$12$mQ6apj9GU3G9UffHxkS/puCraoRkswp1UzVn3Sxg9/cvugxxDBH/W,student,2026-06-08 19:35:37.424835
63,Henriette,Thibault,le-goffsusan@example.org,03 29 14 49 42,$2b$12$mQ6apj9GU3G9UffHxkS/puCraoRkswp1UzVn3Sxg9/cvugxxDBH/W,student,2026-06-08 19:35:37.424860
64,Célina,Millet,elise68@example.net,0471605527,$2b$12$mQ6apj9GU3G9UffHxkS/puCraoRkswp1UzVn3Sxg9/cvugxxDBH/W,student,2026-06-08 19:35:37.424882
65,Honoré,Rodrigues,tristandavid@example.net,+33 (0)1 43 89 59 68,$2b$12$mQ6apj9GU3G9UffHxkS/puCraoRkswp1UzVn3Sxg9/cvugxxDBH/W,student,2026-06-08 19:35:37.424906
66,Frédéric,Georges,vgillet@example.com,0488572305,$2b$12$mQ6apj9GU3G9UffHxkS/puCraoRkswp1UzVn3Sxg9/cvugxxDBH/W,student,2026-06-08 19:35:37.424930
67,Olivie,Perez,xavier69@example.com,+33 6 31 20 85 79,$2b$12$mQ6apj9GU3G9UffHxkS/puCraoRkswp1UzVn3Sxg9/cvugxxDBH/W,student,2026-06-08 19:35:37.424953
68,Léon,Brun,alvesanouk@example.org,+33 (0)5 94 08 04 97,$2b$12$mQ6apj9GU3G9UffHxkS/puCraoRkswp1UzVn3Sxg9/cvugxxDBH/W,student,2026-06-08 19:35:37.424978
69,Jérôme,Simon,aime33@example.com,0276784206,$2b$12$mQ6apj9GU3G9UffHxkS/puCraoRkswp1UzVn3Sxg9/cvugxxDBH/W,student,2026-06-08 19:35:37.425000
70,Sabine,Baudry,antoinettelebon@example.net,05 58 00 34 22,$2b$12$mQ6apj9GU3G9UffHxkS/puCraoRkswp1UzVn3Sxg9/cvugxxDBH/W,student,2026-06-08 19:35:37.425024
71,Yves,Berger,arthurlanglois@example.net,+33 (0)6 56 44 83 87,$2b$12$mQ6apj9GU3G9UffHxkS/puCraoRkswp1UzVn3Sxg9/cvugxxDBH/W,student,2026-06-08 19:35:37.425049
72,Louis,Klein,ibernard@example.com,03 87 44 14 46,$2b$12$mQ6apj9GU3G9UffHxkS/puCraoRkswp1UzVn3Sxg9/cvugxxDBH/W,student,2026-06-08 19:35:37.425071
73,Jeanne,Devaux,pauline36@example.net,0474982558,$2b$12$mQ6apj9GU3G9UffHxkS/puCraoRkswp1UzVn3Sxg9/cvugxxDBH/W,student,2026-06-08 19:35:37.425096
74,Édith,Toussaint,cdijoux@example.net,04 89 73 02 05,$2b$12$mQ6apj9GU3G9UffHxkS/puCraoRkswp1UzVn3Sxg9/cvugxxDBH/W,student,2026-06-08 19:35:37.425119
75,Christiane,Bourdon,anoukblanchet@example.net,+33 1 76 21 69 14,$2b$12$mQ6apj9GU3G9UffHxkS/puCraoRkswp1UzVn3Sxg9/cvugxxDBH/W,student,2026-06-08 19:35:37.425142
76,Stéphane,Blanchet,guilletantoine@example.net,05 19 13 55 68,$2b$12$mQ6apj9GU3G9UffHxkS/puCraoRkswp1UzVn3Sxg9/cvugxxDBH/W,student,2026-06-08 19:35:37.425171
77,Christiane,Alexandre,moulinagnes@example.com,+33 (0)8 09 83 94 18,$2b$12$mQ6apj9GU3G9UffHxkS/puCraoRkswp1UzVn3Sxg9/cvugxxDBH/W,student,2026-06-08 19:35:37.425195
78,Jacques,Chauvet,vbourgeois@example.com,+33 (0)1 48 12 56 44,$2b$12$mQ6apj9GU3G9UffHxkS/puCraoRkswp1UzVn3Sxg9/cvugxxDBH/W,student,2026-06-08 19:35:37.425223
79,Olivier,Voisin,francoise59@example.net,+33 (0)4 71 94 08 95,$2b$12$mQ6apj9GU3G9UffHxkS/puCraoRkswp1UzVn3Sxg9/cvugxxDBH/W,student,2026-06-08 19:35:37.425246
80,Anaïs,Rocher,jdiaz@example.net,+33 (0)6 06 97 60 72,$2b$12$mQ6apj9GU3G9UffHxkS/puCraoRkswp1UzVn3Sxg9/cvugxxDBH/W,student,2026-06-08 19:35:37.425269
81,Audrey,Mace,jerome16@example.org,0188108035,$2b$12$mQ6apj9GU3G9UffHxkS/puCraoRkswp1UzVn3Sxg9/cvugxxDBH/W,student,2026-06-08 19:35:37.425291
82,Jérôme,Martins,ruizelise@example.net,+33 (0)5 49 71 88 99,$2b$12$mQ6apj9GU3G9UffHxkS/puCraoRkswp1UzVn3Sxg9/cvugxxDBH/W,student,2026-06-08 19:35:37.425315
83,Guillaume,Jacquet,henrifischer@example.org,+33 1 45 58 06 92,$2b$12$mQ6apj9GU3G9UffHxkS/puCraoRkswp1UzVn3Sxg9/cvugxxDBH/W,student,2026-06-08 19:35:37.425338
84,Yves,Berthelot,julienaubert@example.org,04 85 63 32 53,$2b$12$mQ6apj9GU3G9UffHxkS/puCraoRkswp1UzVn3Sxg9/cvugxxDBH/W,student,2026-06-08 19:35:37.425362
85,Frédérique,Collet,eric72@example.org,03 27 15 42 17,$2b$12$mQ6apj9GU3G9UffHxkS/puCraoRkswp1UzVn3Sxg9/cvugxxDBH/W,student,2026-06-08 19:35:37.425385
86,Nathalie,Pasquier,charlottehoarau@example.net,+33 (0)4 23 93 77 25,$2b$12$mQ6apj9GU3G9UffHxkS/puCraoRkswp1UzVn3Sxg9/cvugxxDBH/W,student,2026-06-08 19:35:37.425410
87,Maggie,Aubert,josephine00@example.org,+33 (0)3 26 04 97 65,$2b$12$mQ6apj9GU3G9UffHxkS/puCraoRkswp1UzVn3Sxg9/cvugxxDBH/W,student,2026-06-08 19:35:37.425433
88,Étienne,Lejeune,rbouchet@example.com,+33 (0)1 53 00 68 41,$2b$12$mQ6apj9GU3G9UffHxkS/puCraoRkswp1UzVn3Sxg9/cvugxxDBH/W,student,2026-06-08 19:35:37.425455
89,Frédéric,François,gleblanc@example.net,01 56 78 69 75,$2b$12$mQ6apj9GU3G9UffHxkS/puCraoRkswp1UzVn3Sxg9/cvugxxDBH/W,student,2026-06-08 19:35:37.425478
90,William,Marques,daniellemenard@example.com,+33 (0)3 64 76 69 05,$2b$12$mQ6apj9GU3G9UffHxkS/puCraoRkswp1UzVn3Sxg9/cvugxxDBH/W,student,2026-06-08 19:35:37.425501
91,Arnaude,Bernard,rousseljacqueline@example.org,0235314426,$2b$12$mQ6apj9GU3G9UffHxkS/puCraoRkswp1UzVn3Sxg9/cvugxxDBH/W,student,2026-06-08 19:35:37.425525
92,Nicolas,Laroche,vmahe@example.org,02 38 75 57 82,$2b$12$mQ6apj9GU3G9UffHxkS/puCraoRkswp1UzVn3Sxg9/cvugxxDBH/W,student,2026-06-08 19:35:37.425548
93,Margaud,Bruneau,astrid30@example.com,0269552501,$2b$12$mQ6apj9GU3G9UffHxkS/puCraoRkswp1UzVn3Sxg9/cvugxxDBH/W,student,2026-06-08 19:35:37.425570
94,Simone,Pires,yhernandez@example.net,+33 1 79 75 67 60,$2b$12$mQ6apj9GU3G9UffHxkS/puCraoRkswp1UzVn3Sxg9/cvugxxDBH/W,student,2026-06-08 19:35:37.425593
95,Océane,Boulanger,clercanne@example.org,0258810151,$2b$12$mQ6apj9GU3G9UffHxkS/puCraoRkswp1UzVn3Sxg9/cvugxxDBH/W,student,2026-06-08 19:35:37.425617
96,Yves,Verdier,tristandos-santos@example.com,06 99 71 30 90,$2b$12$mQ6apj9GU3G9UffHxkS/puCraoRkswp1UzVn3Sxg9/cvugxxDBH/W,student,2026-06-08 19:35:37.425641
97,Daniel,Chevalier,alex38@example.net,+33 (0)6 32 63 16 88,$2b$12$mQ6apj9GU3G9UffHxkS/puCraoRkswp1UzVn3Sxg9/cvugxxDBH/W,student,2026-06-08 19:35:37.425663
98,Vincent,Verdier,guichardmadeleine@example.com,+33 4 63 50 66 94,$2b$12$mQ6apj9GU3G9UffHxkS/puCraoRkswp1UzVn3Sxg9/cvugxxDBH/W,student,2026-06-08 19:35:37.425687
99,Suzanne,Petitjean,elisedumont@example.net,01 79 21 13 16,$2b$12$mQ6apj9GU3G9UffHxkS/puCraoRkswp1UzVn3Sxg9/cvugxxDBH/W,student,2026-06-08 19:35:37.425711
100,Constance,Lévy,catherine37@example.com,+33 6 37 44 63 89,$2b$12$mQ6apj9GU3G9UffHxkS/puCraoRkswp1UzVn3Sxg9/cvugxxDBH/W,student,2026-06-08 19:35:37.425734
101,William,Fernandes,auroreboutin@example.org,+33 (0)5 19 97 15 76,$2b$12$mQ6apj9GU3G9UffHxkS/puCraoRkswp1UzVn3Sxg9/cvugxxDBH/W,student,2026-06-08 19:35:37.425757
102,Françoise,Besnard,vvasseur@example.com,01 48 16 78 88,$2b$12$mQ6apj9GU3G9UffHxkS/puCraoRkswp1UzVn3Sxg9/cvugxxDBH/W,student,2026-06-08 19:35:37.425780
103,Adrien,Blanc,diane23@example.com,+33 4 20 32 03 37,$2b$12$mQ6apj9GU3G9UffHxkS/puCraoRkswp1UzVn3Sxg9/cvugxxDBH/W,student,2026-06-08 19:35:37.425801
104,Frédérique,Coulon,jguyon@example.net,+33 4 79 65 38 84,$2b$12$mQ6apj9GU3G9UffHxkS/puCraoRkswp1UzVn3Sxg9/cvugxxDBH/W,student,2026-06-08 19:35:37.425824
105,Nath,Rodrigues,anneleveque@example.com,+33 4 26 09 05 35,$2b$12$mQ6apj9GU3G9UffHxkS/puCraoRkswp1UzVn3Sxg9/cvugxxDBH/W,student,2026-06-08 19:35:37.425848
106,Élisabeth,Peltier,reneeleclerc@example.com,+33 4 44 21 06 62,$2b$12$mQ6apj9GU3G9UffHxkS/puCraoRkswp1UzVn3Sxg9/cvugxxDBH/W,student,2026-06-08 19:35:37.425872
107,Guy,Hamon,vincent59@example.net,+33 3 70 36 02 28,$2b$12$mQ6apj9GU3G9UffHxkS/puCraoRkswp1UzVn3Sxg9/cvugxxDBH/W,student,2026-06-08 19:35:37.425894
108,Laurent,Lefebvre,suzanneklein@example.org,0237525794,$2b$12$mQ6apj9GU3G9UffHxkS/puCraoRkswp1UzVn3Sxg9/cvugxxDBH/W,student,2026-06-08 19:35:37.425917
109,François,Dos Santos,luctorres@example.com,+33 (0)3 76 64 28 86,$2b$12$mQ6apj9GU3G9UffHxkS/puCraoRkswp1UzVn3Sxg9/cvugxxDBH/W,student,2026-06-08 19:35:37.425940
110,Christiane,Dupuis,maryse13@example.org,07 84 39 17 77,$2b$12$mQ6apj9GU3G9UffHxkS/puCraoRkswp1UzVn3Sxg9/cvugxxDBH/W,student,2026-06-08 19:35:37.425964
111,Guillaume,Mathieu,anaistoussaint@example.net,0169337996,$2b$12$mQ6apj9GU3G9UffHxkS/puCraoRkswp1UzVn3Sxg9/cvugxxDBH/W,student,2026-06-08 19:35:37.425987
112,Patrick,Le Gall,arthur10@example.net,+33 3 39 73 58 16,$2b$12$mQ6apj9GU3G9UffHxkS/puCraoRkswp1UzVn3Sxg9/cvugxxDBH/W,student,2026-06-08 19:35:37.426010
113,Marie,Rey,plemonnier@example.com,0590119755,$2b$12$mQ6apj9GU3G9UffHxkS/puCraoRkswp1UzVn3Sxg9/cvugxxDBH/W,student,2026-06-08 19:35:37.426033
114,Françoise,Colas,baillyclaire@example.net,0230681545,$2b$12$mQ6apj9GU3G9UffHxkS/puCraoRkswp1UzVn3Sxg9/cvugxxDBH/W,student,2026-06-08 19:35:37.426056
115,Matthieu,Hardy,lucebesnard@example.com,0437672301,$2b$12$mQ6apj9GU3G9UffHxkS/puCraoRkswp1UzVn3Sxg9/cvugxxDBH/W,student,2026-06-08 19:35:37.426079
116,Jean,Rocher,dominique95@example.com,+33 1 75 74 46 89,$2b$12$mQ6apj9GU3G9UffHxkS/puCraoRkswp1UzVn3Sxg9/cvugxxDBH/W,student,2026-06-08 19:35:37.426102
117,Sophie,Germain,augustinrichard@example.net,03 52 37 66 80,$2b$12$mQ6apj9GU3G9UffHxkS/puCraoRkswp1UzVn3Sxg9/cvugxxDBH/W,student,2026-06-08 19:35:37.426126
118,Camille,Albert,duboisdorothee@example.com,0325607323,$2b$12$mQ6apj9GU3G9UffHxkS/puCraoRkswp1UzVn3Sxg9/cvugxxDBH/W,student,2026-06-08 19:35:37.426150
119,Édouard,Bailly,poulainzoe@example.net,+33 5 54 61 36 95,$2b$12$mQ6apj9GU3G9UffHxkS/puCraoRkswp1UzVn3Sxg9/cvugxxDBH/W,student,2026-06-08 19:35:37.426174
120,Isabelle,Gosselin,guichardmichele@example.com,07 50 83 88 90,$2b$12$mQ6apj9GU3G9UffHxkS/puCraoRkswp1UzVn3Sxg9/cvugxxDBH/W,student,2026-06-08 19:35:37.426198
121,Josette,Le Gall,audrey73@example.org,0516745136,$2b$12$mQ6apj9GU3G9UffHxkS/puCraoRkswp1UzVn3Sxg9/cvugxxDBH/W,student,2026-06-08 19:35:37.426221
122,Odette,Dijoux,peronsusanne@example.org,+33 1 39 29 99 88,$2b$12$mQ6apj9GU3G9UffHxkS/puCraoRkswp1UzVn3Sxg9/cvugxxDBH/W,student,2026-06-08 19:35:37.426244
123,Luce,Germain,nferreira@example.com,+33 (0)6 77 86 08 58,$2b$12$mQ6apj9GU3G9UffHxkS/puCraoRkswp1UzVn3Sxg9/cvugxxDBH/W,student,2026-06-08 19:35:37.426268
124,Chantal,Descamps,josette84@example.net,0256316363,$2b$12$mQ6apj9GU3G9UffHxkS/puCraoRkswp1UzVn3Sxg9/cvugxxDBH/W,student,2026-06-08 19:35:37.426290
125,Margot,Maréchal,blaporte@example.org,+33 (0)6 38 37 84 96,$2b$12$mQ6apj9GU3G9UffHxkS/puCraoRkswp1UzVn3Sxg9/cvugxxDBH/W,student,2026-06-08 19:35:37.426313
126,Clémence,Dijoux,victor28@example.org,01 64 46 40 26,$2b$12$mQ6apj9GU3G9UffHxkS/puCraoRkswp1UzVn3Sxg9/cvugxxDBH/W,student,2026-06-08 19:35:37.426336
127,Sébastien,Pires,diane24@example.net,04 80 54 27 57,$2b$12$mQ6apj9GU3G9UffHxkS/puCraoRkswp1UzVn3Sxg9/cvugxxDBH/W,student,2026-06-08 19:35:37.426358
128,Nathalie,Peron,emmanuelle02@example.org,+33 3 55 40 37 45,$2b$12$mQ6apj9GU3G9UffHxkS/puCraoRkswp1UzVn3Sxg9/cvugxxDBH/W,student,2026-06-08 19:35:37.426381
129,Joséphine,Germain,stephane98@example.org,0344578525,$2b$12$mQ6apj9GU3G9UffHxkS/puCraoRkswp1UzVn3Sxg9/cvugxxDBH/W,student,2026-06-08 19:35:37.426403
130,Arthur,Blondel,lebretonzoe@example.net,0371177068,$2b$12$mQ6apj9GU3G9UffHxkS/puCraoRkswp1UzVn3Sxg9/cvugxxDBH/W,student,2026-06-08 19:35:37.426428
131,Andrée,Humbert,vincentdos-santos@example.net,01 45 76 60 38,$2b$12$mQ6apj9GU3G9UffHxkS/puCraoRkswp1UzVn3Sxg9/cvugxxDBH/W,student,2026-06-08 19:35:37.426455
132,Clémence,Jourdan,denise57@example.com,+33 (0)6 95 87 15 04,$2b$12$mQ6apj9GU3G9UffHxkS/puCraoRkswp1UzVn3Sxg9/cvugxxDBH/W,student,2026-06-08 19:35:37.426478
133,Amélie,Brun,jolyaurore@example.org,01 83 38 34 57,$2b$12$mQ6apj9GU3G9UffHxkS/puCraoRkswp1UzVn3Sxg9/cvugxxDBH/W,student,2026-06-08 19:35:37.426501
134,Benjamin,Berthelot,bcolas@example.org,+33 (0)2 36 93 80 63,$2b$12$mQ6apj9GU3G9UffHxkS/puCraoRkswp1UzVn3Sxg9/cvugxxDBH/W,student,2026-06-08 19:35:37.426524
135,Augustin,Ramos,philipperoger@example.com,06 37 94 63 85,$2b$12$mQ6apj9GU3G9UffHxkS/puCraoRkswp1UzVn3Sxg9/cvugxxDBH/W,student,2026-06-08 19:35:37.426548
136,Jacques,Lecoq,roland38@example.net,+33 (0)2 19 76 85 35,$2b$12$mQ6apj9GU3G9UffHxkS/puCraoRkswp1UzVn3Sxg9/cvugxxDBH/W,student,2026-06-08 19:35:37.426570
137,Joséphine,Dubois,lauremartineau@example.org,0372283450,$2b$12$mQ6apj9GU3G9UffHxkS/puCraoRkswp1UzVn3Sxg9/cvugxxDBH/W,student,2026-06-08 19:35:37.426594
138,Élodie,Lenoir,bousquetelisabeth@example.net,+33 (0)3 83 62 19 20,$2b$12$mQ6apj9GU3G9UffHxkS/puCraoRkswp1UzVn3Sxg9/cvugxxDBH/W,student,2026-06-08 19:35:37.426618
139,Adrien,Moulin,thibault06@example.net,+33 (0)5 62 21 81 19,$2b$12$mQ6apj9GU3G9UffHxkS/puCraoRkswp1UzVn3Sxg9/cvugxxDBH/W,student,2026-06-08 19:35:37.426641
140,Lorraine,Meunier,suzannelaine@example.org,0179502244,$2b$12$mQ6apj9GU3G9UffHxkS/puCraoRkswp1UzVn3Sxg9/cvugxxDBH/W,student,2026-06-08 19:35:37.426664
141,Claudine,Bouvet,heleneroyer@example.net,0371280436,$2b$12$mQ6apj9GU3G9UffHxkS/puCraoRkswp1UzVn3Sxg9/cvugxxDBH/W,student,2026-06-08 19:35:37.426687
142,Marcelle,Mallet,faivrearthur@example.org,03 63 26 29 13,$2b$12$mQ6apj9GU3G9UffHxkS/puCraoRkswp1UzVn3Sxg9/cvugxxDBH/W,student,2026-06-08 19:35:37.426711
143,Claudine,Blondel,lucedubois@example.net,+33 4 58 59 76 64,$2b$12$mQ6apj9GU3G9UffHxkS/puCraoRkswp1UzVn3Sxg9/cvugxxDBH/W,student,2026-06-08 19:35:37.426734
144,William,Chrétien,benjaminpires@example.net,06 34 16 87 90,$2b$12$mQ6apj9GU3G9UffHxkS/puCraoRkswp1UzVn3Sxg9/cvugxxDBH/W,student,2026-06-08 19:35:37.426759
145,Pierre,Berger,jules97@example.com,+33 (0)6 99 23 67 48,$2b$12$mQ6apj9GU3G9UffHxkS/puCraoRkswp1UzVn3Sxg9/cvugxxDBH/W,student,2026-06-08 19:35:37.426782
146,Augustin,Arnaud,perrottherese@example.net,+33 (0)6 53 07 42 34,$2b$12$mQ6apj9GU3G9UffHxkS/puCraoRkswp1UzVn3Sxg9/cvugxxDBH/W,student,2026-06-08 19:35:37.426806
147,Josette,Launay,augustelagarde@example.net,0143393027,$2b$12$mQ6apj9GU3G9UffHxkS/puCraoRkswp1UzVn3Sxg9/cvugxxDBH/W,student,2026-06-08 19:35:37.426830
148,Corinne,Robin,cordieranne@example.org,+33 2 50 75 70 22,$2b$12$mQ6apj9GU3G9UffHxkS/puCraoRkswp1UzVn3Sxg9/cvugxxDBH/W,student,2026-06-08 19:35:37.426853
149,Lorraine,Laroche,laurence89@example.net,0556112484,$2b$12$mQ6apj9GU3G9UffHxkS/puCraoRkswp1UzVn3Sxg9/cvugxxDBH/W,student,2026-06-08 19:35:37.426875
150,Marcelle,Pages,honore22@example.com,+33 4 85 54 30 51,$2b$12$mQ6apj9GU3G9UffHxkS/puCraoRkswp1UzVn3Sxg9/cvugxxDBH/W,student,2026-06-08 19:35:37.426898
151,Claudine,Cousin,alix45@example.com,0559239899,$2b$12$mQ6apj9GU3G9UffHxkS/puCraoRkswp1UzVn3Sxg9/cvugxxDBH/W,student,2026-06-08 19:35:37.426922
152,Noémi,Boulanger,lucy60@example.org,02 99 87 38 87,$2b$12$mQ6apj9GU3G9UffHxkS/puCraoRkswp1UzVn3Sxg9/cvugxxDBH/W,student,2026-06-08 19:35:37.426945
153,Julie,Dijoux,sophiede-sousa@example.org,0564928528,$2b$12$mQ6apj9GU3G9UffHxkS/puCraoRkswp1UzVn3Sxg9/cvugxxDBH/W,student,2026-06-08 19:35:37.426968
154,Sabine,Guyon,colettelebon@example.org,+33 (0)5 46 34 22 09,$2b$12$mQ6apj9GU3G9UffHxkS/puCraoRkswp1UzVn3Sxg9/cvugxxDBH/W,student,2026-06-08 19:35:37.426992
155,Margot,Colas,benardjulie@example.com,0240756090,$2b$12$mQ6apj9GU3G9UffHxkS/puCraoRkswp1UzVn3Sxg9/cvugxxDBH/W,student,2026-06-08 19:35:37.427016
156,Françoise,Ferreira,reyvalentine@example.net,+33 (0)2 72 94 32 35,$2b$12$mQ6apj9GU3G9UffHxkS/puCraoRkswp1UzVn3Sxg9/cvugxxDBH/W,student,2026-06-08 19:35:37.427039
157,Gilles,Lebon,jacquesschmitt@example.org,+33 (0)2 28 05 79 91,$2b$12$mQ6apj9GU3G9UffHxkS/puCraoRkswp1UzVn3Sxg9/cvugxxDBH/W,student,2026-06-08 19:35:37.427063
158,Julie,Da Silva,stephaniemaillard@example.com,+33 5 18 87 14 55,$2b$12$mQ6apj9GU3G9UffHxkS/puCraoRkswp1UzVn3Sxg9/cvugxxDBH/W,student,2026-06-08 19:35:37.427088
159,Diane,Vallée,daniel85@example.com,01 53 89 62 26,$2b$12$mQ6apj9GU3G9UffHxkS/puCraoRkswp1UzVn3Sxg9/cvugxxDBH/W,student,2026-06-08 19:35:37.427110
160,Édouard,Pineau,le-gallmaryse@example.org,+33 1 76 69 60 82,$2b$12$mQ6apj9GU3G9UffHxkS/puCraoRkswp1UzVn3Sxg9/cvugxxDBH/W,student,2026-06-08 19:35:37.427134
161,Thierry,François,gabrieladam@example.org,03 81 99 15 25,$2b$12$mQ6apj9GU3G9UffHxkS/puCraoRkswp1UzVn3Sxg9/cvugxxDBH/W,student,2026-06-08 19:35:37.427159
162,Inès,Girard,albertgerard@example.com,0469696881,$2b$12$mQ6apj9GU3G9UffHxkS/puCraoRkswp1UzVn3Sxg9/cvugxxDBH/W,student,2026-06-08 19:35:37.427183
163,Michelle,Julien,maryse73@example.net,+33 (0)2 96 81 81 95,$2b$12$mQ6apj9GU3G9UffHxkS/puCraoRkswp1UzVn3Sxg9/cvugxxDBH/W,student,2026-06-08 19:35:37.427206
164,Étienne,Maurice,raynaudsimone@example.org,0432219016,$2b$12$mQ6apj9GU3G9UffHxkS/puCraoRkswp1UzVn3Sxg9/cvugxxDBH/W,student,2026-06-08 19:35:37.427230
165,Guillaume,Mace,benardveronique@example.org,+33 (0)4 78 85 66 34,$2b$12$mQ6apj9GU3G9UffHxkS/puCraoRkswp1UzVn3Sxg9/cvugxxDBH/W,student,2026-06-08 19:35:37.427254
166,Lucy,Noël,bdufour@example.org,0262714690,$2b$12$mQ6apj9GU3G9UffHxkS/puCraoRkswp1UzVn3Sxg9/cvugxxDBH/W,student,2026-06-08 19:35:37.427278
167,Emmanuel,Dubois,aimeeramos@example.com,0470636726,$2b$12$mQ6apj9GU3G9UffHxkS/puCraoRkswp1UzVn3Sxg9/cvugxxDBH/W,student,2026-06-08 19:35:37.427302
168,Claudine,Guibert,odette29@example.org,01 74 62 62 12,$2b$12$mQ6apj9GU3G9UffHxkS/puCraoRkswp1UzVn3Sxg9/cvugxxDBH/W,student,2026-06-08 19:35:37.427324
169,Jeannine,Aubry,fpasquier@example.org,+33 (0)5 53 27 49 67,$2b$12$mQ6apj9GU3G9UffHxkS/puCraoRkswp1UzVn3Sxg9/cvugxxDBH/W,student,2026-06-08 19:35:37.427347
170,Denis,Lévy,marie41@example.net,02 19 44 61 22,$2b$12$mQ6apj9GU3G9UffHxkS/puCraoRkswp1UzVn3Sxg9/cvugxxDBH/W,student,2026-06-08 19:35:37.427369
171,Valentine,Renault,kleveque@example.org,03 23 19 10 55,$2b$12$mQ6apj9GU3G9UffHxkS/puCraoRkswp1UzVn3Sxg9/cvugxxDBH/W,student,2026-06-08 19:35:37.427392
172,Odette,Neveu,kjacquet@example.net,+33 3 55 36 38 67,$2b$12$mQ6apj9GU3G9UffHxkS/puCraoRkswp1UzVn3Sxg9/cvugxxDBH/W,student,2026-06-08 19:35:37.427414
173,Lucas,Hamel,leon74@example.org,01 40 52 88 89,$2b$12$mQ6apj9GU3G9UffHxkS/puCraoRkswp1UzVn3Sxg9/cvugxxDBH/W,student,2026-06-08 19:35:37.427437
174,Diane,Lacombe,techerfrancoise@example.org,+33 7 49 92 95 21,$2b$12$mQ6apj9GU3G9UffHxkS/puCraoRkswp1UzVn3Sxg9/cvugxxDBH/W,student,2026-06-08 19:35:37.427462
175,Paul,Guilbert,gauger@example.org,+33 5 90 58 74 86,$2b$12$mQ6apj9GU3G9UffHxkS/puCraoRkswp1UzVn3Sxg9/cvugxxDBH/W,student,2026-06-08 19:35:37.427484
176,Agathe,Dupuis,zthierry@example.net,0257997547,$2b$12$mQ6apj9GU3G9UffHxkS/puCraoRkswp1UzVn3Sxg9/cvugxxDBH/W,student,2026-06-08 19:35:37.427506
177,Véronique,Dufour,adrienvallee@example.net,+33 (0)4 42 31 26 04,$2b$12$mQ6apj9GU3G9UffHxkS/puCraoRkswp1UzVn3Sxg9/cvugxxDBH/W,student,2026-06-08 19:35:37.427530
178,Danielle,Gomes,nicole28@example.org,03 24 47 39 24,$2b$12$mQ6apj9GU3G9UffHxkS/puCraoRkswp1UzVn3Sxg9/cvugxxDBH/W,student,2026-06-08 19:35:37.427552
179,Adèle,Hamel,antoinette69@example.com,+33 (0)2 34 98 22 33,$2b$12$mQ6apj9GU3G9UffHxkS/puCraoRkswp1UzVn3Sxg9/cvugxxDBH/W,student,2026-06-08 19:35:37.427575
180,Lucie,Normand,luciemonnier@example.org,+33 (0)4 76 77 63 95,$2b$12$mQ6apj9GU3G9UffHxkS/puCraoRkswp1UzVn3Sxg9/cvugxxDBH/W,student,2026-06-08 19:35:37.427598
181,Sylvie,Chrétien,rogerchartier@example.com,0299059616,$2b$12$mQ6apj9GU3G9UffHxkS/puCraoRkswp1UzVn3Sxg9/cvugxxDBH/W,student,2026-06-08 19:35:37.427621
182,Victoire,Gros,julielamy@example.net,0536541812,$2b$12$mQ6apj9GU3G9UffHxkS/puCraoRkswp1UzVn3Sxg9/cvugxxDBH/W,student,2026-06-08 19:35:37.427644
183,Valentine,Leconte,lucybriand@example.net,0176312788,$2b$12$mQ6apj9GU3G9UffHxkS/puCraoRkswp1UzVn3Sxg9/cvugxxDBH/W,student,2026-06-08 19:35:37.427667
184,Océane,Baron,augustinblin@example.net,0426242569,$2b$12$mQ6apj9GU3G9UffHxkS/puCraoRkswp1UzVn3Sxg9/cvugxxDBH/W,student,2026-06-08 19:35:37.427690
185,Bernard,Leblanc,penelope01@example.org,03 24 51 14 24,$2b$12$mQ6apj9GU3G9UffHxkS/puCraoRkswp1UzVn3Sxg9/cvugxxDBH/W,student,2026-06-08 19:35:37.427713
186,Monique,Adam,claudelouis@example.com,+33 (0)8 03 97 06 63,$2b$12$mQ6apj9GU3G9UffHxkS/puCraoRkswp1UzVn3Sxg9/cvugxxDBH/W,student,2026-06-08 19:35:37.427736
187,Maurice,Ramos,duvalgregoire@example.org,+33 3 84 76 76 69,$2b$12$mQ6apj9GU3G9UffHxkS/puCraoRkswp1UzVn3Sxg9/cvugxxDBH/W,student,2026-06-08 19:35:37.427759
188,Alexandrie,Normand,dle-roux@example.com,0607301399,$2b$12$mQ6apj9GU3G9UffHxkS/puCraoRkswp1UzVn3Sxg9/cvugxxDBH/W,student,2026-06-08 19:35:37.427783
189,Bernard,Moreau,virginiedubois@example.com,+33 (0)5 67 26 21 12,$2b$12$mQ6apj9GU3G9UffHxkS/puCraoRkswp1UzVn3Sxg9/cvugxxDBH/W,student,2026-06-08 19:35:37.427806
190,Renée,Bouvier,allainaime@example.org,+33 (0)2 52 70 12 25,$2b$12$mQ6apj9GU3G9UffHxkS/puCraoRkswp1UzVn3Sxg9/cvugxxDBH/W,student,2026-06-08 19:35:37.427829
191,Denise,Petit,annemenard@example.net,+33 (0)1 80 61 11 51,$2b$12$mQ6apj9GU3G9UffHxkS/puCraoRkswp1UzVn3Sxg9/cvugxxDBH/W,student,2026-06-08 19:35:37.427852
192,Anaïs,Hardy,jacquotmargot@example.com,0626617301,$2b$12$mQ6apj9GU3G9UffHxkS/puCraoRkswp1UzVn3Sxg9/cvugxxDBH/W,student,2026-06-08 19:35:37.427877
193,Michel,Leroux,marguerite28@example.com,0257117545,$2b$12$mQ6apj9GU3G9UffHxkS/puCraoRkswp1UzVn3Sxg9/cvugxxDBH/W,student,2026-06-08 19:35:37.427971
194,Augustin,Germain,lamylucy@example.org,+33 1 60 02 83 05,$2b$12$mQ6apj9GU3G9UffHxkS/puCraoRkswp1UzVn3Sxg9/cvugxxDBH/W,student,2026-06-08 19:35:37.428020
195,Danielle,Blin,qmaurice@example.net,05 35 56 25 61,$2b$12$mQ6apj9GU3G9UffHxkS/puCraoRkswp1UzVn3Sxg9/cvugxxDBH/W,student,2026-06-08 19:35:37.428057
196,Marthe,Charpentier,guillouadrienne@example.org,03 86 28 78 98,$2b$12$mQ6apj9GU3G9UffHxkS/puCraoRkswp1UzVn3Sxg9/cvugxxDBH/W,student,2026-06-08 19:35:37.428088
197,Monique,Pascal,nguyenvalentine@example.com,0149700993,$2b$12$mQ6apj9GU3G9UffHxkS/puCraoRkswp1UzVn3Sxg9/cvugxxDBH/W,student,2026-06-08 19:35:37.428114
198,Michèle,Martinez,tneveu@example.org,06 06 02 79 45,$2b$12$mQ6apj9GU3G9UffHxkS/puCraoRkswp1UzVn3Sxg9/cvugxxDBH/W,student,2026-06-08 19:35:37.428140
199,Auguste,Cohen,pierre01@example.net,03 58 71 53 78,$2b$12$mQ6apj9GU3G9UffHxkS/puCraoRkswp1UzVn3Sxg9/cvugxxDBH/W,student,2026-06-08 19:35:37.428164
200,Dominique,Boulanger,htorres@example.com,+33 (0)3 27 59 13 18,$2b$12$mQ6apj9GU3G9UffHxkS/puCraoRkswp1UzVn3Sxg9/cvugxxDBH/W,student,2026-06-08 19:35:37.428191
201,Marine,Gérard,danielleparis@example.com,0296351684,$2b$12$mQ6apj9GU3G9UffHxkS/puCraoRkswp1UzVn3Sxg9/cvugxxDBH/W,student,2026-06-08 19:35:37.428252
202,Benjamin,Dumas,wleroux@example.org,+33 2 49 12 92 08,$2b$12$mQ6apj9GU3G9UffHxkS/puCraoRkswp1UzVn3Sxg9/cvugxxDBH/W,student,2026-06-08 19:35:37.428278
203,Franck,Laine,mgillet@example.com,05 81 03 18 71,$2b$12$mQ6apj9GU3G9UffHxkS/puCraoRkswp1UzVn3Sxg9/cvugxxDBH/W,student,2026-06-08 19:35:37.428301
204,Gabriel,Nicolas,camillehenry@example.net,+33 1 47 05 36 51,$2b$12$mQ6apj9GU3G9UffHxkS/puCraoRkswp1UzVn3Sxg9/cvugxxDBH/W,student,2026-06-08 19:35:37.428325
205,Noémi,Henry,xavierbesson@example.net,+33 (0)3 10 32 00 22,$2b$12$mQ6apj9GU3G9UffHxkS/puCraoRkswp1UzVn3Sxg9/cvugxxDBH/W,student,2026-06-08 19:35:37.428348
206,Marthe,Launay,ialexandre@example.net,+33 4 69 95 59 91,$2b$12$mQ6apj9GU3G9UffHxkS/puCraoRkswp1UzVn3Sxg9/cvugxxDBH/W,student,2026-06-08 19:35:37.428372
207,Patrick,Lévy,perretbrigitte@example.com,+33 (0)3 80 97 33 07,$2b$12$mQ6apj9GU3G9UffHxkS/puCraoRkswp1UzVn3Sxg9/cvugxxDBH/W,student,2026-06-08 19:35:37.428430
208,Pauline,Girard,sylviele-gall@example.net,0594738074,$2b$12$mQ6apj9GU3G9UffHxkS/puCraoRkswp1UzVn3Sxg9/cvugxxDBH/W,student,2026-06-08 19:35:37.428513
209,Juliette,De Oliveira,luce84@example.org,+33 3 52 13 25 04,$2b$12$mQ6apj9GU3G9UffHxkS/puCraoRkswp1UzVn3Sxg9/cvugxxDBH/W,student,2026-06-08 19:35:37.428541
210,Martine,Delmas,yves53@example.org,+33 1 55 61 83 93,$2b$12$mQ6apj9GU3G9UffHxkS/puCraoRkswp1UzVn3Sxg9/cvugxxDBH/W,student,2026-06-08 19:35:37.428565
211,Arnaude,Lacroix,paulette19@example.com,+33 3 84 14 92 61,$2b$12$mQ6apj9GU3G9UffHxkS/puCraoRkswp1UzVn3Sxg9/cvugxxDBH/W,student,2026-06-08 19:35:37.428588
212,Denis,Lebon,aurorebonneau@example.net,+33 (0)6 35 26 58 01,$2b$12$mQ6apj9GU3G9UffHxkS/puCraoRkswp1UzVn3Sxg9/cvugxxDBH/W,student,2026-06-08 19:35:37.428613
213,Hugues,Chevalier,cleclerc@example.net,04 27 39 89 01,$2b$12$mQ6apj9GU3G9UffHxkS/puCraoRkswp1UzVn3Sxg9/cvugxxDBH/W,student,2026-06-08 19:35:37.428646
214,Valentine,Maillet,davidbaudry@example.com,0426628445,$2b$12$mQ6apj9GU3G9UffHxkS/puCraoRkswp1UzVn3Sxg9/cvugxxDBH/W,student,2026-06-08 19:35:37.428671
215,Louise,Auger,bleroux@example.com,+33 (0)4 49 01 85 68,$2b$12$mQ6apj9GU3G9UffHxkS/puCraoRkswp1UzVn3Sxg9/cvugxxDBH/W,student,2026-06-08 19:35:37.428694
216,Suzanne,Joseph,adele02@example.net,02 44 55 57 87,$2b$12$mQ6apj9GU3G9UffHxkS/puCraoRkswp1UzVn3Sxg9/cvugxxDBH/W,student,2026-06-08 19:35:37.428719
217,Laurence,Baron,thibault52@example.com,0413667749,$2b$12$mQ6apj9GU3G9UffHxkS/puCraoRkswp1UzVn3Sxg9/cvugxxDBH/W,student,2026-06-08 19:35:37.428743
218,Maggie,Rivière,juliette88@example.org,0327654200,$2b$12$mQ6apj9GU3G9UffHxkS/puCraoRkswp1UzVn3Sxg9/cvugxxDBH/W,student,2026-06-08 19:35:37.428766
219,Xavier,Rousset,xjoubert@example.com,06 32 82 94 26,$2b$12$mQ6apj9GU3G9UffHxkS/puCraoRkswp1UzVn3Sxg9/cvugxxDBH/W,student,2026-06-08 19:35:37.428789
220,Martin,Perrin,wchretien@example.com,04 26 02 68 80,$2b$12$mQ6apj9GU3G9UffHxkS/puCraoRkswp1UzVn3Sxg9/cvugxxDBH/W,student,2026-06-08 19:35:37.428813
221,Christine,Meunier,godardcelina@example.com,+33 (0)3 53 48 84 63,$2b$12$mQ6apj9GU3G9UffHxkS/puCraoRkswp1UzVn3Sxg9/cvugxxDBH/W,student,2026-06-08 19:35:37.428838
222,Hugues,Bruneau,valentinjuliette@example.net,0490731147,$2b$12$mQ6apj9GU3G9UffHxkS/puCraoRkswp1UzVn3Sxg9/cvugxxDBH/W,student,2026-06-08 19:35:37.428862
223,Frédéric,Payet,danielgosselin@example.org,+33 5 56 87 23 09,$2b$12$mQ6apj9GU3G9UffHxkS/puCraoRkswp1UzVn3Sxg9/cvugxxDBH/W,student,2026-06-08 19:35:37.428886
224,Gérard,Renaud,bernadettefischer@example.net,0177620592,$2b$12$mQ6apj9GU3G9UffHxkS/puCraoRkswp1UzVn3Sxg9/cvugxxDBH/W,student,2026-06-08 19:35:37.428911
225,Auguste,Delahaye,slaine@example.com,+33 (0)1 81 91 15 10,$2b$12$mQ6apj9GU3G9UffHxkS/puCraoRkswp1UzVn3Sxg9/cvugxxDBH/W,student,2026-06-08 19:35:37.428934
226,Zoé,Ledoux,zaubry@example.org,+33 (0)1 48 78 72 31,$2b$12$mQ6apj9GU3G9UffHxkS/puCraoRkswp1UzVn3Sxg9/cvugxxDBH/W,student,2026-06-08 19:35:37.428956
227,Dominique,Fischer,philippe47@example.net,+33 1 72 44 82 44,$2b$12$mQ6apj9GU3G9UffHxkS/puCraoRkswp1UzVn3Sxg9/cvugxxDBH/W,student,2026-06-08 19:35:37.428980
228,Pierre,Barbe,dmorin@example.net,02 49 82 85 48,$2b$12$mQ6apj9GU3G9UffHxkS/puCraoRkswp1UzVn3Sxg9/cvugxxDBH/W,student,2026-06-08 19:35:37.429003
229,Marcelle,Fabre,laurencealves@example.net,05 08 07 03 56,$2b$12$mQ6apj9GU3G9UffHxkS/puCraoRkswp1UzVn3Sxg9/cvugxxDBH/W,student,2026-06-08 19:35:37.429030
230,Françoise,Dupuis,jleconte@example.net,07 87 90 32 14,$2b$12$mQ6apj9GU3G9UffHxkS/puCraoRkswp1UzVn3Sxg9/cvugxxDBH/W,student,2026-06-08 19:35:37.429053
231,Margot,Diallo,michelle78@example.com,+33 1 81 10 44 49,$2b$12$mQ6apj9GU3G9UffHxkS/puCraoRkswp1UzVn3Sxg9/cvugxxDBH/W,student,2026-06-08 19:35:37.429076
232,Adrienne,Dufour,adrienlacroix@example.com,+33 1 53 84 30 47,$2b$12$mQ6apj9GU3G9UffHxkS/puCraoRkswp1UzVn3Sxg9/cvugxxDBH/W,student,2026-06-08 19:35:37.429100
233,Sébastien,Lefèvre,dvasseur@example.com,+33 5 31 09 55 04,$2b$12$mQ6apj9GU3G9UffHxkS/puCraoRkswp1UzVn3Sxg9/cvugxxDBH/W,student,2026-06-08 19:35:37.429122
234,Hélène,Charrier,tmercier@example.com,0442993759,$2b$12$mQ6apj9GU3G9UffHxkS/puCraoRkswp1UzVn3Sxg9/cvugxxDBH/W,student,2026-06-08 19:35:37.429149
235,Joseph,Fontaine,ptraore@example.net,+33 (0)3 76 44 78 96,$2b$12$mQ6apj9GU3G9UffHxkS/puCraoRkswp1UzVn3Sxg9/cvugxxDBH/W,student,2026-06-08 19:35:37.429172
236,Marc,Techer,le-goffandree@example.com,0519435952,$2b$12$mQ6apj9GU3G9UffHxkS/puCraoRkswp1UzVn3Sxg9/cvugxxDBH/W,student,2026-06-08 19:35:37.429196
237,Françoise,Marchand,evrarddiane@example.net,+33 3 89 68 64 64,$2b$12$mQ6apj9GU3G9UffHxkS/puCraoRkswp1UzVn3Sxg9/cvugxxDBH/W,student,2026-06-08 19:35:37.429223
238,Diane,Roy,emilieguillet@example.org,+33 2 99 97 64 46,$2b$12$mQ6apj9GU3G9UffHxkS/puCraoRkswp1UzVn3Sxg9/cvugxxDBH/W,student,2026-06-08 19:35:37.429248
239,Auguste,Chartier,paulette45@example.org,+33 1 60 27 52 09,$2b$12$mQ6apj9GU3G9UffHxkS/puCraoRkswp1UzVn3Sxg9/cvugxxDBH/W,student,2026-06-08 19:35:37.429273
240,Mathilde,Muller,mailletchristophe@example.com,0637446399,$2b$12$mQ6apj9GU3G9UffHxkS/puCraoRkswp1UzVn3Sxg9/cvugxxDBH/W,student,2026-06-08 19:35:37.429299
241,Philippine,Guillet,qjoseph@example.net,+33 (0)4 20 35 73 58,$2b$12$mQ6apj9GU3G9UffHxkS/puCraoRkswp1UzVn3Sxg9/cvugxxDBH/W,student,2026-06-08 19:35:37.429321
242,Gilbert,Breton,kgoncalves@example.com,+33 3 20 92 23 83,$2b$12$mQ6apj9GU3G9UffHxkS/puCraoRkswp1UzVn3Sxg9/cvugxxDBH/W,student,2026-06-08 19:35:37.429345
243,Odette,Didier,rodriguesvirginie@example.net,+33 (0)2 28 87 58 82,$2b$12$mQ6apj9GU3G9UffHxkS/puCraoRkswp1UzVn3Sxg9/cvugxxDBH/W,student,2026-06-08 19:35:37.429370
244,Gilbert,Blanchet,chauvetlaurence@example.com,+33 (0)4 78 44 39 91,$2b$12$mQ6apj9GU3G9UffHxkS/puCraoRkswp1UzVn3Sxg9/cvugxxDBH/W,student,2026-06-08 19:35:37.429394
245,Valentine,Benoit,capucine79@example.net,02 30 17 22 74,$2b$12$mQ6apj9GU3G9UffHxkS/puCraoRkswp1UzVn3Sxg9/cvugxxDBH/W,student,2026-06-08 19:35:37.429420
246,Laurence,Gérard,glebreton@example.net,+33 (0)4 78 11 09 16,$2b$12$mQ6apj9GU3G9UffHxkS/puCraoRkswp1UzVn3Sxg9/cvugxxDBH/W,student,2026-06-08 19:35:37.429445
247,Nath,Regnier,ucolas@example.org,02 50 82 06 27,$2b$12$mQ6apj9GU3G9UffHxkS/puCraoRkswp1UzVn3Sxg9/cvugxxDBH/W,student,2026-06-08 19:35:37.429468
248,Laurent,Gonzalez,franckmasson@example.org,0809894706,$2b$12$mQ6apj9GU3G9UffHxkS/puCraoRkswp1UzVn3Sxg9/cvugxxDBH/W,student,2026-06-08 19:35:37.429495
249,Maryse,Maillard,gilbertgomes@example.com,+33 (0)3 62 39 72 32,$2b$12$mQ6apj9GU3G9UffHxkS/puCraoRkswp1UzVn3Sxg9/cvugxxDBH/W,student,2026-06-08 19:35:37.429522
250,Édouard,Pons,sophieleconte@example.net,+33 2 28 50 28 68,$2b$12$mQ6apj9GU3G9UffHxkS/puCraoRkswp1UzVn3Sxg9/cvugxxDBH/W,student,2026-06-08 19:35:37.429545
251,Élise,Mary,brunelcatherine@example.net,+33 (0)3 55 86 70 13,$2b$12$mQ6apj9GU3G9UffHxkS/puCraoRkswp1UzVn3Sxg9/cvugxxDBH/W,student,2026-06-08 19:35:37.429575
252,Suzanne,Martin,marthelelievre@example.net,+33 (0)2 97 36 68 78,$2b$12$mQ6apj9GU3G9UffHxkS/puCraoRkswp1UzVn3Sxg9/cvugxxDBH/W,student,2026-06-08 19:35:37.429603
253,Louis,Imbert,qweiss@example.com,+33 (0)4 97 83 97 33,$2b$12$mQ6apj9GU3G9UffHxkS/puCraoRkswp1UzVn3Sxg9/cvugxxDBH/W,student,2026-06-08 19:35:37.429628
254,Henriette,Vaillant,nfoucher@example.org,0358377373,$2b$12$mQ6apj9GU3G9UffHxkS/puCraoRkswp1UzVn3Sxg9/cvugxxDBH/W,student,2026-06-08 19:35:37.429654
255,Marguerite,Michel,rpottier@example.net,+33 2 57 46 33 42,$2b$12$mQ6apj9GU3G9UffHxkS/puCraoRkswp1UzVn3Sxg9/cvugxxDBH/W,student,2026-06-08 19:35:37.429676
256,Claire,Bouvet,aubertlorraine@example.com,+33 (0)3 45 27 93 61,$2b$12$mQ6apj9GU3G9UffHxkS/puCraoRkswp1UzVn3Sxg9/cvugxxDBH/W,student,2026-06-08 19:35:37.429701
257,Margot,Marchal,nicolasfischer@example.org,0345730638,$2b$12$mQ6apj9GU3G9UffHxkS/puCraoRkswp1UzVn3Sxg9/cvugxxDBH/W,student,2026-06-08 19:35:37.429725
258,Gérard,Legros,sguillet@example.org,03 70 21 72 88,$2b$12$mQ6apj9GU3G9UffHxkS/puCraoRkswp1UzVn3Sxg9/cvugxxDBH/W,student,2026-06-08 19:35:37.429748
259,Zacharie,Cousin,remyrenault@example.org,0488491607,$2b$12$mQ6apj9GU3G9UffHxkS/puCraoRkswp1UzVn3Sxg9/cvugxxDBH/W,student,2026-06-08 19:35:37.429776
260,Nicole,Poirier,ines21@example.net,+33 4 89 05 83 56,$2b$12$mQ6apj9GU3G9UffHxkS/puCraoRkswp1UzVn3Sxg9/cvugxxDBH/W,student,2026-06-08 19:35:37.429801
261,Richard,Menard,jerome97@example.net,02 45 40 61 07,$2b$12$mQ6apj9GU3G9UffHxkS/puCraoRkswp1UzVn3Sxg9/cvugxxDBH/W,student,2026-06-08 19:35:37.429833
262,Honoré,Fontaine,zacharie63@example.com,0381213792,$2b$12$mQ6apj9GU3G9UffHxkS/puCraoRkswp1UzVn3Sxg9/cvugxxDBH/W,student,2026-06-08 19:35:37.429856
263,Anne,Letellier,xaviermonnier@example.org,+33 8 07 14 17 60,$2b$12$mQ6apj9GU3G9UffHxkS/puCraoRkswp1UzVn3Sxg9/cvugxxDBH/W,student,2026-06-08 19:35:37.429882
264,Mathilde,Berger,frederique99@example.com,0237479692,$2b$12$mQ6apj9GU3G9UffHxkS/puCraoRkswp1UzVn3Sxg9/cvugxxDBH/W,student,2026-06-08 19:35:37.429909
265,Gérard,Hoareau,manonfouquet@example.org,05 46 51 97 81,$2b$12$mQ6apj9GU3G9UffHxkS/puCraoRkswp1UzVn3Sxg9/cvugxxDBH/W,student,2026-06-08 19:35:37.429936
266,Étienne,Roux,louismartinez@example.com,05 17 17 01 69,$2b$12$mQ6apj9GU3G9UffHxkS/puCraoRkswp1UzVn3Sxg9/cvugxxDBH/W,student,2026-06-08 19:35:37.429961
267,Suzanne,Maury,stephanie40@example.org,+33 5 94 30 72 25,$2b$12$mQ6apj9GU3G9UffHxkS/puCraoRkswp1UzVn3Sxg9/cvugxxDBH/W,student,2026-06-08 19:35:37.429987
268,Antoinette,Martin,torresyves@example.com,+33 2 33 75 69 30,$2b$12$mQ6apj9GU3G9UffHxkS/puCraoRkswp1UzVn3Sxg9/cvugxxDBH/W,student,2026-06-08 19:35:37.430011
269,Julie,Briand,noemi61@example.net,01 70 30 39 12,$2b$12$mQ6apj9GU3G9UffHxkS/puCraoRkswp1UzVn3Sxg9/cvugxxDBH/W,student,2026-06-08 19:35:37.430036
270,Margaret,Hernandez,elisabethmerle@example.net,04 92 96 61 09,$2b$12$mQ6apj9GU3G9UffHxkS/puCraoRkswp1UzVn3Sxg9/cvugxxDBH/W,student,2026-06-08 19:35:37.430061
271,Monique,Berger,xweber@example.net,+33 1 72 93 54 55,$2b$12$mQ6apj9GU3G9UffHxkS/puCraoRkswp1UzVn3Sxg9/cvugxxDBH/W,student,2026-06-08 19:35:37.430084
272,Adrien,Pires,celinapages@example.com,+33 (0)1 83 25 81 36,$2b$12$mQ6apj9GU3G9UffHxkS/puCraoRkswp1UzVn3Sxg9/cvugxxDBH/W,student,2026-06-08 19:35:37.430108
273,Hugues,Lacombe,weissdorothee@example.org,0237857552,$2b$12$mQ6apj9GU3G9UffHxkS/puCraoRkswp1UzVn3Sxg9/cvugxxDBH/W,student,2026-06-08 19:35:37.430135
274,Benjamin,Fernandes,mmaillard@example.org,0254021837,$2b$12$mQ6apj9GU3G9UffHxkS/puCraoRkswp1UzVn3Sxg9/cvugxxDBH/W,student,2026-06-08 19:35:37.430161
275,Tristan,Bonnet,pcordier@example.com,+33 (0)1 55 00 82 78,$2b$12$mQ6apj9GU3G9UffHxkS/puCraoRkswp1UzVn3Sxg9/cvugxxDBH/W,student,2026-06-08 19:35:37.430192
276,Maryse,Barbe,jeanmadeleine@example.net,+33 4 20 36 92 14,$2b$12$mQ6apj9GU3G9UffHxkS/puCraoRkswp1UzVn3Sxg9/cvugxxDBH/W,student,2026-06-08 19:35:37.430220
277,Claire,De Oliveira,hjean@example.org,0516431647,$2b$12$mQ6apj9GU3G9UffHxkS/puCraoRkswp1UzVn3Sxg9/cvugxxDBH/W,student,2026-06-08 19:35:37.430245
278,Xavier,Paris,nathalie11@example.org,01 47 73 86 53,$2b$12$mQ6apj9GU3G9UffHxkS/puCraoRkswp1UzVn3Sxg9/cvugxxDBH/W,student,2026-06-08 19:35:37.430269
279,Josette,Coulon,camillewagner@example.net,05 24 28 26 84,$2b$12$mQ6apj9GU3G9UffHxkS/puCraoRkswp1UzVn3Sxg9/cvugxxDBH/W,student,2026-06-08 19:35:37.430296
280,Alphonse,Goncalves,aime84@example.net,04 32 83 50 92,$2b$12$mQ6apj9GU3G9UffHxkS/puCraoRkswp1UzVn3Sxg9/cvugxxDBH/W,student,2026-06-08 19:35:37.430319
281,Adélaïde,Bouchet,vgerard@example.net,01 76 59 73 09,$2b$12$mQ6apj9GU3G9UffHxkS/puCraoRkswp1UzVn3Sxg9/cvugxxDBH/W,student,2026-06-08 19:35:37.430344
282,Susan,Legendre,otoussaint@example.com,0370820205,$2b$12$mQ6apj9GU3G9UffHxkS/puCraoRkswp1UzVn3Sxg9/cvugxxDBH/W,student,2026-06-08 19:35:37.430371
283,Charles,Rossi,hortensecarlier@example.net,+33 (0)5 18 05 75 24,$2b$12$mQ6apj9GU3G9UffHxkS/puCraoRkswp1UzVn3Sxg9/cvugxxDBH/W,student,2026-06-08 19:35:37.430395
284,Nicolas,Bouvet,diazzacharie@example.com,+33 4 81 62 55 03,$2b$12$mQ6apj9GU3G9UffHxkS/puCraoRkswp1UzVn3Sxg9/cvugxxDBH/W,student,2026-06-08 19:35:37.430422
285,Adèle,Dufour,paulbertrand@example.com,05 45 85 64 76,$2b$12$mQ6apj9GU3G9UffHxkS/puCraoRkswp1UzVn3Sxg9/cvugxxDBH/W,student,2026-06-08 19:35:37.430446
286,Jacques,Gautier,christianeblot@example.com,03 27 38 87 51,$2b$12$mQ6apj9GU3G9UffHxkS/puCraoRkswp1UzVn3Sxg9/cvugxxDBH/W,student,2026-06-08 19:35:37.430472
287,Théodore,Hamon,emmanuellejacques@example.com,+33 5 36 05 56 48,$2b$12$mQ6apj9GU3G9UffHxkS/puCraoRkswp1UzVn3Sxg9/cvugxxDBH/W,student,2026-06-08 19:35:37.430498
288,Franck,Weiss,marcjoly@example.com,+33 (0)2 23 86 46 87,$2b$12$mQ6apj9GU3G9UffHxkS/puCraoRkswp1UzVn3Sxg9/cvugxxDBH/W,student,2026-06-08 19:35:37.430522
289,Thibault,Samson,paul08@example.org,0498671103,$2b$12$mQ6apj9GU3G9UffHxkS/puCraoRkswp1UzVn3Sxg9/cvugxxDBH/W,student,2026-06-08 19:35:37.430544
290,Susan,Richard,collinceline@example.com,05 24 04 71 17,$2b$12$mQ6apj9GU3G9UffHxkS/puCraoRkswp1UzVn3Sxg9/cvugxxDBH/W,student,2026-06-08 19:35:37.430572
291,Gilbert,Baron,jeanvincent@example.net,0655391493,$2b$12$mQ6apj9GU3G9UffHxkS/puCraoRkswp1UzVn3Sxg9/cvugxxDBH/W,student,2026-06-08 19:35:37.430597
292,Victor,Gosselin,morvaneleonore@example.com,0146430251,$2b$12$mQ6apj9GU3G9UffHxkS/puCraoRkswp1UzVn3Sxg9/cvugxxDBH/W,student,2026-06-08 19:35:37.430624
293,Adèle,Prévost,poulainmarthe@example.org,+33 7 93 30 21 15,$2b$12$mQ6apj9GU3G9UffHxkS/puCraoRkswp1UzVn3Sxg9/cvugxxDBH/W,student,2026-06-08 19:35:37.430651
294,Thibault,Lacroix,hortensedupont@example.net,+33 4 11 88 48 63,$2b$12$mQ6apj9GU3G9UffHxkS/puCraoRkswp1UzVn3Sxg9/cvugxxDBH/W,student,2026-06-08 19:35:37.430675
295,Margot,Guérin,odelahaye@example.com,0245496572,$2b$12$mQ6apj9GU3G9UffHxkS/puCraoRkswp1UzVn3Sxg9/cvugxxDBH/W,student,2026-06-08 19:35:37.430698
296,Bernard,Bigot,pmillet@example.com,0427096567,$2b$12$mQ6apj9GU3G9UffHxkS/puCraoRkswp1UzVn3Sxg9/cvugxxDBH/W,student,2026-06-08 19:35:37.430721
297,Célina,Perez,pribeiro@example.com,06 69 71 73 50,$2b$12$mQ6apj9GU3G9UffHxkS/puCraoRkswp1UzVn3Sxg9/cvugxxDBH/W,student,2026-06-08 19:35:37.430746
298,Françoise,Gosselin,lorraine34@example.net,+33 (0)3 58 12 50 25,$2b$12$mQ6apj9GU3G9UffHxkS/puCraoRkswp1UzVn3Sxg9/cvugxxDBH/W,student,2026-06-08 19:35:37.430769
299,Marcel,Joseph,augustin29@example.net,03 87 34 25 64,$2b$12$mQ6apj9GU3G9UffHxkS/puCraoRkswp1UzVn3Sxg9/cvugxxDBH/W,student,2026-06-08 19:35:37.430792
300,Agnès,Perez,gillesbarbier@example.org,+33 (0)1 44 20 66 20,$2b$12$mQ6apj9GU3G9UffHxkS/puCraoRkswp1UzVn3Sxg9/cvugxxDBH/W,student,2026-06-08 19:35:37.430819
301,François,Roux,vhoareau@example.org,03 27 59 06 43,$2b$12$mQ6apj9GU3G9UffHxkS/puCraoRkswp1UzVn3Sxg9/cvugxxDBH/W,student,2026-06-08 19:35:37.430842
302,Dorothée,Olivier,sandre@example.com,02 52 86 31 60,$2b$12$mQ6apj9GU3G9UffHxkS/puCraoRkswp1UzVn3Sxg9/cvugxxDBH/W,student,2026-06-08 19:35:37.430866
303,Sébastien,Meyer,bertrand31@example.com,+33 (0)4 94 01 45 00,$2b$12$mQ6apj9GU3G9UffHxkS/puCraoRkswp1UzVn3Sxg9/cvugxxDBH/W,student,2026-06-08 19:35:37.430889
304,Anaïs,Charles,nathalie18@example.com,+33 (0)5 17 22 90 57,$2b$12$mQ6apj9GU3G9UffHxkS/puCraoRkswp1UzVn3Sxg9/cvugxxDBH/W,student,2026-06-08 19:35:37.430911
305,Christiane,Seguin,jacqueline84@example.com,03 10 64 65 37,$2b$12$mQ6apj9GU3G9UffHxkS/puCraoRkswp1UzVn3Sxg9/cvugxxDBH/W,student,2026-06-08 19:35:37.430937
306,Amélie,François,chantalcamus@example.org,+33 (0)4 69 63 04 90,$2b$12$mQ6apj9GU3G9UffHxkS/puCraoRkswp1UzVn3Sxg9/cvugxxDBH/W,student,2026-06-08 19:35:37.430968
307,Sylvie,Charrier,qregnier@example.org,02 58 62 70 81,$2b$12$mQ6apj9GU3G9UffHxkS/puCraoRkswp1UzVn3Sxg9/cvugxxDBH/W,student,2026-06-08 19:35:37.430993
308,Clémence,Germain,girardhenriette@example.com,+33 1 70 82 78 11,$2b$12$mQ6apj9GU3G9UffHxkS/puCraoRkswp1UzVn3Sxg9/cvugxxDBH/W,student,2026-06-08 19:35:37.431017
309,Christophe,Colin,martherichard@example.org,+33 (0)5 58 64 94 79,$2b$12$mQ6apj9GU3G9UffHxkS/puCraoRkswp1UzVn3Sxg9/cvugxxDBH/W,student,2026-06-08 19:35:37.431042
310,Sébastien,Voisin,diazalphonse@example.net,02 57 03 78 92,$2b$12$mQ6apj9GU3G9UffHxkS/puCraoRkswp1UzVn3Sxg9/cvugxxDBH/W,student,2026-06-08 19:35:37.431069
311,Michèle,Bertrand,allardjacqueline@example.org,0251063200,$2b$12$mQ6apj9GU3G9UffHxkS/puCraoRkswp1UzVn3Sxg9/cvugxxDBH/W,student,2026-06-08 19:35:37.431097
312,Constance,Renault,zjourdan@example.com,0149190466,$2b$12$mQ6apj9GU3G9UffHxkS/puCraoRkswp1UzVn3Sxg9/cvugxxDBH/W,student,2026-06-08 19:35:37.431122
313,Isabelle,Thomas,patrick71@example.com,+33 2 46 69 83 15,$2b$12$mQ6apj9GU3G9UffHxkS/puCraoRkswp1UzVn3Sxg9/cvugxxDBH/W,student,2026-06-08 19:35:37.431145
314,Christophe,Meunier,allainisabelle@example.com,+33 5 55 68 92 80,$2b$12$mQ6apj9GU3G9UffHxkS/puCraoRkswp1UzVn3Sxg9/cvugxxDBH/W,student,2026-06-08 19:35:37.431169
315,Michèle,Petitjean,bernadette09@example.net,01 72 15 30 86,$2b$12$mQ6apj9GU3G9UffHxkS/puCraoRkswp1UzVn3Sxg9/cvugxxDBH/W,student,2026-06-08 19:35:37.431195
316,Olivier,Hernandez,ollivierrene@example.com,+33 5 35 92 73 90,$2b$12$mQ6apj9GU3G9UffHxkS/puCraoRkswp1UzVn3Sxg9/cvugxxDBH/W,student,2026-06-08 19:35:37.431219
317,Alexandre,Riou,noemi72@example.net,+33 5 47 74 58 13,$2b$12$mQ6apj9GU3G9UffHxkS/puCraoRkswp1UzVn3Sxg9/cvugxxDBH/W,student,2026-06-08 19:35:37.431241
318,Théodore,Le Roux,pauline85@example.com,0675848936,$2b$12$mQ6apj9GU3G9UffHxkS/puCraoRkswp1UzVn3Sxg9/cvugxxDBH/W,student,2026-06-08 19:35:37.431265
319,Alfred,Munoz,guillaumenathalie@example.net,0637927756,$2b$12$mQ6apj9GU3G9UffHxkS/puCraoRkswp1UzVn3Sxg9/cvugxxDBH/W,student,2026-06-08 19:35:37.431291
320,Margot,Lelièvre,ecosta@example.org,+33 3 57 31 59 19,$2b$12$mQ6apj9GU3G9UffHxkS/puCraoRkswp1UzVn3Sxg9/cvugxxDBH/W,student,2026-06-08 19:35:37.431315
321,David,Launay,milleteugene@example.org,+33 4 23 88 80 14,$2b$12$mQ6apj9GU3G9UffHxkS/puCraoRkswp1UzVn3Sxg9/cvugxxDBH/W,student,2026-06-08 19:35:37.431341
322,Louise,Reynaud,pierre43@example.com,+33 (0)5 46 46 82 70,$2b$12$mQ6apj9GU3G9UffHxkS/puCraoRkswp1UzVn3Sxg9/cvugxxDBH/W,student,2026-06-08 19:35:37.431363
323,Olivie,Philippe,kbuisson@example.net,04 90 13 62 07,$2b$12$mQ6apj9GU3G9UffHxkS/puCraoRkswp1UzVn3Sxg9/cvugxxDBH/W,student,2026-06-08 19:35:37.431388
324,Gilles,Texier,colettejourdan@example.com,+33 (0)3 61 32 07 01,$2b$12$mQ6apj9GU3G9UffHxkS/puCraoRkswp1UzVn3Sxg9/cvugxxDBH/W,student,2026-06-08 19:35:37.431415
325,Bertrand,Paris,beguelucas@example.org,05 08 99 32 47,$2b$12$mQ6apj9GU3G9UffHxkS/puCraoRkswp1UzVn3Sxg9/cvugxxDBH/W,student,2026-06-08 19:35:37.431441
326,Véronique,Gérard,wtoussaint@example.net,+33 (0)3 10 63 88 47,$2b$12$mQ6apj9GU3G9UffHxkS/puCraoRkswp1UzVn3Sxg9/cvugxxDBH/W,student,2026-06-08 19:35:37.431464
327,Lucas,De Sousa,thibaultrenard@example.net,01 46 33 90 85,$2b$12$mQ6apj9GU3G9UffHxkS/puCraoRkswp1UzVn3Sxg9/cvugxxDBH/W,student,2026-06-08 19:35:37.431488
328,Laure,Picard,qbrun@example.net,+33 (0)6 52 92 21 49,$2b$12$mQ6apj9GU3G9UffHxkS/puCraoRkswp1UzVn3Sxg9/cvugxxDBH/W,student,2026-06-08 19:35:37.431514
329,Sophie,Thierry,juliele-gall@example.net,+33 (0)2 19 41 07 08,$2b$12$mQ6apj9GU3G9UffHxkS/puCraoRkswp1UzVn3Sxg9/cvugxxDBH/W,student,2026-06-08 19:35:37.431541
330,Louise,Vallée,louiseroyer@example.com,0170155790,$2b$12$mQ6apj9GU3G9UffHxkS/puCraoRkswp1UzVn3Sxg9/cvugxxDBH/W,student,2026-06-08 19:35:37.431564
331,Joséphine,Gay,brunmarguerite@example.net,01 42 05 42 95,$2b$12$mQ6apj9GU3G9UffHxkS/puCraoRkswp1UzVn3Sxg9/cvugxxDBH/W,student,2026-06-08 19:35:37.431588
332,Jean,Arnaud,rivierewilliam@example.org,05 61 47 81 48,$2b$12$mQ6apj9GU3G9UffHxkS/puCraoRkswp1UzVn3Sxg9/cvugxxDBH/W,student,2026-06-08 19:35:37.431614
333,Michel,Richard,martinmarcel@example.net,01 41 96 06 92,$2b$12$mQ6apj9GU3G9UffHxkS/puCraoRkswp1UzVn3Sxg9/cvugxxDBH/W,student,2026-06-08 19:35:37.431652
334,Alain,De Sousa,pintolouis@example.net,+33 6 99 79 95 22,$2b$12$mQ6apj9GU3G9UffHxkS/puCraoRkswp1UzVn3Sxg9/cvugxxDBH/W,student,2026-06-08 19:35:37.431681
335,Zacharie,Lecoq,alphonse55@example.com,0634131270,$2b$12$mQ6apj9GU3G9UffHxkS/puCraoRkswp1UzVn3Sxg9/cvugxxDBH/W,student,2026-06-08 19:35:37.431704
336,Luce,Carpentier,simone54@example.org,+33 (0)3 66 08 58 25,$2b$12$mQ6apj9GU3G9UffHxkS/puCraoRkswp1UzVn3Sxg9/cvugxxDBH/W,student,2026-06-08 19:35:37.431726
337,Jeanne,Tessier,jean32@example.com,+33 2 72 80 52 28,$2b$12$mQ6apj9GU3G9UffHxkS/puCraoRkswp1UzVn3Sxg9/cvugxxDBH/W,student,2026-06-08 19:35:37.431748
338,Colette,Lefort,smaurice@example.com,+33 1 48 79 05 28,$2b$12$mQ6apj9GU3G9UffHxkS/puCraoRkswp1UzVn3Sxg9/cvugxxDBH/W,student,2026-06-08 19:35:37.431771
339,Roland,Dupuis,ruizmichele@example.net,+33 (0)6 26 51 98 11,$2b$12$mQ6apj9GU3G9UffHxkS/puCraoRkswp1UzVn3Sxg9/cvugxxDBH/W,student,2026-06-08 19:35:37.431796
340,Michelle,Charrier,acamus@example.net,+33 (0)2 77 73 41 05,$2b$12$mQ6apj9GU3G9UffHxkS/puCraoRkswp1UzVn3Sxg9/cvugxxDBH/W,student,2026-06-08 19:35:37.431821
341,Stéphanie,Peron,maillardemile@example.com,03 22 23 90 87,$2b$12$mQ6apj9GU3G9UffHxkS/puCraoRkswp1UzVn3Sxg9/cvugxxDBH/W,student,2026-06-08 19:35:37.431845
342,Alex,Paul,ylaine@example.com,0631422413,$2b$12$mQ6apj9GU3G9UffHxkS/puCraoRkswp1UzVn3Sxg9/cvugxxDBH/W,student,2026-06-08 19:35:37.431868
343,Jacques,Da Costa,nath36@example.org,0130036416,$2b$12$mQ6apj9GU3G9UffHxkS/puCraoRkswp1UzVn3Sxg9/cvugxxDBH/W,student,2026-06-08 19:35:37.431890
344,Charlotte,Didier,suzannemarie@example.com,05 33 62 78 79,$2b$12$mQ6apj9GU3G9UffHxkS/puCraoRkswp1UzVn3Sxg9/cvugxxDBH/W,student,2026-06-08 19:35:37.431916
345,Noémi,Hamon,lucie13@example.net,+33 4 44 76 66 80,$2b$12$mQ6apj9GU3G9UffHxkS/puCraoRkswp1UzVn3Sxg9/cvugxxDBH/W,student,2026-06-08 19:35:37.431940
346,Bertrand,Roy,hortensecohen@example.com,0285129998,$2b$12$mQ6apj9GU3G9UffHxkS/puCraoRkswp1UzVn3Sxg9/cvugxxDBH/W,student,2026-06-08 19:35:37.431968
347,Nathalie,Bouvier,hoaraumarcel@example.com,0363444905,$2b$12$mQ6apj9GU3G9UffHxkS/puCraoRkswp1UzVn3Sxg9/cvugxxDBH/W,student,2026-06-08 19:35:37.431995
348,Zacharie,Lefebvre,jerome38@example.org,+33 (0)4 95 49 98 25,$2b$12$mQ6apj9GU3G9UffHxkS/puCraoRkswp1UzVn3Sxg9/cvugxxDBH/W,student,2026-06-08 19:35:37.432020
349,Dorothée,Michaud,philippesalmon@example.net,03 69 32 42 86,$2b$12$mQ6apj9GU3G9UffHxkS/puCraoRkswp1UzVn3Sxg9/cvugxxDBH/W,student,2026-06-08 19:35:37.432049
350,Élise,Bonneau,mauriceanastasie@example.org,0457755479,$2b$12$mQ6apj9GU3G9UffHxkS/puCraoRkswp1UzVn3Sxg9/cvugxxDBH/W,student,2026-06-08 19:35:37.432076
351,Tristan,Bouchet,laetitia23@example.com,+33 4 75 99 42 72,$2b$12$mQ6apj9GU3G9UffHxkS/puCraoRkswp1UzVn3Sxg9/cvugxxDBH/W,student,2026-06-08 19:35:37.432098
352,Brigitte,Thibault,fischervalerie@example.com,+33 (0)1 49 16 06 59,$2b$12$mQ6apj9GU3G9UffHxkS/puCraoRkswp1UzVn3Sxg9/cvugxxDBH/W,student,2026-06-08 19:35:37.432123
353,Hortense,Sauvage,jean08@example.net,+33 4 63 86 97 54,$2b$12$mQ6apj9GU3G9UffHxkS/puCraoRkswp1UzVn3Sxg9/cvugxxDBH/W,student,2026-06-08 19:35:37.432145
354,Benjamin,Rivière,colingilles@example.org,0493953503,$2b$12$mQ6apj9GU3G9UffHxkS/puCraoRkswp1UzVn3Sxg9/cvugxxDBH/W,student,2026-06-08 19:35:37.432169
355,Céline,Legros,franck45@example.net,0182089690,$2b$12$mQ6apj9GU3G9UffHxkS/puCraoRkswp1UzVn3Sxg9/cvugxxDBH/W,student,2026-06-08 19:35:37.432191
356,Élisabeth,Georges,igrenier@example.com,+33 2 33 58 34 63,$2b$12$mQ6apj9GU3G9UffHxkS/puCraoRkswp1UzVn3Sxg9/cvugxxDBH/W,student,2026-06-08 19:35:37.432214
357,Valentine,Moreno,louis55@example.net,05 33 70 60 45,$2b$12$mQ6apj9GU3G9UffHxkS/puCraoRkswp1UzVn3Sxg9/cvugxxDBH/W,student,2026-06-08 19:35:37.432238
358,Célina,Boyer,pthomas@example.net,+33 6 30 52 97 36,$2b$12$mQ6apj9GU3G9UffHxkS/puCraoRkswp1UzVn3Sxg9/cvugxxDBH/W,student,2026-06-08 19:35:37.432264
359,Rémy,Pereira,antoinettepayet@example.org,0369828780,$2b$12$mQ6apj9GU3G9UffHxkS/puCraoRkswp1UzVn3Sxg9/cvugxxDBH/W,student,2026-06-08 19:35:37.432290
360,Laure,Perez,remy36@example.org,+33 (0)4 77 41 37 87,$2b$12$mQ6apj9GU3G9UffHxkS/puCraoRkswp1UzVn3Sxg9/cvugxxDBH/W,student,2026-06-08 19:35:37.432314
361,Chantal,Fabre,agatheloiseau@example.net,+33 (0)4 76 92 79 59,$2b$12$mQ6apj9GU3G9UffHxkS/puCraoRkswp1UzVn3Sxg9/cvugxxDBH/W,student,2026-06-08 19:35:37.432340
362,Simone,Brunet,julie38@example.org,+33 (0)3 76 76 01 02,$2b$12$mQ6apj9GU3G9UffHxkS/puCraoRkswp1UzVn3Sxg9/cvugxxDBH/W,student,2026-06-08 19:35:37.432365
363,Alice,Grenier,jfernandes@example.net,+33 (0)3 20 65 25 89,$2b$12$mQ6apj9GU3G9UffHxkS/puCraoRkswp1UzVn3Sxg9/cvugxxDBH/W,student,2026-06-08 19:35:37.432388
364,Martin,Lelièvre,uleconte@example.com,0269884665,$2b$12$mQ6apj9GU3G9UffHxkS/puCraoRkswp1UzVn3Sxg9/cvugxxDBH/W,student,2026-06-08 19:35:37.432410
365,Édouard,Marie,thomas96@example.net,+33 7 87 57 07 01,$2b$12$mQ6apj9GU3G9UffHxkS/puCraoRkswp1UzVn3Sxg9/cvugxxDBH/W,student,2026-06-08 19:35:37.432433
366,Joséphine,Lagarde,payetzoe@example.net,05 24 80 97 90,$2b$12$mQ6apj9GU3G9UffHxkS/puCraoRkswp1UzVn3Sxg9/cvugxxDBH/W,student,2026-06-08 19:35:37.432459
367,Joséphine,Imbert,timotheelefebvre@example.net,03 67 79 98 73,$2b$12$mQ6apj9GU3G9UffHxkS/puCraoRkswp1UzVn3Sxg9/cvugxxDBH/W,student,2026-06-08 19:35:37.432488
368,Léon,Guillot,zda-costa@example.net,+33 (0)4 83 07 97 24,$2b$12$mQ6apj9GU3G9UffHxkS/puCraoRkswp1UzVn3Sxg9/cvugxxDBH/W,student,2026-06-08 19:35:37.432512
369,Xavier,Chrétien,fparis@example.org,0737622288,$2b$12$mQ6apj9GU3G9UffHxkS/puCraoRkswp1UzVn3Sxg9/cvugxxDBH/W,student,2026-06-08 19:35:37.432535
370,Lucas,Delahaye,gfischer@example.org,+33 2 14 33 28 18,$2b$12$mQ6apj9GU3G9UffHxkS/puCraoRkswp1UzVn3Sxg9/cvugxxDBH/W,student,2026-06-08 19:35:37.432557
371,Henriette,Germain,frederique69@example.org,0634057481,$2b$12$mQ6apj9GU3G9UffHxkS/puCraoRkswp1UzVn3Sxg9/cvugxxDBH/W,student,2026-06-08 19:35:37.432580
372,Suzanne,Lebon,juliette47@example.com,0486934032,$2b$12$mQ6apj9GU3G9UffHxkS/puCraoRkswp1UzVn3Sxg9/cvugxxDBH/W,student,2026-06-08 19:35:37.432603
373,Antoinette,Lecomte,ugonzalez@example.net,+33 2 33 99 23 55,$2b$12$mQ6apj9GU3G9UffHxkS/puCraoRkswp1UzVn3Sxg9/cvugxxDBH/W,student,2026-06-08 19:35:37.432625
374,Pauline,De Sousa,marqueshenri@example.org,+33 3 10 07 31 46,$2b$12$mQ6apj9GU3G9UffHxkS/puCraoRkswp1UzVn3Sxg9/cvugxxDBH/W,student,2026-06-08 19:35:37.432649
375,Bernadette,Huet,patricia80@example.net,+33 1 47 89 22 21,$2b$12$mQ6apj9GU3G9UffHxkS/puCraoRkswp1UzVn3Sxg9/cvugxxDBH/W,student,2026-06-08 19:35:37.432671
376,Claudine,Rey,renee85@example.com,04 87 56 62 17,$2b$12$mQ6apj9GU3G9UffHxkS/puCraoRkswp1UzVn3Sxg9/cvugxxDBH/W,student,2026-06-08 19:35:37.432694
377,Suzanne,Dumont,julienemilie@example.com,03 39 94 80 84,$2b$12$mQ6apj9GU3G9UffHxkS/puCraoRkswp1UzVn3Sxg9/cvugxxDBH/W,student,2026-06-08 19:35:37.432724
378,Paulette,Renard,emaillet@example.org,+33 4 97 53 37 19,$2b$12$mQ6apj9GU3G9UffHxkS/puCraoRkswp1UzVn3Sxg9/cvugxxDBH/W,student,2026-06-08 19:35:37.432748
379,Maurice,Ferreira,ucarlier@example.org,0376012661,$2b$12$mQ6apj9GU3G9UffHxkS/puCraoRkswp1UzVn3Sxg9/cvugxxDBH/W,student,2026-06-08 19:35:37.432769
380,Céline,Breton,djourdan@example.net,+33 3 68 16 60 14,$2b$12$mQ6apj9GU3G9UffHxkS/puCraoRkswp1UzVn3Sxg9/cvugxxDBH/W,student,2026-06-08 19:35:37.432792
381,Simone,Poirier,pbegue@example.org,0469754443,$2b$12$mQ6apj9GU3G9UffHxkS/puCraoRkswp1UzVn3Sxg9/cvugxxDBH/W,student,2026-06-08 19:35:37.432814
382,Nicole,Boyer,alixmaillot@example.org,0362651708,$2b$12$mQ6apj9GU3G9UffHxkS/puCraoRkswp1UzVn3Sxg9/cvugxxDBH/W,student,2026-06-08 19:35:37.432838
383,Franck,Le Roux,ilegrand@example.net,0741358155,$2b$12$mQ6apj9GU3G9UffHxkS/puCraoRkswp1UzVn3Sxg9/cvugxxDBH/W,student,2026-06-08 19:35:37.432863
384,Édith,Duval,agnes50@example.com,02 79 47 84 87,$2b$12$mQ6apj9GU3G9UffHxkS/puCraoRkswp1UzVn3Sxg9/cvugxxDBH/W,student,2026-06-08 19:35:37.432885
385,Corinne,Gérard,vaillanttristan@example.net,+33 (0)5 47 63 52 82,$2b$12$mQ6apj9GU3G9UffHxkS/puCraoRkswp1UzVn3Sxg9/cvugxxDBH/W,student,2026-06-08 19:35:37.432912
386,Frédérique,Delaunay,pregnier@example.net,0490406593,$2b$12$mQ6apj9GU3G9UffHxkS/puCraoRkswp1UzVn3Sxg9/cvugxxDBH/W,student,2026-06-08 19:35:37.432935
387,Sabine,Fernandes,bernard03@example.com,0557703395,$2b$12$mQ6apj9GU3G9UffHxkS/puCraoRkswp1UzVn3Sxg9/cvugxxDBH/W,student,2026-06-08 19:35:37.432957
388,Danielle,Pons,gverdier@example.com,+33 (0)4 82 22 98 56,$2b$12$mQ6apj9GU3G9UffHxkS/puCraoRkswp1UzVn3Sxg9/cvugxxDBH/W,student,2026-06-08 19:35:37.432980
389,Paul,Duval,guillonalexandre@example.org,05 53 50 50 12,$2b$12$mQ6apj9GU3G9UffHxkS/puCraoRkswp1UzVn3Sxg9/cvugxxDBH/W,student,2026-06-08 19:35:37.433004
390,Maryse,Picard,vledoux@example.org,0497255831,$2b$12$mQ6apj9GU3G9UffHxkS/puCraoRkswp1UzVn3Sxg9/cvugxxDBH/W,student,2026-06-08 19:35:37.433026
391,Madeleine,Bertrand,christelle19@example.org,+33 5 59 26 67 79,$2b$12$mQ6apj9GU3G9UffHxkS/puCraoRkswp1UzVn3Sxg9/cvugxxDBH/W,student,2026-06-08 19:35:37.433049
392,Éléonore,Menard,poulainalexandria@example.com,05 46 21 30 65,$2b$12$mQ6apj9GU3G9UffHxkS/puCraoRkswp1UzVn3Sxg9/cvugxxDBH/W,student,2026-06-08 19:35:37.433073
393,Julien,Hoareau,aurore65@example.net,+33 (0)1 45 44 58 40,$2b$12$mQ6apj9GU3G9UffHxkS/puCraoRkswp1UzVn3Sxg9/cvugxxDBH/W,student,2026-06-08 19:35:37.433096
394,Noël,Bourgeois,renaulttherese@example.net,0366973584,$2b$12$mQ6apj9GU3G9UffHxkS/puCraoRkswp1UzVn3Sxg9/cvugxxDBH/W,student,2026-06-08 19:35:37.433120
395,Yves,Hamon,timothee35@example.net,+33 (0)4 97 75 82 95,$2b$12$mQ6apj9GU3G9UffHxkS/puCraoRkswp1UzVn3Sxg9/cvugxxDBH/W,student,2026-06-08 19:35:37.433143
396,Joséphine,Robert,eantoine@example.com,06 84 44 73 00,$2b$12$mQ6apj9GU3G9UffHxkS/puCraoRkswp1UzVn3Sxg9/cvugxxDBH/W,student,2026-06-08 19:35:37.433166
397,Sabine,Gaillard,bigotamelie@example.net,+33 (0)6 40 59 00 23,$2b$12$mQ6apj9GU3G9UffHxkS/puCraoRkswp1UzVn3Sxg9/cvugxxDBH/W,student,2026-06-08 19:35:37.433190
398,Pauline,Julien,celineboyer@example.net,+33 (0)1 81 60 11 44,$2b$12$mQ6apj9GU3G9UffHxkS/puCraoRkswp1UzVn3Sxg9/cvugxxDBH/W,student,2026-06-08 19:35:37.433213
399,Gabrielle,Briand,frederiquecolin@example.com,+33 2 32 71 63 97,$2b$12$mQ6apj9GU3G9UffHxkS/puCraoRkswp1UzVn3Sxg9/cvugxxDBH/W,student,2026-06-08 19:35:37.433237
400,Caroline,Cousin,hlacroix@example.com,+33 5 62 87 31 25,$2b$12$mQ6apj9GU3G9UffHxkS/puCraoRkswp1UzVn3Sxg9/cvugxxDBH/W,student,2026-06-08 19:35:37.433263
401,Alix,Legendre,dguillot@example.net,0457886138,$2b$12$mQ6apj9GU3G9UffHxkS/puCraoRkswp1UzVn3Sxg9/cvugxxDBH/W,student,2026-06-08 19:35:37.433285
402,Agnès,Laine,marysepetitjean@example.com,04 75 72 81 16,$2b$12$mQ6apj9GU3G9UffHxkS/puCraoRkswp1UzVn3Sxg9/cvugxxDBH/W,student,2026-06-08 19:35:37.433309
403,Christophe,Loiseau,pierremargot@example.org,+33 4 66 70 80 97,$2b$12$mQ6apj9GU3G9UffHxkS/puCraoRkswp1UzVn3Sxg9/cvugxxDBH/W,student,2026-06-08 19:35:37.433333
404,Alexandrie,Mercier,zacharieperrot@example.org,0465649959,$2b$12$mQ6apj9GU3G9UffHxkS/puCraoRkswp1UzVn3Sxg9/cvugxxDBH/W,student,2026-06-08 19:35:37.433357
405,Corinne,Bousquet,maryse78@example.net,0558497447,$2b$12$mQ6apj9GU3G9UffHxkS/puCraoRkswp1UzVn3Sxg9/cvugxxDBH/W,student,2026-06-08 19:35:37.433380
406,Thomas,Lévêque,ponsaime@example.com,+33 (0)4 34 31 35 12,$2b$12$mQ6apj9GU3G9UffHxkS/puCraoRkswp1UzVn3Sxg9/cvugxxDBH/W,student,2026-06-08 19:35:37.433403
407,Sébastien,Leclercq,barthelemyconstance@example.org,+33 5 67 57 20 41,$2b$12$mQ6apj9GU3G9UffHxkS/puCraoRkswp1UzVn3Sxg9/cvugxxDBH/W,student,2026-06-08 19:35:37.433428
408,Roger,Lesage,ebonnet@example.org,+33 4 27 98 67 99,$2b$12$mQ6apj9GU3G9UffHxkS/puCraoRkswp1UzVn3Sxg9/cvugxxDBH/W,student,2026-06-08 19:35:37.433451
409,Lorraine,Legendre,marinemorvan@example.net,03 53 29 68 37,$2b$12$mQ6apj9GU3G9UffHxkS/puCraoRkswp1UzVn3Sxg9/cvugxxDBH/W,student,2026-06-08 19:35:37.433474
410,Alain,Henry,susannemaillot@example.net,+33 3 58 97 17 31,$2b$12$mQ6apj9GU3G9UffHxkS/puCraoRkswp1UzVn3Sxg9/cvugxxDBH/W,student,2026-06-08 19:35:37.433497
411,Thomas,Ribeiro,juliegarcia@example.net,+33 4 82 75 00 43,$2b$12$mQ6apj9GU3G9UffHxkS/puCraoRkswp1UzVn3Sxg9/cvugxxDBH/W,student,2026-06-08 19:35:37.433520
412,Clémence,Simon,hpasquier@example.net,05 31 56 94 30,$2b$12$mQ6apj9GU3G9UffHxkS/puCraoRkswp1UzVn3Sxg9/cvugxxDBH/W,student,2026-06-08 19:35:37.433543
413,Alexandria,Henry,anouk86@example.net,02 50 84 27 40,$2b$12$mQ6apj9GU3G9UffHxkS/puCraoRkswp1UzVn3Sxg9/cvugxxDBH/W,student,2026-06-08 19:35:37.433565
414,Claire,Maillard,margaud00@example.org,+33 (0)8 07 51 60 08,$2b$12$mQ6apj9GU3G9UffHxkS/puCraoRkswp1UzVn3Sxg9/cvugxxDBH/W,student,2026-06-08 19:35:37.433588
415,Célina,Gomez,lucie04@example.org,0805390896,$2b$12$mQ6apj9GU3G9UffHxkS/puCraoRkswp1UzVn3Sxg9/cvugxxDBH/W,student,2026-06-08 19:35:37.433611
416,Lorraine,Collet,noelroland@example.org,+33 2 38 40 86 77,$2b$12$mQ6apj9GU3G9UffHxkS/puCraoRkswp1UzVn3Sxg9/cvugxxDBH/W,student,2026-06-08 19:35:37.433635
417,Julie,Salmon,paulette04@example.net,0468917482,$2b$12$mQ6apj9GU3G9UffHxkS/puCraoRkswp1UzVn3Sxg9/cvugxxDBH/W,student,2026-06-08 19:35:37.433657
418,Marianne,Rossi,etiennerossi@example.org,05 36 67 51 86,$2b$12$mQ6apj9GU3G9UffHxkS/puCraoRkswp1UzVn3Sxg9/cvugxxDBH/W,student,2026-06-08 19:35:37.433681
419,Alex,Guillet,carpentieremmanuel@example.com,+33 (0)4 78 72 37 29,$2b$12$mQ6apj9GU3G9UffHxkS/puCraoRkswp1UzVn3Sxg9/cvugxxDBH/W,student,2026-06-08 19:35:37.433705
420,Renée,Allard,sophielopes@example.com,04 22 70 69 34,$2b$12$mQ6apj9GU3G9UffHxkS/puCraoRkswp1UzVn3Sxg9/cvugxxDBH/W,student,2026-06-08 19:35:37.433729
421,Suzanne,Simon,madeleinegerard@example.net,05 58 55 76 48,$2b$12$mQ6apj9GU3G9UffHxkS/puCraoRkswp1UzVn3Sxg9/cvugxxDBH/W,student,2026-06-08 19:35:37.433753
422,Lorraine,Fouquet,wpotier@example.org,+33 (0)5 24 63 98 20,$2b$12$mQ6apj9GU3G9UffHxkS/puCraoRkswp1UzVn3Sxg9/cvugxxDBH/W,student,2026-06-08 19:35:37.433776
423,Marc,Salmon,alix58@example.net,02 54 21 16 13,$2b$12$mQ6apj9GU3G9UffHxkS/puCraoRkswp1UzVn3Sxg9/cvugxxDBH/W,student,2026-06-08 19:35:37.433798
424,Emmanuelle,Pires,schevalier@example.net,+33 5 65 09 31 03,$2b$12$mQ6apj9GU3G9UffHxkS/puCraoRkswp1UzVn3Sxg9/cvugxxDBH/W,student,2026-06-08 19:35:37.433821
425,Audrey,Langlois,caroline84@example.net,+33 5 82 51 90 40,$2b$12$mQ6apj9GU3G9UffHxkS/puCraoRkswp1UzVn3Sxg9/cvugxxDBH/W,student,2026-06-08 19:35:37.433843
426,Simone,Durand,ibecker@example.net,+33 (0)2 54 68 36 59,$2b$12$mQ6apj9GU3G9UffHxkS/puCraoRkswp1UzVn3Sxg9/cvugxxDBH/W,student,2026-06-08 19:35:37.433865
427,Joseph,Noël,giraudmarcel@example.org,0498441036,$2b$12$mQ6apj9GU3G9UffHxkS/puCraoRkswp1UzVn3Sxg9/cvugxxDBH/W,student,2026-06-08 19:35:37.433892
428,Michelle,Vallet,paulinevaillant@example.org,0555759289,$2b$12$mQ6apj9GU3G9UffHxkS/puCraoRkswp1UzVn3Sxg9/cvugxxDBH/W,student,2026-06-08 19:35:37.433916
429,Marcelle,Teixeira,didieraurore@example.org,+33 (0)6 37 52 37 38,$2b$12$mQ6apj9GU3G9UffHxkS/puCraoRkswp1UzVn3Sxg9/cvugxxDBH/W,student,2026-06-08 19:35:37.433940
430,Adrienne,Lebreton,gabrielle61@example.org,05 67 18 02 18,$2b$12$mQ6apj9GU3G9UffHxkS/puCraoRkswp1UzVn3Sxg9/cvugxxDBH/W,student,2026-06-08 19:35:37.433963
431,Alix,Bazin,chartiervirginie@example.net,+33 (0)5 49 81 89 85,$2b$12$mQ6apj9GU3G9UffHxkS/puCraoRkswp1UzVn3Sxg9/cvugxxDBH/W,student,2026-06-08 19:35:37.433988
432,Hortense,Faure,corinne78@example.net,+33 3 29 62 89 05,$2b$12$mQ6apj9GU3G9UffHxkS/puCraoRkswp1UzVn3Sxg9/cvugxxDBH/W,student,2026-06-08 19:35:37.434012
433,Océane,Andre,agnesrodrigues@example.net,0362239477,$2b$12$mQ6apj9GU3G9UffHxkS/puCraoRkswp1UzVn3Sxg9/cvugxxDBH/W,student,2026-06-08 19:35:37.434036
434,Françoise,Guérin,zoe17@example.com,0359137706,$2b$12$mQ6apj9GU3G9UffHxkS/puCraoRkswp1UzVn3Sxg9/cvugxxDBH/W,student,2026-06-08 19:35:37.434060
435,Isabelle,Torres,alicemonnier@example.net,+33 6 11 52 69 36,$2b$12$mQ6apj9GU3G9UffHxkS/puCraoRkswp1UzVn3Sxg9/cvugxxDBH/W,student,2026-06-08 19:35:37.434088
436,Stéphane,Daniel,arthurgregoire@example.net,02 72 77 28 80,$2b$12$mQ6apj9GU3G9UffHxkS/puCraoRkswp1UzVn3Sxg9/cvugxxDBH/W,student,2026-06-08 19:35:37.434114
437,Chantal,Foucher,julie07@example.net,02 45 42 47 38,$2b$12$mQ6apj9GU3G9UffHxkS/puCraoRkswp1UzVn3Sxg9/cvugxxDBH/W,student,2026-06-08 19:35:37.434136
438,Sébastien,Payet,elisedenis@example.com,04 95 21 69 62,$2b$12$mQ6apj9GU3G9UffHxkS/puCraoRkswp1UzVn3Sxg9/cvugxxDBH/W,student,2026-06-08 19:35:37.434160
439,Pénélope,Pichon,ypayet@example.net,+33 8 08 45 81 64,$2b$12$mQ6apj9GU3G9UffHxkS/puCraoRkswp1UzVn3Sxg9/cvugxxDBH/W,student,2026-06-08 19:35:37.434183
440,Hélène,Launay,laurentclement@example.com,03 70 43 94 89,$2b$12$mQ6apj9GU3G9UffHxkS/puCraoRkswp1UzVn3Sxg9/cvugxxDBH/W,student,2026-06-08 19:35:37.434206
441,Franck,Gilles,trenault@example.org,0369625852,$2b$12$mQ6apj9GU3G9UffHxkS/puCraoRkswp1UzVn3Sxg9/cvugxxDBH/W,student,2026-06-08 19:35:37.434229
442,Manon,Renault,petitadele@example.org,04 13 74 74 88,$2b$12$mQ6apj9GU3G9UffHxkS/puCraoRkswp1UzVn3Sxg9/cvugxxDBH/W,student,2026-06-08 19:35:37.434253
443,Édouard,Blanchard,margauxalves@example.com,+33 5 96 48 95 03,$2b$12$mQ6apj9GU3G9UffHxkS/puCraoRkswp1UzVn3Sxg9/cvugxxDBH/W,student,2026-06-08 19:35:37.434276
444,Margaux,Berthelot,aimeeauger@example.net,04 11 01 23 40,$2b$12$mQ6apj9GU3G9UffHxkS/puCraoRkswp1UzVn3Sxg9/cvugxxDBH/W,student,2026-06-08 19:35:37.434300
445,Christiane,Fouquet,josettecourtois@example.net,0299923712,$2b$12$mQ6apj9GU3G9UffHxkS/puCraoRkswp1UzVn3Sxg9/cvugxxDBH/W,student,2026-06-08 19:35:37.434323
446,Roland,Colin,hnicolas@example.org,+33 1 56 87 17 08,$2b$12$mQ6apj9GU3G9UffHxkS/puCraoRkswp1UzVn3Sxg9/cvugxxDBH/W,student,2026-06-08 19:35:37.434346
447,Maryse,Tanguy,roger22@example.com,0474739863,$2b$12$mQ6apj9GU3G9UffHxkS/puCraoRkswp1UzVn3Sxg9/cvugxxDBH/W,student,2026-06-08 19:35:37.434368
448,Audrey,Bailly,duhamelzacharie@example.net,02 49 86 15 54,$2b$12$mQ6apj9GU3G9UffHxkS/puCraoRkswp1UzVn3Sxg9/cvugxxDBH/W,student,2026-06-08 19:35:37.434393
449,Augustin,Da Silva,aleroux@example.com,+33 2 29 84 36 50,$2b$12$mQ6apj9GU3G9UffHxkS/puCraoRkswp1UzVn3Sxg9/cvugxxDBH/W,student,2026-06-08 19:35:37.434417
450,René,Lucas,bernadette82@example.net,+33 (0)7 60 71 83 63,$2b$12$mQ6apj9GU3G9UffHxkS/puCraoRkswp1UzVn3Sxg9/cvugxxDBH/W,student,2026-06-08 19:35:37.434440
451,Patrick,Chartier,adriennechretien@example.org,+33 (0)2 62 48 40 88,$2b$12$mQ6apj9GU3G9UffHxkS/puCraoRkswp1UzVn3Sxg9/cvugxxDBH/W,student,2026-06-08 19:35:37.434465
452,Benjamin,Torres,michellelaurent@example.net,+33 2 19 03 04 12,$2b$12$mQ6apj9GU3G9UffHxkS/puCraoRkswp1UzVn3Sxg9/cvugxxDBH/W,student,2026-06-08 19:35:37.434491
453,Charles,Chrétien,petitjeansuzanne@example.com,02 19 16 41 84,$2b$12$mQ6apj9GU3G9UffHxkS/puCraoRkswp1UzVn3Sxg9/cvugxxDBH/W,student,2026-06-08 19:35:37.434515
454,Hugues,Rousset,tristanferreira@example.org,+33 7 58 36 06 67,$2b$12$mQ6apj9GU3G9UffHxkS/puCraoRkswp1UzVn3Sxg9/cvugxxDBH/W,student,2026-06-08 19:35:37.434540
455,Marc,Bailly,jrobin@example.net,04 37 95 95 39,$2b$12$mQ6apj9GU3G9UffHxkS/puCraoRkswp1UzVn3Sxg9/cvugxxDBH/W,student,2026-06-08 19:35:37.434562
456,Mathilde,Da Costa,isabelle56@example.net,0327641398,$2b$12$mQ6apj9GU3G9UffHxkS/puCraoRkswp1UzVn3Sxg9/cvugxxDBH/W,student,2026-06-08 19:35:37.434584
457,Odette,Hamon,besnardalix@example.org,+33 2 21 37 12 12,$2b$12$mQ6apj9GU3G9UffHxkS/puCraoRkswp1UzVn3Sxg9/cvugxxDBH/W,student,2026-06-08 19:35:37.434610
458,Zacharie,Andre,arthurlaunay@example.com,05 47 04 18 91,$2b$12$mQ6apj9GU3G9UffHxkS/puCraoRkswp1UzVn3Sxg9/cvugxxDBH/W,student,2026-06-08 19:35:37.434636
459,Alex,Hubert,elesage@example.com,0252027666,$2b$12$mQ6apj9GU3G9UffHxkS/puCraoRkswp1UzVn3Sxg9/cvugxxDBH/W,student,2026-06-08 19:35:37.434660
460,Honoré,Blanc,goncalvesmichele@example.com,+33 2 34 87 37 36,$2b$12$mQ6apj9GU3G9UffHxkS/puCraoRkswp1UzVn3Sxg9/cvugxxDBH/W,student,2026-06-08 19:35:37.434687
461,Louis,Rey,tristanpires@example.org,+33 (0)3 51 36 85 46,$2b$12$mQ6apj9GU3G9UffHxkS/puCraoRkswp1UzVn3Sxg9/cvugxxDBH/W,student,2026-06-08 19:35:37.434710
462,Sylvie,Cousin,yroussel@example.org,04 15 29 95 43,$2b$12$mQ6apj9GU3G9UffHxkS/puCraoRkswp1UzVn3Sxg9/cvugxxDBH/W,student,2026-06-08 19:35:37.434735
463,Danielle,Bodin,valerie14@example.com,+33 1 53 33 27 53,$2b$12$mQ6apj9GU3G9UffHxkS/puCraoRkswp1UzVn3Sxg9/cvugxxDBH/W,student,2026-06-08 19:35:37.434771
464,Tristan,Lemoine,tristan87@example.org,+33 (0)3 65 48 51 24,$2b$12$mQ6apj9GU3G9UffHxkS/puCraoRkswp1UzVn3Sxg9/cvugxxDBH/W,student,2026-06-08 19:35:37.434794
465,Denise,Gilbert,bessonmatthieu@example.net,0653931135,$2b$12$mQ6apj9GU3G9UffHxkS/puCraoRkswp1UzVn3Sxg9/cvugxxDBH/W,student,2026-06-08 19:35:37.434818
466,Léon,Perez,traoreoceane@example.com,+33 4 94 51 62 87,$2b$12$mQ6apj9GU3G9UffHxkS/puCraoRkswp1UzVn3Sxg9/cvugxxDBH/W,student,2026-06-08 19:35:37.434843
467,Denise,Laroche,ericperrot@example.net,+33 2 28 73 81 21,$2b$12$mQ6apj9GU3G9UffHxkS/puCraoRkswp1UzVn3Sxg9/cvugxxDBH/W,student,2026-06-08 19:35:37.434867
468,Aurélie,Petitjean,pichondaniel@example.org,03 88 64 59 12,$2b$12$mQ6apj9GU3G9UffHxkS/puCraoRkswp1UzVn3Sxg9/cvugxxDBH/W,student,2026-06-08 19:35:37.434891
469,Jules,Imbert,valerie19@example.org,04 85 32 13 73,$2b$12$mQ6apj9GU3G9UffHxkS/puCraoRkswp1UzVn3Sxg9/cvugxxDBH/W,student,2026-06-08 19:35:37.434914
470,Célina,Petitjean,rousseauremy@example.org,07 49 33 36 52,$2b$12$mQ6apj9GU3G9UffHxkS/puCraoRkswp1UzVn3Sxg9/cvugxxDBH/W,student,2026-06-08 19:35:37.434940
471,Xavier,Besnard,thierrygilles@example.com,+33 3 25 74 53 87,$2b$12$mQ6apj9GU3G9UffHxkS/puCraoRkswp1UzVn3Sxg9/cvugxxDBH/W,student,2026-06-08 19:35:37.434966
472,Alix,Martins,lucechauveau@example.net,0469421339,$2b$12$mQ6apj9GU3G9UffHxkS/puCraoRkswp1UzVn3Sxg9/cvugxxDBH/W,student,2026-06-08 19:35:37.435054
473,Luce,Hoarau,aurorechretien@example.com,05 45 51 04 86,$2b$12$mQ6apj9GU3G9UffHxkS/puCraoRkswp1UzVn3Sxg9/cvugxxDBH/W,student,2026-06-08 19:35:37.435145
474,Mathilde,De Oliveira,jourdanhenriette@example.net,+33 3 23 13 23 82,$2b$12$mQ6apj9GU3G9UffHxkS/puCraoRkswp1UzVn3Sxg9/cvugxxDBH/W,student,2026-06-08 19:35:37.435180
475,Jules,Laporte,bertinsimone@example.net,04 75 96 39 33,$2b$12$mQ6apj9GU3G9UffHxkS/puCraoRkswp1UzVn3Sxg9/cvugxxDBH/W,student,2026-06-08 19:35:37.435207
476,Guillaume,Bouvet,eleonore34@example.com,02 35 79 67 83,$2b$12$mQ6apj9GU3G9UffHxkS/puCraoRkswp1UzVn3Sxg9/cvugxxDBH/W,student,2026-06-08 19:35:37.435232
477,Gabriel,Martineau,veronique43@example.org,+33 (0)3 23 36 17 90,$2b$12$mQ6apj9GU3G9UffHxkS/puCraoRkswp1UzVn3Sxg9/cvugxxDBH/W,student,2026-06-08 19:35:37.435257
478,Madeleine,Valette,joseph64@example.org,+33 (0)4 82 26 58 77,$2b$12$mQ6apj9GU3G9UffHxkS/puCraoRkswp1UzVn3Sxg9/cvugxxDBH/W,student,2026-06-08 19:35:37.435280
479,Jacqueline,Techer,victormorel@example.org,06 67 41 27 49,$2b$12$mQ6apj9GU3G9UffHxkS/puCraoRkswp1UzVn3Sxg9/cvugxxDBH/W,student,2026-06-08 19:35:37.435305
480,Julie,Masse,ybonnin@example.net,+33 (0)4 57 19 62 78,$2b$12$mQ6apj9GU3G9UffHxkS/puCraoRkswp1UzVn3Sxg9/cvugxxDBH/W,student,2026-06-08 19:35:37.435330
481,Zacharie,Salmon,loiseaujerome@example.net,0437012219,$2b$12$mQ6apj9GU3G9UffHxkS/puCraoRkswp1UzVn3Sxg9/cvugxxDBH/W,student,2026-06-08 19:35:37.435357
482,Alain,Michel,elemaitre@example.org,0364763972,$2b$12$mQ6apj9GU3G9UffHxkS/puCraoRkswp1UzVn3Sxg9/cvugxxDBH/W,student,2026-06-08 19:35:37.435381
483,Xavier,Merle,luceblanchet@example.com,+33 4 89 07 26 66,$2b$12$mQ6apj9GU3G9UffHxkS/puCraoRkswp1UzVn3Sxg9/cvugxxDBH/W,student,2026-06-08 19:35:37.435405
484,Matthieu,Dupuis,blondelbrigitte@example.com,+33 7 90 41 84 45,$2b$12$mQ6apj9GU3G9UffHxkS/puCraoRkswp1UzVn3Sxg9/cvugxxDBH/W,student,2026-06-08 19:35:37.435430
485,William,Techer,clemence39@example.com,+33 (0)3 83 72 39 40,$2b$12$mQ6apj9GU3G9UffHxkS/puCraoRkswp1UzVn3Sxg9/cvugxxDBH/W,student,2026-06-08 19:35:37.435454
486,Thérèse,Letellier,louis54@example.org,+33 (0)3 65 44 62 31,$2b$12$mQ6apj9GU3G9UffHxkS/puCraoRkswp1UzVn3Sxg9/cvugxxDBH/W,student,2026-06-08 19:35:37.435477
487,David,Courtois,franck20@example.org,+33 (0)1 69 24 28 66,$2b$12$mQ6apj9GU3G9UffHxkS/puCraoRkswp1UzVn3Sxg9/cvugxxDBH/W,student,2026-06-08 19:35:37.435500
488,Sylvie,Legros,susanne38@example.net,0426194790,$2b$12$mQ6apj9GU3G9UffHxkS/puCraoRkswp1UzVn3Sxg9/cvugxxDBH/W,student,2026-06-08 19:35:37.435523
489,Hugues,Huet,corinneloiseau@example.net,0249848139,$2b$12$mQ6apj9GU3G9UffHxkS/puCraoRkswp1UzVn3Sxg9/cvugxxDBH/W,student,2026-06-08 19:35:37.435547
490,Lucy,David,georges68@example.com,03 67 54 51 02,$2b$12$mQ6apj9GU3G9UffHxkS/puCraoRkswp1UzVn3Sxg9/cvugxxDBH/W,student,2026-06-08 19:35:37.435570
491,Joséphine,Julien,timotheechartier@example.org,0733839705,$2b$12$mQ6apj9GU3G9UffHxkS/puCraoRkswp1UzVn3Sxg9/cvugxxDBH/W,student,2026-06-08 19:35:37.435595
492,Thérèse,Perrin,bernard39@example.org,0743645278,$2b$12$mQ6apj9GU3G9UffHxkS/puCraoRkswp1UzVn3Sxg9/cvugxxDBH/W,student,2026-06-08 19:35:37.435618
493,Richard,Grenier,georges11@example.net,+33 3 83 96 72 63,$2b$12$mQ6apj9GU3G9UffHxkS/puCraoRkswp1UzVn3Sxg9/cvugxxDBH/W,student,2026-06-08 19:35:37.435641
494,Laure,Roy,rogerwagner@example.com,+33 (0)2 41 84 63 25,$2b$12$mQ6apj9GU3G9UffHxkS/puCraoRkswp1UzVn3Sxg9/cvugxxDBH/W,student,2026-06-08 19:35:37.435665
495,Jacques,Valette,alfred62@example.com,+33 1 80 57 86 92,$2b$12$mQ6apj9GU3G9UffHxkS/puCraoRkswp1UzVn3Sxg9/cvugxxDBH/W,student,2026-06-08 19:35:37.435687
496,Odette,Faure,augustinroche@example.net,03 66 79 20 00,$2b$12$mQ6apj9GU3G9UffHxkS/puCraoRkswp1UzVn3Sxg9/cvugxxDBH/W,student,2026-06-08 19:35:37.435712
497,Élise,Maillard,simone18@example.com,+33 (0)1 53 95 23 39,$2b$12$mQ6apj9GU3G9UffHxkS/puCraoRkswp1UzVn3Sxg9/cvugxxDBH/W,student,2026-06-08 19:35:37.435735
498,Édith,Descamps,schneiderconstance@example.net,+33 (0)5 36 99 29 53,$2b$12$mQ6apj9GU3G9UffHxkS/puCraoRkswp1UzVn3Sxg9/cvugxxDBH/W,student,2026-06-08 19:35:37.435760
499,François,Coulon,xavier24@example.com,+33 5 19 74 60 40,$2b$12$mQ6apj9GU3G9UffHxkS/puCraoRkswp1UzVn3Sxg9/cvugxxDBH/W,student,2026-06-08 19:35:37.435782
500,Thérèse,Lebrun,capucinebouvier@example.net,+33 (0)4 87 91 58 25,$2b$12$mQ6apj9GU3G9UffHxkS/puCraoRkswp1UzVn3Sxg9/cvugxxDBH/W,student,2026-06-08 19:35:37.435806
501,Édouard,Garcia,constance12@example.net,+33 1 58 05 11 90,$2b$12$mQ6apj9GU3G9UffHxkS/puCraoRkswp1UzVn3Sxg9/cvugxxDBH/W,student,2026-06-08 19:35:37.435830
502,Alexandrie,Michaud,epaul@example.com,+33 6 95 87 78 27,$2b$12$mQ6apj9GU3G9UffHxkS/puCraoRkswp1UzVn3Sxg9/cvugxxDBH/W,student,2026-06-08 19:35:37.435863
503,Sébastien,Dufour,valentinelamy@example.net,+33 (0)6 98 66 72 59,$2b$12$mQ6apj9GU3G9UffHxkS/puCraoRkswp1UzVn3Sxg9/cvugxxDBH/W,student,2026-06-08 19:35:37.435890
504,Nathalie,Pichon,henrietterenard@example.com,+33 (0)3 28 38 07 37,$2b$12$mQ6apj9GU3G9UffHxkS/puCraoRkswp1UzVn3Sxg9/cvugxxDBH/W,student,2026-06-08 19:35:37.435915
505,Édith,Bouchet,bourgeoisphilippine@example.com,+33 (0)2 69 33 20 05,$2b$12$mQ6apj9GU3G9UffHxkS/puCraoRkswp1UzVn3Sxg9/cvugxxDBH/W,student,2026-06-08 19:35:37.435940
506,David,Millet,pguilbert@example.com,0682858887,$2b$12$mQ6apj9GU3G9UffHxkS/puCraoRkswp1UzVn3Sxg9/cvugxxDBH/W,student,2026-06-08 19:35:37.435965
507,Denise,Royer,augustinpascal@example.com,+33 3 88 24 09 57,$2b$12$mQ6apj9GU3G9UffHxkS/puCraoRkswp1UzVn3Sxg9/cvugxxDBH/W,student,2026-06-08 19:35:37.435991
508,Christophe,Lefèvre,hernandezmatthieu@example.com,05 46 09 31 94,$2b$12$mQ6apj9GU3G9UffHxkS/puCraoRkswp1UzVn3Sxg9/cvugxxDBH/W,student,2026-06-08 19:35:37.436016
509,Cécile,Techer,cecilelombard@example.net,05 58 77 31 00,$2b$12$mQ6apj9GU3G9UffHxkS/puCraoRkswp1UzVn3Sxg9/cvugxxDBH/W,student,2026-06-08 19:35:37.436041
510,Augustin,Fabre,lemoinelaurent@example.com,+33 (0)3 10 23 04 94,$2b$12$mQ6apj9GU3G9UffHxkS/puCraoRkswp1UzVn3Sxg9/cvugxxDBH/W,student,2026-06-08 19:35:37.436065
511,Lorraine,Dupont,renejoubert@example.com,+33 (0)5 19 52 45 53,$2b$12$mQ6apj9GU3G9UffHxkS/puCraoRkswp1UzVn3Sxg9/cvugxxDBH/W,student,2026-06-08 19:35:37.436090
512,Bernard,Costa,richardduhamel@example.com,0474367507,$2b$12$mQ6apj9GU3G9UffHxkS/puCraoRkswp1UzVn3Sxg9/cvugxxDBH/W,student,2026-06-08 19:35:37.436114
513,Constance,Thibault,jacqueslucas@example.com,0356538583,$2b$12$mQ6apj9GU3G9UffHxkS/puCraoRkswp1UzVn3Sxg9/cvugxxDBH/W,student,2026-06-08 19:35:37.436137
514,Margot,Bigot,rchauveau@example.org,0761802931,$2b$12$mQ6apj9GU3G9UffHxkS/puCraoRkswp1UzVn3Sxg9/cvugxxDBH/W,student,2026-06-08 19:35:37.436161
515,Anaïs,Brun,isabellelouis@example.net,0567293891,$2b$12$mQ6apj9GU3G9UffHxkS/puCraoRkswp1UzVn3Sxg9/cvugxxDBH/W,student,2026-06-08 19:35:37.436185
516,Charlotte,Buisson,ntoussaint@example.com,05 33 30 66 86,$2b$12$mQ6apj9GU3G9UffHxkS/puCraoRkswp1UzVn3Sxg9/cvugxxDBH/W,student,2026-06-08 19:35:37.436208
517,Henriette,Samson,marqueselodie@example.org,+33 2 57 85 62 08,$2b$12$mQ6apj9GU3G9UffHxkS/puCraoRkswp1UzVn3Sxg9/cvugxxDBH/W,student,2026-06-08 19:35:37.436233
518,Édouard,Ferrand,deschampsines@example.com,+33 3 66 04 92 18,$2b$12$mQ6apj9GU3G9UffHxkS/puCraoRkswp1UzVn3Sxg9/cvugxxDBH/W,student,2026-06-08 19:35:37.436257
519,Denise,Caron,suzannebonnin@example.net,02 14 11 67 11,$2b$12$mQ6apj9GU3G9UffHxkS/puCraoRkswp1UzVn3Sxg9/cvugxxDBH/W,student,2026-06-08 19:35:37.436282
520,Pénélope,Perez,efouquet@example.net,02 33 73 67 91,$2b$12$mQ6apj9GU3G9UffHxkS/puCraoRkswp1UzVn3Sxg9/cvugxxDBH/W,student,2026-06-08 19:35:37.436305
521,Rémy,Pierre,alfred26@example.net,0479262409,$2b$12$mQ6apj9GU3G9UffHxkS/puCraoRkswp1UzVn3Sxg9/cvugxxDBH/W,student,2026-06-08 19:35:37.436327
522,Nathalie,Gallet,agathe03@example.com,+33 (0)1 48 14 19 81,$2b$12$mQ6apj9GU3G9UffHxkS/puCraoRkswp1UzVn3Sxg9/cvugxxDBH/W,student,2026-06-08 19:35:37.436351
523,Susanne,Jourdan,orodrigues@example.org,02 23 18 99 63,$2b$12$mQ6apj9GU3G9UffHxkS/puCraoRkswp1UzVn3Sxg9/cvugxxDBH/W,student,2026-06-08 19:35:37.436374
524,Gabriel,Hubert,lucybazin@example.org,0450733944,$2b$12$mQ6apj9GU3G9UffHxkS/puCraoRkswp1UzVn3Sxg9/cvugxxDBH/W,student,2026-06-08 19:35:37.436397
525,Jacques,Lejeune,egrenier@example.com,0130840896,$2b$12$mQ6apj9GU3G9UffHxkS/puCraoRkswp1UzVn3Sxg9/cvugxxDBH/W,student,2026-06-08 19:35:37.436420
526,Margaret,Vallet,hmuller@example.net,02 69 52 91 83,$2b$12$mQ6apj9GU3G9UffHxkS/puCraoRkswp1UzVn3Sxg9/cvugxxDBH/W,student,2026-06-08 19:35:37.436443
527,Eugène,Lefèvre,clucas@example.com,+33 (0)3 76 67 35 46,$2b$12$mQ6apj9GU3G9UffHxkS/puCraoRkswp1UzVn3Sxg9/cvugxxDBH/W,student,2026-06-08 19:35:37.436465
528,Christiane,Moreno,danielle94@example.com,+33 4 11 31 45 56,$2b$12$mQ6apj9GU3G9UffHxkS/puCraoRkswp1UzVn3Sxg9/cvugxxDBH/W,student,2026-06-08 19:35:37.436489
529,Martin,Thibault,qphilippe@example.com,03 82 21 79 86,$2b$12$mQ6apj9GU3G9UffHxkS/puCraoRkswp1UzVn3Sxg9/cvugxxDBH/W,student,2026-06-08 19:35:37.436513
530,Frédérique,Léger,mauricealves@example.org,+33 4 81 70 21 16,$2b$12$mQ6apj9GU3G9UffHxkS/puCraoRkswp1UzVn3Sxg9/cvugxxDBH/W,student,2026-06-08 19:35:37.436537
531,Laetitia,Rocher,kdufour@example.com,+33 1 34 21 10 57,$2b$12$mQ6apj9GU3G9UffHxkS/puCraoRkswp1UzVn3Sxg9/cvugxxDBH/W,student,2026-06-08 19:35:37.436559
532,Juliette,Pottier,isaacrousseau@example.org,05 58 08 26 46,$2b$12$mQ6apj9GU3G9UffHxkS/puCraoRkswp1UzVn3Sxg9/cvugxxDBH/W,student,2026-06-08 19:35:37.436584
533,Valérie,Klein,courtoislouise@example.org,03 87 32 11 21,$2b$12$mQ6apj9GU3G9UffHxkS/puCraoRkswp1UzVn3Sxg9/cvugxxDBH/W,student,2026-06-08 19:35:37.436608
534,Brigitte,De Oliveira,thomasyves@example.net,03 68 86 18 90,$2b$12$mQ6apj9GU3G9UffHxkS/puCraoRkswp1UzVn3Sxg9/cvugxxDBH/W,student,2026-06-08 19:35:37.436631
535,Océane,Bourdon,qda-costa@example.com,+33 (0)4 77 06 00 14,$2b$12$mQ6apj9GU3G9UffHxkS/puCraoRkswp1UzVn3Sxg9/cvugxxDBH/W,student,2026-06-08 19:35:37.436655
536,Michelle,Costa,julienroland@example.org,+33 4 76 20 26 15,$2b$12$mQ6apj9GU3G9UffHxkS/puCraoRkswp1UzVn3Sxg9/cvugxxDBH/W,student,2026-06-08 19:35:37.436679
537,François,Munoz,jlaine@example.org,+33 (0)1 43 43 32 98,$2b$12$mQ6apj9GU3G9UffHxkS/puCraoRkswp1UzVn3Sxg9/cvugxxDBH/W,student,2026-06-08 19:35:37.436702
538,Manon,Joly,vincent04@example.com,0637178494,$2b$12$mQ6apj9GU3G9UffHxkS/puCraoRkswp1UzVn3Sxg9/cvugxxDBH/W,student,2026-06-08 19:35:37.436725
539,Sophie,Roux,bonnindanielle@example.org,0519107343,$2b$12$mQ6apj9GU3G9UffHxkS/puCraoRkswp1UzVn3Sxg9/cvugxxDBH/W,student,2026-06-08 19:35:37.436749
540,Christine,Leleu,pichonanne@example.com,+33 (0)1 30 02 06 59,$2b$12$mQ6apj9GU3G9UffHxkS/puCraoRkswp1UzVn3Sxg9/cvugxxDBH/W,student,2026-06-08 19:35:37.436773
541,Olivier,Klein,elisabeth69@example.net,+33 (0)6 24 20 87 96,$2b$12$mQ6apj9GU3G9UffHxkS/puCraoRkswp1UzVn3Sxg9/cvugxxDBH/W,student,2026-06-08 19:35:37.436800
542,Alix,Marchal,nathalie28@example.org,+33 7 69 23 30 19,$2b$12$mQ6apj9GU3G9UffHxkS/puCraoRkswp1UzVn3Sxg9/cvugxxDBH/W,student,2026-06-08 19:35:37.436825
543,Caroline,Fernandez,thomastraore@example.org,03 52 56 98 75,$2b$12$mQ6apj9GU3G9UffHxkS/puCraoRkswp1UzVn3Sxg9/cvugxxDBH/W,student,2026-06-08 19:35:37.436850
544,Jean,Renaud,olaporte@example.com,+33 6 88 36 47 20,$2b$12$mQ6apj9GU3G9UffHxkS/puCraoRkswp1UzVn3Sxg9/cvugxxDBH/W,student,2026-06-08 19:35:37.436873
545,Émile,Chevallier,aurore93@example.com,0638087192,$2b$12$mQ6apj9GU3G9UffHxkS/puCraoRkswp1UzVn3Sxg9/cvugxxDBH/W,student,2026-06-08 19:35:37.436896
546,Noël,Gérard,isabelleblot@example.net,03 89 12 29 94,$2b$12$mQ6apj9GU3G9UffHxkS/puCraoRkswp1UzVn3Sxg9/cvugxxDBH/W,student,2026-06-08 19:35:37.436919
547,Maggie,Lecomte,francoisbesnard@example.org,+33 (0)5 32 19 46 68,$2b$12$mQ6apj9GU3G9UffHxkS/puCraoRkswp1UzVn3Sxg9/cvugxxDBH/W,student,2026-06-08 19:35:37.436944
548,René,Gautier,lemaireaurelie@example.org,+33 (0)2 38 73 02 66,$2b$12$mQ6apj9GU3G9UffHxkS/puCraoRkswp1UzVn3Sxg9/cvugxxDBH/W,student,2026-06-08 19:35:37.436968
549,Inès,Grondin,bernard15@example.org,01 78 74 88 96,$2b$12$mQ6apj9GU3G9UffHxkS/puCraoRkswp1UzVn3Sxg9/cvugxxDBH/W,student,2026-06-08 19:35:37.436991
550,Zacharie,Humbert,martheaubert@example.net,04 22 72 45 38,$2b$12$mQ6apj9GU3G9UffHxkS/puCraoRkswp1UzVn3Sxg9/cvugxxDBH/W,student,2026-06-08 19:35:37.437015
551,Yves,Rivière,julieblin@example.com,+33 1 47 83 69 20,$2b$12$mQ6apj9GU3G9UffHxkS/puCraoRkswp1UzVn3Sxg9/cvugxxDBH/W,student,2026-06-08 19:35:37.437038
552,Renée,Louis,brigittefabre@example.com,+33 (0)2 49 01 54 52,$2b$12$mQ6apj9GU3G9UffHxkS/puCraoRkswp1UzVn3Sxg9/cvugxxDBH/W,student,2026-06-08 19:35:37.437062
553,Corinne,Moreau,patrick01@example.org,+33 2 49 64 32 41,$2b$12$mQ6apj9GU3G9UffHxkS/puCraoRkswp1UzVn3Sxg9/cvugxxDBH/W,student,2026-06-08 19:35:37.437084
554,Claire,Pinto,guilletmaggie@example.org,04 95 90 88 20,$2b$12$mQ6apj9GU3G9UffHxkS/puCraoRkswp1UzVn3Sxg9/cvugxxDBH/W,student,2026-06-08 19:35:37.437109
555,Valentine,Besnard,sblot@example.net,0594798123,$2b$12$mQ6apj9GU3G9UffHxkS/puCraoRkswp1UzVn3Sxg9/cvugxxDBH/W,student,2026-06-08 19:35:37.437131
556,Victoire,Lejeune,dorothee18@example.org,0475223747,$2b$12$mQ6apj9GU3G9UffHxkS/puCraoRkswp1UzVn3Sxg9/cvugxxDBH/W,student,2026-06-08 19:35:37.437154
557,Victor,Auger,lucele-goff@example.org,+33 (0)6 38 83 45 26,$2b$12$mQ6apj9GU3G9UffHxkS/puCraoRkswp1UzVn3Sxg9/cvugxxDBH/W,student,2026-06-08 19:35:37.437178
558,Thibaut,Camus,elise29@example.org,+33 5 94 24 77 59,$2b$12$mQ6apj9GU3G9UffHxkS/puCraoRkswp1UzVn3Sxg9/cvugxxDBH/W,student,2026-06-08 19:35:37.437201
559,Virginie,Lagarde,dklein@example.net,+33 (0)1 53 29 77 23,$2b$12$mQ6apj9GU3G9UffHxkS/puCraoRkswp1UzVn3Sxg9/cvugxxDBH/W,student,2026-06-08 19:35:37.437224
560,Isabelle,Le Roux,wpottier@example.org,0567441734,$2b$12$mQ6apj9GU3G9UffHxkS/puCraoRkswp1UzVn3Sxg9/cvugxxDBH/W,student,2026-06-08 19:35:37.437246
561,Véronique,Lacombe,xmartins@example.com,+33 (0)5 90 90 40 26,$2b$12$mQ6apj9GU3G9UffHxkS/puCraoRkswp1UzVn3Sxg9/cvugxxDBH/W,student,2026-06-08 19:35:37.437269
562,Susan,Besson,margot41@example.com,+33 3 21 05 84 90,$2b$12$mQ6apj9GU3G9UffHxkS/puCraoRkswp1UzVn3Sxg9/cvugxxDBH/W,student,2026-06-08 19:35:37.437292
563,Benoît,Gimenez,emile21@example.org,+33 (0)4 32 45 49 06,$2b$12$mQ6apj9GU3G9UffHxkS/puCraoRkswp1UzVn3Sxg9/cvugxxDBH/W,student,2026-06-08 19:35:37.437314
564,Luce,Dias,anais86@example.net,0145658017,$2b$12$mQ6apj9GU3G9UffHxkS/puCraoRkswp1UzVn3Sxg9/cvugxxDBH/W,student,2026-06-08 19:35:37.437337
565,Josette,Hardy,etienneantoinette@example.net,0479148898,$2b$12$mQ6apj9GU3G9UffHxkS/puCraoRkswp1UzVn3Sxg9/cvugxxDBH/W,student,2026-06-08 19:35:37.437361
566,Gilbert,Barre,susanne92@example.com,+33 (0)2 29 54 37 98,$2b$12$mQ6apj9GU3G9UffHxkS/puCraoRkswp1UzVn3Sxg9/cvugxxDBH/W,student,2026-06-08 19:35:37.437384
567,Juliette,Delorme,alexandre13@example.org,0176745531,$2b$12$mQ6apj9GU3G9UffHxkS/puCraoRkswp1UzVn3Sxg9/cvugxxDBH/W,student,2026-06-08 19:35:37.437406
568,Luc,Dumas,thierry99@example.org,+33 (0)5 64 40 55 71,$2b$12$mQ6apj9GU3G9UffHxkS/puCraoRkswp1UzVn3Sxg9/cvugxxDBH/W,student,2026-06-08 19:35:37.437429
569,Christine,Humbert,margaret48@example.com,04 38 96 96 26,$2b$12$mQ6apj9GU3G9UffHxkS/puCraoRkswp1UzVn3Sxg9/cvugxxDBH/W,student,2026-06-08 19:35:37.437451
570,Laurence,Bègue,suzannedaniel@example.com,0699781509,$2b$12$mQ6apj9GU3G9UffHxkS/puCraoRkswp1UzVn3Sxg9/cvugxxDBH/W,student,2026-06-08 19:35:37.437474
571,Olivie,Lopez,thierry54@example.net,0430416750,$2b$12$mQ6apj9GU3G9UffHxkS/puCraoRkswp1UzVn3Sxg9/cvugxxDBH/W,student,2026-06-08 19:35:37.437497
572,Aimé,Gautier,anastasieboyer@example.com,03 71 24 16 68,$2b$12$mQ6apj9GU3G9UffHxkS/puCraoRkswp1UzVn3Sxg9/cvugxxDBH/W,student,2026-06-08 19:35:37.437520
573,Martin,Da Costa,qgosselin@example.net,04 93 45 13 31,$2b$12$mQ6apj9GU3G9UffHxkS/puCraoRkswp1UzVn3Sxg9/cvugxxDBH/W,student,2026-06-08 19:35:37.437544
574,Émile,De Oliveira,paulettealbert@example.org,06 72 07 13 41,$2b$12$mQ6apj9GU3G9UffHxkS/puCraoRkswp1UzVn3Sxg9/cvugxxDBH/W,student,2026-06-08 19:35:37.437568
575,Joséphine,Lucas,dcolas@example.com,05 31 45 97 46,$2b$12$mQ6apj9GU3G9UffHxkS/puCraoRkswp1UzVn3Sxg9/cvugxxDBH/W,student,2026-06-08 19:35:37.437591
576,Victor,Riou,kfernandez@example.net,0339345547,$2b$12$mQ6apj9GU3G9UffHxkS/puCraoRkswp1UzVn3Sxg9/cvugxxDBH/W,student,2026-06-08 19:35:37.437613
577,Élisabeth,Robert,frederique16@example.com,01 46 66 08 05,$2b$12$mQ6apj9GU3G9UffHxkS/puCraoRkswp1UzVn3Sxg9/cvugxxDBH/W,student,2026-06-08 19:35:37.437637
578,Marthe,Rousseau,jboyer@example.org,+33 (0)3 54 32 04 64,$2b$12$mQ6apj9GU3G9UffHxkS/puCraoRkswp1UzVn3Sxg9/cvugxxDBH/W,student,2026-06-08 19:35:37.437659
579,Bernadette,Lacroix,legendrebrigitte@example.net,0567160685,$2b$12$mQ6apj9GU3G9UffHxkS/puCraoRkswp1UzVn3Sxg9/cvugxxDBH/W,student,2026-06-08 19:35:37.437683
580,Édith,Roussel,juliencousin@example.org,04 49 61 14 97,$2b$12$mQ6apj9GU3G9UffHxkS/puCraoRkswp1UzVn3Sxg9/cvugxxDBH/W,student,2026-06-08 19:35:37.437706
581,Léon,Lopez,tchauvin@example.com,0279998443,$2b$12$mQ6apj9GU3G9UffHxkS/puCraoRkswp1UzVn3Sxg9/cvugxxDBH/W,student,2026-06-08 19:35:37.437729
582,Anastasie,Dupont,baillyadelaide@example.net,0489257449,$2b$12$mQ6apj9GU3G9UffHxkS/puCraoRkswp1UzVn3Sxg9/cvugxxDBH/W,student,2026-06-08 19:35:37.437755
583,Julien,Rolland,iperret@example.net,+33 6 56 56 43 80,$2b$12$mQ6apj9GU3G9UffHxkS/puCraoRkswp1UzVn3Sxg9/cvugxxDBH/W,student,2026-06-08 19:35:37.437778
584,Alfred,Bouvier,blondelemmanuelle@example.org,+33 2 69 36 25 17,$2b$12$mQ6apj9GU3G9UffHxkS/puCraoRkswp1UzVn3Sxg9/cvugxxDBH/W,student,2026-06-08 19:35:37.437803
585,Thibault,Muller,zbesnard@example.net,+33 2 33 20 45 98,$2b$12$mQ6apj9GU3G9UffHxkS/puCraoRkswp1UzVn3Sxg9/cvugxxDBH/W,student,2026-06-08 19:35:37.437826
586,Sylvie,Julien,bperrot@example.org,0633312788,$2b$12$mQ6apj9GU3G9UffHxkS/puCraoRkswp1UzVn3Sxg9/cvugxxDBH/W,student,2026-06-08 19:35:37.437849
587,Anne,Allard,gillesbrunel@example.com,0357683513,$2b$12$mQ6apj9GU3G9UffHxkS/puCraoRkswp1UzVn3Sxg9/cvugxxDBH/W,student,2026-06-08 19:35:37.437872
588,Laurent,Maillot,arnaudebouvet@example.net,+33 (0)2 43 98 29 21,$2b$12$mQ6apj9GU3G9UffHxkS/puCraoRkswp1UzVn3Sxg9/cvugxxDBH/W,student,2026-06-08 19:35:37.437896
589,Roger,Vidal,emmanuel58@example.com,0634137335,$2b$12$mQ6apj9GU3G9UffHxkS/puCraoRkswp1UzVn3Sxg9/cvugxxDBH/W,student,2026-06-08 19:35:37.437919
590,Grégoire,Verdier,devrard@example.org,01 83 34 56 34,$2b$12$mQ6apj9GU3G9UffHxkS/puCraoRkswp1UzVn3Sxg9/cvugxxDBH/W,student,2026-06-08 19:35:37.437942
591,Christine,Humbert,kbarthelemy@example.com,+33 2 23 99 63 57,$2b$12$mQ6apj9GU3G9UffHxkS/puCraoRkswp1UzVn3Sxg9/cvugxxDBH/W,student,2026-06-08 19:35:37.437965
592,Rémy,Duval,victornoel@example.com,02 99 61 73 81,$2b$12$mQ6apj9GU3G9UffHxkS/puCraoRkswp1UzVn3Sxg9/cvugxxDBH/W,student,2026-06-08 19:35:37.438032
593,Louis,Joubert,margot52@example.net,03 22 37 84 88,$2b$12$mQ6apj9GU3G9UffHxkS/puCraoRkswp1UzVn3Sxg9/cvugxxDBH/W,student,2026-06-08 19:35:37.438106
594,Isabelle,Picard,carolinesauvage@example.net,+33 (0)2 90 82 19 41,$2b$12$mQ6apj9GU3G9UffHxkS/puCraoRkswp1UzVn3Sxg9/cvugxxDBH/W,student,2026-06-08 19:35:37.438146
595,Stéphane,Duhamel,massonetienne@example.org,01 42 64 39 53,$2b$12$mQ6apj9GU3G9UffHxkS/puCraoRkswp1UzVn3Sxg9/cvugxxDBH/W,student,2026-06-08 19:35:37.438180
596,André,Clément,upeltier@example.org,01 82 98 84 50,$2b$12$mQ6apj9GU3G9UffHxkS/puCraoRkswp1UzVn3Sxg9/cvugxxDBH/W,student,2026-06-08 19:35:37.438212
597,Gabrielle,Barthelemy,schneiderstephanie@example.net,+33 (0)2 38 89 61 39,$2b$12$mQ6apj9GU3G9UffHxkS/puCraoRkswp1UzVn3Sxg9/cvugxxDBH/W,student,2026-06-08 19:35:37.438244
598,Guillaume,Laroche,adeleolivier@example.com,03 83 86 65 37,$2b$12$mQ6apj9GU3G9UffHxkS/puCraoRkswp1UzVn3Sxg9/cvugxxDBH/W,student,2026-06-08 19:35:37.438274
599,Lucie,Traore,laurenceparis@example.org,+33 (0)2 79 25 11 94,$2b$12$mQ6apj9GU3G9UffHxkS/puCraoRkswp1UzVn3Sxg9/cvugxxDBH/W,student,2026-06-08 19:35:37.438300
600,Édouard,Labbé,bernard61@example.com,+33 (0)3 57 70 45 41,$2b$12$mQ6apj9GU3G9UffHxkS/puCraoRkswp1UzVn3Sxg9/cvugxxDBH/W,student,2026-06-08 19:35:37.438328
601,Caroline,Ferreira,veronique11@example.org,04 38 97 28 47,$2b$12$mQ6apj9GU3G9UffHxkS/puCraoRkswp1UzVn3Sxg9/cvugxxDBH/W,student,2026-06-08 19:35:37.438354
602,Luc,De Sousa,lagardelucie@example.com,0229317351,$2b$12$mQ6apj9GU3G9UffHxkS/puCraoRkswp1UzVn3Sxg9/cvugxxDBH/W,student,2026-06-08 19:35:37.438381
603,Charlotte,Salmon,zbonnin@example.org,0755427751,$2b$12$mQ6apj9GU3G9UffHxkS/puCraoRkswp1UzVn3Sxg9/cvugxxDBH/W,student,2026-06-08 19:35:37.438410
604,Anastasie,Martinez,colette82@example.net,01 83 39 55 33,$2b$12$mQ6apj9GU3G9UffHxkS/puCraoRkswp1UzVn3Sxg9/cvugxxDBH/W,student,2026-06-08 19:35:37.438435
605,Louise,Da Costa,susanne16@example.net,05 67 34 17 62,$2b$12$mQ6apj9GU3G9UffHxkS/puCraoRkswp1UzVn3Sxg9/cvugxxDBH/W,student,2026-06-08 19:35:37.438460
606,Margaux,Noël,thierrymaillard@example.com,0475914399,$2b$12$mQ6apj9GU3G9UffHxkS/puCraoRkswp1UzVn3Sxg9/cvugxxDBH/W,student,2026-06-08 19:35:37.438487
607,Josette,Legendre,jmercier@example.org,01 41 39 56 27,$2b$12$mQ6apj9GU3G9UffHxkS/puCraoRkswp1UzVn3Sxg9/cvugxxDBH/W,student,2026-06-08 19:35:37.438515
608,Frédérique,Lemaire,juliedias@example.com,+33 (0)6 56 16 13 35,$2b$12$mQ6apj9GU3G9UffHxkS/puCraoRkswp1UzVn3Sxg9/cvugxxDBH/W,student,2026-06-08 19:35:37.438544
609,Alphonse,Thibault,benjaminvincent@example.org,0477696972,$2b$12$mQ6apj9GU3G9UffHxkS/puCraoRkswp1UzVn3Sxg9/cvugxxDBH/W,student,2026-06-08 19:35:37.438574
610,Laure,Leroux,madam@example.net,+33 (0)5 40 41 56 78,$2b$12$mQ6apj9GU3G9UffHxkS/puCraoRkswp1UzVn3Sxg9/cvugxxDBH/W,student,2026-06-08 19:35:37.438599
611,Anne,Dumas,francois92@example.org,0384089399,$2b$12$mQ6apj9GU3G9UffHxkS/puCraoRkswp1UzVn3Sxg9/cvugxxDBH/W,student,2026-06-08 19:35:37.438685
612,Michel,Riou,pelletieradele@example.net,+33 7 36 78 08 71,$2b$12$mQ6apj9GU3G9UffHxkS/puCraoRkswp1UzVn3Sxg9/cvugxxDBH/W,student,2026-06-08 19:35:37.438730
613,Aimé,Foucher,renaultadele@example.com,+33 2 34 16 27 25,$2b$12$mQ6apj9GU3G9UffHxkS/puCraoRkswp1UzVn3Sxg9/cvugxxDBH/W,student,2026-06-08 19:35:37.438760
614,Élodie,Camus,alain71@example.org,+33 1 53 16 79 55,$2b$12$mQ6apj9GU3G9UffHxkS/puCraoRkswp1UzVn3Sxg9/cvugxxDBH/W,student,2026-06-08 19:35:37.438786
615,Franck,Mathieu,tvidal@example.net,+33 3 58 91 77 31,$2b$12$mQ6apj9GU3G9UffHxkS/puCraoRkswp1UzVn3Sxg9/cvugxxDBH/W,student,2026-06-08 19:35:37.438813
616,Benoît,Rossi,gjacquet@example.net,01 83 72 27 02,$2b$12$mQ6apj9GU3G9UffHxkS/puCraoRkswp1UzVn3Sxg9/cvugxxDBH/W,student,2026-06-08 19:35:37.438839
617,Andrée,Petit,pruvostnath@example.net,+33 (0)4 95 33 48 50,$2b$12$mQ6apj9GU3G9UffHxkS/puCraoRkswp1UzVn3Sxg9/cvugxxDBH/W,student,2026-06-08 19:35:37.438866
618,Anastasie,Lopez,berniergilles@example.net,0477759362,$2b$12$mQ6apj9GU3G9UffHxkS/puCraoRkswp1UzVn3Sxg9/cvugxxDBH/W,student,2026-06-08 19:35:37.438892
619,Honoré,Guilbert,andrelenoir@example.net,+33 (0)3 58 12 23 51,$2b$12$mQ6apj9GU3G9UffHxkS/puCraoRkswp1UzVn3Sxg9/cvugxxDBH/W,student,2026-06-08 19:35:37.438924
620,Thérèse,Aubert,cblin@example.org,0234022858,$2b$12$mQ6apj9GU3G9UffHxkS/puCraoRkswp1UzVn3Sxg9/cvugxxDBH/W,student,2026-06-08 19:35:37.438949
621,Charles,Paris,etienne08@example.org,0634899850,$2b$12$mQ6apj9GU3G9UffHxkS/puCraoRkswp1UzVn3Sxg9/cvugxxDBH/W,student,2026-06-08 19:35:37.438974
622,Margaret,Leblanc,jeanne45@example.net,+33 5 34 22 59 35,$2b$12$mQ6apj9GU3G9UffHxkS/puCraoRkswp1UzVn3Sxg9/cvugxxDBH/W,student,2026-06-08 19:35:37.438999
623,Benoît,Rodriguez,maurymarc@example.com,03 27 14 68 10,$2b$12$mQ6apj9GU3G9UffHxkS/puCraoRkswp1UzVn3Sxg9/cvugxxDBH/W,student,2026-06-08 19:35:37.439024
624,Anaïs,Laurent,georges04@example.net,04 58 51 45 66,$2b$12$mQ6apj9GU3G9UffHxkS/puCraoRkswp1UzVn3Sxg9/cvugxxDBH/W,student,2026-06-08 19:35:37.439049
625,Denise,Breton,rolandbruneau@example.org,+33 6 85 65 72 68,$2b$12$mQ6apj9GU3G9UffHxkS/puCraoRkswp1UzVn3Sxg9/cvugxxDBH/W,student,2026-06-08 19:35:37.439075
626,Anastasie,Chrétien,jgillet@example.org,02 57 77 16 56,$2b$12$mQ6apj9GU3G9UffHxkS/puCraoRkswp1UzVn3Sxg9/cvugxxDBH/W,student,2026-06-08 19:35:37.439101
627,Théodore,Costa,genevieve52@example.com,+33 (0)4 98 44 25 45,$2b$12$mQ6apj9GU3G9UffHxkS/puCraoRkswp1UzVn3Sxg9/cvugxxDBH/W,student,2026-06-08 19:35:37.439126
628,Tristan,Bouvier,henriette20@example.com,0559137351,$2b$12$mQ6apj9GU3G9UffHxkS/puCraoRkswp1UzVn3Sxg9/cvugxxDBH/W,student,2026-06-08 19:35:37.439151
629,Geneviève,Mace,kjacob@example.com,02 69 36 63 70,$2b$12$mQ6apj9GU3G9UffHxkS/puCraoRkswp1UzVn3Sxg9/cvugxxDBH/W,student,2026-06-08 19:35:37.439175
630,Simone,Bourgeois,francois38@example.com,+33 (0)4 71 55 91 63,$2b$12$mQ6apj9GU3G9UffHxkS/puCraoRkswp1UzVn3Sxg9/cvugxxDBH/W,student,2026-06-08 19:35:37.439200
631,Joséphine,Barthelemy,rene47@example.net,0299502618,$2b$12$mQ6apj9GU3G9UffHxkS/puCraoRkswp1UzVn3Sxg9/cvugxxDBH/W,student,2026-06-08 19:35:37.439224
632,Simone,Pinto,munozlaetitia@example.org,0373107531,$2b$12$mQ6apj9GU3G9UffHxkS/puCraoRkswp1UzVn3Sxg9/cvugxxDBH/W,student,2026-06-08 19:35:37.439253
633,Capucine,Adam,ribeiroemmanuel@example.com,+33 (0)5 40 88 70 72,$2b$12$mQ6apj9GU3G9UffHxkS/puCraoRkswp1UzVn3Sxg9/cvugxxDBH/W,student,2026-06-08 19:35:37.439279
634,David,Guillot,tcharpentier@example.net,02 23 47 76 65,$2b$12$mQ6apj9GU3G9UffHxkS/puCraoRkswp1UzVn3Sxg9/cvugxxDBH/W,student,2026-06-08 19:35:37.439303
635,Marc,Duhamel,pierremonnier@example.org,+33 (0)1 45 37 02 01,$2b$12$mQ6apj9GU3G9UffHxkS/puCraoRkswp1UzVn3Sxg9/cvugxxDBH/W,student,2026-06-08 19:35:37.439327
636,Maurice,Lebon,ponsjules@example.net,02 79 77 22 07,$2b$12$mQ6apj9GU3G9UffHxkS/puCraoRkswp1UzVn3Sxg9/cvugxxDBH/W,student,2026-06-08 19:35:37.439351
637,Éléonore,Michaud,blondelantoinette@example.com,+33 7 42 90 61 12,$2b$12$mQ6apj9GU3G9UffHxkS/puCraoRkswp1UzVn3Sxg9/cvugxxDBH/W,student,2026-06-08 19:35:37.439377
638,Auguste,Guillot,honorejourdan@example.net,03 44 26 76 18,$2b$12$mQ6apj9GU3G9UffHxkS/puCraoRkswp1UzVn3Sxg9/cvugxxDBH/W,student,2026-06-08 19:35:37.439402
639,Océane,Couturier,zmaurice@example.net,+33 6 61 17 09 75,$2b$12$mQ6apj9GU3G9UffHxkS/puCraoRkswp1UzVn3Sxg9/cvugxxDBH/W,student,2026-06-08 19:35:37.439425
640,Susan,Huet,ruizjulie@example.net,05 56 86 25 41,$2b$12$mQ6apj9GU3G9UffHxkS/puCraoRkswp1UzVn3Sxg9/cvugxxDBH/W,student,2026-06-08 19:35:37.439449
641,Sabine,Pons,laurentbenoit@example.com,01 82 07 43 02,$2b$12$mQ6apj9GU3G9UffHxkS/puCraoRkswp1UzVn3Sxg9/cvugxxDBH/W,student,2026-06-08 19:35:37.439474
642,Victor,Julien,martinedubois@example.net,0427539474,$2b$12$mQ6apj9GU3G9UffHxkS/puCraoRkswp1UzVn3Sxg9/cvugxxDBH/W,student,2026-06-08 19:35:37.439498
643,Manon,Dumont,gilletnath@example.com,0222040619,$2b$12$mQ6apj9GU3G9UffHxkS/puCraoRkswp1UzVn3Sxg9/cvugxxDBH/W,student,2026-06-08 19:35:37.439522
644,Hortense,Lecomte,francoisalex@example.net,05 17 55 66 84,$2b$12$mQ6apj9GU3G9UffHxkS/puCraoRkswp1UzVn3Sxg9/cvugxxDBH/W,student,2026-06-08 19:35:37.439547
645,Thierry,Gimenez,victoirebarre@example.net,02 76 43 63 94,$2b$12$mQ6apj9GU3G9UffHxkS/puCraoRkswp1UzVn3Sxg9/cvugxxDBH/W,student,2026-06-08 19:35:37.439571
646,Gabrielle,Lagarde,anais24@example.org,0590702961,$2b$12$mQ6apj9GU3G9UffHxkS/puCraoRkswp1UzVn3Sxg9/cvugxxDBH/W,student,2026-06-08 19:35:37.439594
647,Camille,Potier,zoecharrier@example.org,+33 (0)3 21 17 82 38,$2b$12$mQ6apj9GU3G9UffHxkS/puCraoRkswp1UzVn3Sxg9/cvugxxDBH/W,student,2026-06-08 19:35:37.439618
648,Margot,Toussaint,alicevalentin@example.org,+33 1 77 60 03 24,$2b$12$mQ6apj9GU3G9UffHxkS/puCraoRkswp1UzVn3Sxg9/cvugxxDBH/W,student,2026-06-08 19:35:37.439642
649,Sabine,Dijoux,bernardgilles@example.net,0488787825,$2b$12$mQ6apj9GU3G9UffHxkS/puCraoRkswp1UzVn3Sxg9/cvugxxDBH/W,student,2026-06-08 19:35:37.439666
650,Joséphine,Marion,agnes69@example.org,+33 3 80 79 72 57,$2b$12$mQ6apj9GU3G9UffHxkS/puCraoRkswp1UzVn3Sxg9/cvugxxDBH/W,student,2026-06-08 19:35:37.439689
651,Frédérique,Potier,dgillet@example.com,+33 1 64 38 74 03,$2b$12$mQ6apj9GU3G9UffHxkS/puCraoRkswp1UzVn3Sxg9/cvugxxDBH/W,student,2026-06-08 19:35:37.439712
652,Marc,Joubert,etiennecamille@example.com,01 49 98 81 87,$2b$12$mQ6apj9GU3G9UffHxkS/puCraoRkswp1UzVn3Sxg9/cvugxxDBH/W,student,2026-06-08 19:35:37.439736
653,Lucie,Perrier,langloismarguerite@example.org,+33 4 13 53 68 95,$2b$12$mQ6apj9GU3G9UffHxkS/puCraoRkswp1UzVn3Sxg9/cvugxxDBH/W,student,2026-06-08 19:35:37.439761
654,Alexandre,Dupont,theodore51@example.com,+33 4 66 16 86 69,$2b$12$mQ6apj9GU3G9UffHxkS/puCraoRkswp1UzVn3Sxg9/cvugxxDBH/W,student,2026-06-08 19:35:37.439784
655,Antoine,Rodrigues,martine05@example.org,04 98 13 18 20,$2b$12$mQ6apj9GU3G9UffHxkS/puCraoRkswp1UzVn3Sxg9/cvugxxDBH/W,student,2026-06-08 19:35:37.439807
656,Adrien,Jourdan,tjulien@example.org,06 85 53 61 22,$2b$12$mQ6apj9GU3G9UffHxkS/puCraoRkswp1UzVn3Sxg9/cvugxxDBH/W,student,2026-06-08 19:35:37.439830
657,Lorraine,Allain,zacharie58@example.com,+33 (0)4 86 76 10 43,$2b$12$mQ6apj9GU3G9UffHxkS/puCraoRkswp1UzVn3Sxg9/cvugxxDBH/W,student,2026-06-08 19:35:37.439853
658,Olivier,Vasseur,julien90@example.com,+33 (0)4 71 22 72 66,$2b$12$mQ6apj9GU3G9UffHxkS/puCraoRkswp1UzVn3Sxg9/cvugxxDBH/W,student,2026-06-08 19:35:37.439875
659,Nicolas,Valentin,boucherstephane@example.org,0636072274,$2b$12$mQ6apj9GU3G9UffHxkS/puCraoRkswp1UzVn3Sxg9/cvugxxDBH/W,student,2026-06-08 19:35:37.439900
660,Alexandria,Jacques,stephaniebrunel@example.com,+33 (0)2 40 27 73 70,$2b$12$mQ6apj9GU3G9UffHxkS/puCraoRkswp1UzVn3Sxg9/cvugxxDBH/W,student,2026-06-08 19:35:37.439925
661,Véronique,Fernandez,michele75@example.com,0422534226,$2b$12$mQ6apj9GU3G9UffHxkS/puCraoRkswp1UzVn3Sxg9/cvugxxDBH/W,student,2026-06-08 19:35:37.439948
662,Adélaïde,Peron,sebastienmary@example.net,+33 (0)2 52 43 75 69,$2b$12$mQ6apj9GU3G9UffHxkS/puCraoRkswp1UzVn3Sxg9/cvugxxDBH/W,student,2026-06-08 19:35:37.439972
663,Agnès,Lemonnier,leon51@example.org,06 33 51 89 87,$2b$12$mQ6apj9GU3G9UffHxkS/puCraoRkswp1UzVn3Sxg9/cvugxxDBH/W,student,2026-06-08 19:35:37.439995
664,Gilbert,Roche,ifleury@example.net,0554634382,$2b$12$mQ6apj9GU3G9UffHxkS/puCraoRkswp1UzVn3Sxg9/cvugxxDBH/W,student,2026-06-08 19:35:37.440018
665,Thérèse,Le Gall,christianebourdon@example.com,01 75 73 66 68,$2b$12$mQ6apj9GU3G9UffHxkS/puCraoRkswp1UzVn3Sxg9/cvugxxDBH/W,student,2026-06-08 19:35:37.440043
666,Gabrielle,Imbert,virginie80@example.net,02 19 99 23 09,$2b$12$mQ6apj9GU3G9UffHxkS/puCraoRkswp1UzVn3Sxg9/cvugxxDBH/W,student,2026-06-08 19:35:37.440066
667,Olivier,Rousset,bazintheophile@example.net,0355930970,$2b$12$mQ6apj9GU3G9UffHxkS/puCraoRkswp1UzVn3Sxg9/cvugxxDBH/W,student,2026-06-08 19:35:37.440090
668,Victor,Huet,victorreynaud@example.org,0178677094,$2b$12$mQ6apj9GU3G9UffHxkS/puCraoRkswp1UzVn3Sxg9/cvugxxDBH/W,student,2026-06-08 19:35:37.440114
669,Denise,Perez,victoiredelorme@example.com,+33 3 73 16 41 10,$2b$12$mQ6apj9GU3G9UffHxkS/puCraoRkswp1UzVn3Sxg9/cvugxxDBH/W,student,2026-06-08 19:35:37.440138
670,Lucas,Thomas,qgaudin@example.net,+33 (0)1 75 29 29 22,$2b$12$mQ6apj9GU3G9UffHxkS/puCraoRkswp1UzVn3Sxg9/cvugxxDBH/W,student,2026-06-08 19:35:37.440161
671,Olivier,Hamon,luc95@example.net,+33 4 69 85 84 02,$2b$12$mQ6apj9GU3G9UffHxkS/puCraoRkswp1UzVn3Sxg9/cvugxxDBH/W,student,2026-06-08 19:35:37.440184
672,Michelle,Georges,ilaporte@example.org,+33 (0)3 82 33 18 94,$2b$12$mQ6apj9GU3G9UffHxkS/puCraoRkswp1UzVn3Sxg9/cvugxxDBH/W,student,2026-06-08 19:35:37.440207
673,Gérard,Lagarde,lagardethibault@example.com,+33 (0)4 98 90 91 27,$2b$12$mQ6apj9GU3G9UffHxkS/puCraoRkswp1UzVn3Sxg9/cvugxxDBH/W,student,2026-06-08 19:35:37.440232
674,Andrée,Sanchez,pierrebenard@example.org,04 50 71 14 77,$2b$12$mQ6apj9GU3G9UffHxkS/puCraoRkswp1UzVn3Sxg9/cvugxxDBH/W,student,2026-06-08 19:35:37.440256
675,Pauline,Foucher,matthieucarpentier@example.com,+33 (0)3 22 10 22 16,$2b$12$mQ6apj9GU3G9UffHxkS/puCraoRkswp1UzVn3Sxg9/cvugxxDBH/W,student,2026-06-08 19:35:37.440281
676,Élisabeth,Lacombe,marechaljules@example.net,0490705055,$2b$12$mQ6apj9GU3G9UffHxkS/puCraoRkswp1UzVn3Sxg9/cvugxxDBH/W,student,2026-06-08 19:35:37.440305
677,Éléonore,Labbé,fgosselin@example.org,0472061685,$2b$12$mQ6apj9GU3G9UffHxkS/puCraoRkswp1UzVn3Sxg9/cvugxxDBH/W,student,2026-06-08 19:35:37.440328
678,Édith,Tanguy,dpichon@example.org,+33 (0)2 46 84 04 27,$2b$12$mQ6apj9GU3G9UffHxkS/puCraoRkswp1UzVn3Sxg9/cvugxxDBH/W,student,2026-06-08 19:35:37.440351
679,Aurélie,Mahe,bklein@example.org,+33 2 36 12 62 85,$2b$12$mQ6apj9GU3G9UffHxkS/puCraoRkswp1UzVn3Sxg9/cvugxxDBH/W,student,2026-06-08 19:35:37.440374
680,Lucy,Marques,rouxjulien@example.net,+33 6 35 19 19 50,$2b$12$mQ6apj9GU3G9UffHxkS/puCraoRkswp1UzVn3Sxg9/cvugxxDBH/W,student,2026-06-08 19:35:37.440398
681,Michelle,Becker,isabelle22@example.org,+33 (0)2 31 46 36 59,$2b$12$mQ6apj9GU3G9UffHxkS/puCraoRkswp1UzVn3Sxg9/cvugxxDBH/W,student,2026-06-08 19:35:37.440421
682,Édith,Pierre,perrieralexandrie@example.org,0240779744,$2b$12$mQ6apj9GU3G9UffHxkS/puCraoRkswp1UzVn3Sxg9/cvugxxDBH/W,student,2026-06-08 19:35:37.440445
683,Xavier,Delaunay,aubrymanon@example.org,0635340129,$2b$12$mQ6apj9GU3G9UffHxkS/puCraoRkswp1UzVn3Sxg9/cvugxxDBH/W,student,2026-06-08 19:35:37.440468
684,Alice,Boucher,agneslebreton@example.com,05 86 32 33 37,$2b$12$mQ6apj9GU3G9UffHxkS/puCraoRkswp1UzVn3Sxg9/cvugxxDBH/W,student,2026-06-08 19:35:37.440492
685,Antoine,Delattre,olivierperrin@example.net,+33 (0)7 82 12 58 77,$2b$12$mQ6apj9GU3G9UffHxkS/puCraoRkswp1UzVn3Sxg9/cvugxxDBH/W,student,2026-06-08 19:35:37.440517
686,Édith,Ollivier,hortense10@example.net,0508164578,$2b$12$mQ6apj9GU3G9UffHxkS/puCraoRkswp1UzVn3Sxg9/cvugxxDBH/W,student,2026-06-08 19:35:37.440540
687,Jérôme,Olivier,le-goffremy@example.com,0285270423,$2b$12$mQ6apj9GU3G9UffHxkS/puCraoRkswp1UzVn3Sxg9/cvugxxDBH/W,student,2026-06-08 19:35:37.440565
688,Frédéric,Gonzalez,paulpineau@example.com,+33 (0)4 13 23 85 30,$2b$12$mQ6apj9GU3G9UffHxkS/puCraoRkswp1UzVn3Sxg9/cvugxxDBH/W,student,2026-06-08 19:35:37.440589
689,Vincent,Dumont,guibertanouk@example.org,0144463462,$2b$12$mQ6apj9GU3G9UffHxkS/puCraoRkswp1UzVn3Sxg9/cvugxxDBH/W,student,2026-06-08 19:35:37.440612
690,Antoine,Barthelemy,slemonnier@example.net,+33 (0)5 08 33 31 74,$2b$12$mQ6apj9GU3G9UffHxkS/puCraoRkswp1UzVn3Sxg9/cvugxxDBH/W,student,2026-06-08 19:35:37.440635
691,Noémi,Seguin,martineguillot@example.net,0248253348,$2b$12$mQ6apj9GU3G9UffHxkS/puCraoRkswp1UzVn3Sxg9/cvugxxDBH/W,student,2026-06-08 19:35:37.440659
692,Xavier,Diaz,sophie78@example.org,0532391628,$2b$12$mQ6apj9GU3G9UffHxkS/puCraoRkswp1UzVn3Sxg9/cvugxxDBH/W,student,2026-06-08 19:35:37.440682
693,Geneviève,Brunet,verdiergilbert@example.net,0324418557,$2b$12$mQ6apj9GU3G9UffHxkS/puCraoRkswp1UzVn3Sxg9/cvugxxDBH/W,student,2026-06-08 19:35:37.440705
694,Marguerite,Sauvage,allardfrancois@example.org,06 38 91 83 60,$2b$12$mQ6apj9GU3G9UffHxkS/puCraoRkswp1UzVn3Sxg9/cvugxxDBH/W,student,2026-06-08 19:35:37.440729
695,Véronique,Guérin,rboucher@example.net,+33 4 68 11 84 73,$2b$12$mQ6apj9GU3G9UffHxkS/puCraoRkswp1UzVn3Sxg9/cvugxxDBH/W,student,2026-06-08 19:35:37.440753
696,Arthur,Boutin,emile93@example.org,02 45 52 10 66,$2b$12$mQ6apj9GU3G9UffHxkS/puCraoRkswp1UzVn3Sxg9/cvugxxDBH/W,student,2026-06-08 19:35:37.440776
697,Hélène,Carlier,paulette31@example.org,0508874620,$2b$12$mQ6apj9GU3G9UffHxkS/puCraoRkswp1UzVn3Sxg9/cvugxxDBH/W,student,2026-06-08 19:35:37.440802
698,Gabriel,Barre,philippinepinto@example.org,03 66 36 29 97,$2b$12$mQ6apj9GU3G9UffHxkS/puCraoRkswp1UzVn3Sxg9/cvugxxDBH/W,student,2026-06-08 19:35:37.440826
699,Laure,Gérard,elodie66@example.com,0233556115,$2b$12$mQ6apj9GU3G9UffHxkS/puCraoRkswp1UzVn3Sxg9/cvugxxDBH/W,student,2026-06-08 19:35:37.440849
700,Eugène,Lacroix,legrosagathe@example.net,04 50 24 20 71,$2b$12$mQ6apj9GU3G9UffHxkS/puCraoRkswp1UzVn3Sxg9/cvugxxDBH/W,student,2026-06-08 19:35:37.440873
701,Odette,Morin,lerouxchristine@example.org,0219021981,$2b$12$mQ6apj9GU3G9UffHxkS/puCraoRkswp1UzVn3Sxg9/cvugxxDBH/W,student,2026-06-08 19:35:37.440897
702,Laurent,Ferreira,isaacmary@example.net,+33 (0)2 41 75 43 60,$2b$12$mQ6apj9GU3G9UffHxkS/puCraoRkswp1UzVn3Sxg9/cvugxxDBH/W,student,2026-06-08 19:35:37.440921
703,Corinne,Lefort,jean85@example.org,04 80 87 03 99,$2b$12$mQ6apj9GU3G9UffHxkS/puCraoRkswp1UzVn3Sxg9/cvugxxDBH/W,student,2026-06-08 19:35:37.440944
704,Marine,Tanguy,frederic50@example.org,01 82 82 11 37,$2b$12$mQ6apj9GU3G9UffHxkS/puCraoRkswp1UzVn3Sxg9/cvugxxDBH/W,student,2026-06-08 19:35:37.440967
705,Pierre,Legendre,urobert@example.net,04 73 67 56 88,$2b$12$mQ6apj9GU3G9UffHxkS/puCraoRkswp1UzVn3Sxg9/cvugxxDBH/W,student,2026-06-08 19:35:37.440990
706,Gilbert,Petitjean,stephane04@example.net,+33 3 22 38 47 86,$2b$12$mQ6apj9GU3G9UffHxkS/puCraoRkswp1UzVn3Sxg9/cvugxxDBH/W,student,2026-06-08 19:35:37.441013
707,Michel,Renaud,genevievepayet@example.org,+33 (0)4 65 70 16 86,$2b$12$mQ6apj9GU3G9UffHxkS/puCraoRkswp1UzVn3Sxg9/cvugxxDBH/W,student,2026-06-08 19:35:37.441039
708,Margot,Guillaume,alice13@example.com,0636362813,$2b$12$mQ6apj9GU3G9UffHxkS/puCraoRkswp1UzVn3Sxg9/cvugxxDBH/W,student,2026-06-08 19:35:37.441063
709,Claudine,Étienne,reynaudhenriette@example.org,+33 6 53 66 83 00,$2b$12$mQ6apj9GU3G9UffHxkS/puCraoRkswp1UzVn3Sxg9/cvugxxDBH/W,student,2026-06-08 19:35:37.441088
710,Édouard,Martin,patriciaperez@example.com,+33 4 81 28 50 47,$2b$12$mQ6apj9GU3G9UffHxkS/puCraoRkswp1UzVn3Sxg9/cvugxxDBH/W,student,2026-06-08 19:35:37.441112
711,Emmanuelle,Ruiz,cbertin@example.net,04 30 00 10 41,$2b$12$mQ6apj9GU3G9UffHxkS/puCraoRkswp1UzVn3Sxg9/cvugxxDBH/W,student,2026-06-08 19:35:37.441135
712,Margot,Boulanger,poiriervirginie@example.net,0360036532,$2b$12$mQ6apj9GU3G9UffHxkS/puCraoRkswp1UzVn3Sxg9/cvugxxDBH/W,student,2026-06-08 19:35:37.441159
713,Hortense,Vidal,leclerchelene@example.org,0493314291,$2b$12$mQ6apj9GU3G9UffHxkS/puCraoRkswp1UzVn3Sxg9/cvugxxDBH/W,student,2026-06-08 19:35:37.441183
714,Martine,Dupré,rmasson@example.net,+33 3 27 02 48 73,$2b$12$mQ6apj9GU3G9UffHxkS/puCraoRkswp1UzVn3Sxg9/cvugxxDBH/W,student,2026-06-08 19:35:37.441205
715,Alain,Leleu,aurelie99@example.com,04 76 71 34 92,$2b$12$mQ6apj9GU3G9UffHxkS/puCraoRkswp1UzVn3Sxg9/cvugxxDBH/W,student,2026-06-08 19:35:37.441228
716,Joséphine,Peron,dijouxguillaume@example.org,+33 (0)6 35 29 02 53,$2b$12$mQ6apj9GU3G9UffHxkS/puCraoRkswp1UzVn3Sxg9/cvugxxDBH/W,student,2026-06-08 19:35:37.441252
717,Emmanuelle,Moreno,pde-oliveira@example.com,04 70 36 77 90,$2b$12$mQ6apj9GU3G9UffHxkS/puCraoRkswp1UzVn3Sxg9/cvugxxDBH/W,student,2026-06-08 19:35:37.441276
718,Amélie,Olivier,nathalie64@example.com,0483941522,$2b$12$mQ6apj9GU3G9UffHxkS/puCraoRkswp1UzVn3Sxg9/cvugxxDBH/W,student,2026-06-08 19:35:37.441299
719,Franck,Bodin,constancemartinez@example.com,+33 (0)7 78 96 07 47,$2b$12$mQ6apj9GU3G9UffHxkS/puCraoRkswp1UzVn3Sxg9/cvugxxDBH/W,student,2026-06-08 19:35:37.441324
720,Nathalie,Blin,wvalentin@example.org,0426817662,$2b$12$mQ6apj9GU3G9UffHxkS/puCraoRkswp1UzVn3Sxg9/cvugxxDBH/W,student,2026-06-08 19:35:37.441347
721,Luc,Hernandez,adriennelacombe@example.org,05 35 30 15 27,$2b$12$mQ6apj9GU3G9UffHxkS/puCraoRkswp1UzVn3Sxg9/cvugxxDBH/W,student,2026-06-08 19:35:37.441371
722,Paulette,Chrétien,vvidal@example.org,+33 2 34 04 64 29,$2b$12$mQ6apj9GU3G9UffHxkS/puCraoRkswp1UzVn3Sxg9/cvugxxDBH/W,student,2026-06-08 19:35:37.441394
723,Timothée,Lelièvre,alexbonneau@example.com,+33 5 65 15 34 49,$2b$12$mQ6apj9GU3G9UffHxkS/puCraoRkswp1UzVn3Sxg9/cvugxxDBH/W,student,2026-06-08 19:35:37.441417
724,Charlotte,Sanchez,bfoucher@example.org,03 53 85 45 68,$2b$12$mQ6apj9GU3G9UffHxkS/puCraoRkswp1UzVn3Sxg9/cvugxxDBH/W,student,2026-06-08 19:35:37.441440
725,Luce,Mercier,meyerchristiane@example.net,0172798435,$2b$12$mQ6apj9GU3G9UffHxkS/puCraoRkswp1UzVn3Sxg9/cvugxxDBH/W,student,2026-06-08 19:35:37.441464
726,Adrien,Payet,fouchermartin@example.org,+33 (0)5 65 38 45 51,$2b$12$mQ6apj9GU3G9UffHxkS/puCraoRkswp1UzVn3Sxg9/cvugxxDBH/W,student,2026-06-08 19:35:37.441488
727,Élise,Raymond,hortense70@example.org,0365322377,$2b$12$mQ6apj9GU3G9UffHxkS/puCraoRkswp1UzVn3Sxg9/cvugxxDBH/W,student,2026-06-08 19:35:37.441510
728,Maggie,Bousquet,sylvie89@example.com,+33 4 13 65 47 34,$2b$12$mQ6apj9GU3G9UffHxkS/puCraoRkswp1UzVn3Sxg9/cvugxxDBH/W,student,2026-06-08 19:35:37.441533
729,Frédéric,Gay,capucinepotier@example.org,0490645078,$2b$12$mQ6apj9GU3G9UffHxkS/puCraoRkswp1UzVn3Sxg9/cvugxxDBH/W,student,2026-06-08 19:35:37.441559
730,Rémy,Laroche,reynaudolivier@example.com,+33 (0)6 35 69 12 94,$2b$12$mQ6apj9GU3G9UffHxkS/puCraoRkswp1UzVn3Sxg9/cvugxxDBH/W,student,2026-06-08 19:35:37.441583
731,André,Rolland,gauthierchristiane@example.net,02 55 35 94 20,$2b$12$mQ6apj9GU3G9UffHxkS/puCraoRkswp1UzVn3Sxg9/cvugxxDBH/W,student,2026-06-08 19:35:37.441608
732,Michel,Pereira,lecontebernard@example.net,0634080043,$2b$12$mQ6apj9GU3G9UffHxkS/puCraoRkswp1UzVn3Sxg9/cvugxxDBH/W,student,2026-06-08 19:35:37.441631
733,Sylvie,Gomez,rfaure@example.com,0631775280,$2b$12$mQ6apj9GU3G9UffHxkS/puCraoRkswp1UzVn3Sxg9/cvugxxDBH/W,student,2026-06-08 19:35:37.441655
734,Nathalie,Gaudin,julie65@example.com,01 56 04 56 38,$2b$12$mQ6apj9GU3G9UffHxkS/puCraoRkswp1UzVn3Sxg9/cvugxxDBH/W,student,2026-06-08 19:35:37.441677
735,Margaret,Thierry,tjacob@example.net,+33 5 90 45 81 93,$2b$12$mQ6apj9GU3G9UffHxkS/puCraoRkswp1UzVn3Sxg9/cvugxxDBH/W,student,2026-06-08 19:35:37.441699
736,Frédérique,Hervé,virginie70@example.com,+33 (0)3 24 66 84 52,$2b$12$mQ6apj9GU3G9UffHxkS/puCraoRkswp1UzVn3Sxg9/cvugxxDBH/W,student,2026-06-08 19:35:37.441722
737,François,Caron,michelegomez@example.org,+33 (0)1 73 04 73 55,$2b$12$mQ6apj9GU3G9UffHxkS/puCraoRkswp1UzVn3Sxg9/cvugxxDBH/W,student,2026-06-08 19:35:37.441746
738,Diane,Lecomte,rgoncalves@example.com,02 56 94 17 77,$2b$12$mQ6apj9GU3G9UffHxkS/puCraoRkswp1UzVn3Sxg9/cvugxxDBH/W,student,2026-06-08 19:35:37.441769
739,Renée,Lamy,mauryclaire@example.com,+33 (0)3 22 46 01 22,$2b$12$mQ6apj9GU3G9UffHxkS/puCraoRkswp1UzVn3Sxg9/cvugxxDBH/W,student,2026-06-08 19:35:37.441793
740,Émile,Dupont,pierreschmitt@example.net,03 61 36 32 87,$2b$12$mQ6apj9GU3G9UffHxkS/puCraoRkswp1UzVn3Sxg9/cvugxxDBH/W,student,2026-06-08 19:35:37.441817
741,Camille,Legros,emmanuelvalentin@example.com,07 32 58 49 24,$2b$12$mQ6apj9GU3G9UffHxkS/puCraoRkswp1UzVn3Sxg9/cvugxxDBH/W,student,2026-06-08 19:35:37.441842
742,Astrid,Boulanger,alexandrepascal@example.net,0246697485,$2b$12$mQ6apj9GU3G9UffHxkS/puCraoRkswp1UzVn3Sxg9/cvugxxDBH/W,student,2026-06-08 19:35:37.441866
743,Marc,Étienne,jourdanedith@example.net,+33 3 65 72 69 22,$2b$12$mQ6apj9GU3G9UffHxkS/puCraoRkswp1UzVn3Sxg9/cvugxxDBH/W,student,2026-06-08 19:35:37.441890
744,Camille,Leconte,sylviemartins@example.net,+33 (0)2 14 23 80 11,$2b$12$mQ6apj9GU3G9UffHxkS/puCraoRkswp1UzVn3Sxg9/cvugxxDBH/W,student,2026-06-08 19:35:37.441914
745,Patrick,Mathieu,techerpaul@example.org,+33 2 35 88 92 37,$2b$12$mQ6apj9GU3G9UffHxkS/puCraoRkswp1UzVn3Sxg9/cvugxxDBH/W,student,2026-06-08 19:35:37.441937
746,Thibault,Brunel,celinadupuis@example.net,+33 (0)4 44 22 49 59,$2b$12$mQ6apj9GU3G9UffHxkS/puCraoRkswp1UzVn3Sxg9/cvugxxDBH/W,student,2026-06-08 19:35:37.441961
747,Anne,Lombard,morinsusan@example.net,+33 3 82 47 60 01,$2b$12$mQ6apj9GU3G9UffHxkS/puCraoRkswp1UzVn3Sxg9/cvugxxDBH/W,student,2026-06-08 19:35:37.441985
748,Audrey,Besson,ejean@example.org,+33 (0)5 31 17 46 04,$2b$12$mQ6apj9GU3G9UffHxkS/puCraoRkswp1UzVn3Sxg9/cvugxxDBH/W,student,2026-06-08 19:35:37.442008
749,Cécile,Rivière,maryse28@example.org,+33 (0)5 54 37 21 01,$2b$12$mQ6apj9GU3G9UffHxkS/puCraoRkswp1UzVn3Sxg9/cvugxxDBH/W,student,2026-06-08 19:35:37.442030
750,Christelle,Lopez,oriou@example.com,04 34 15 32 74,$2b$12$mQ6apj9GU3G9UffHxkS/puCraoRkswp1UzVn3Sxg9/cvugxxDBH/W,student,2026-06-08 19:35:37.442053
751,Richard,Allard,fvallee@example.org,0556367834,$2b$12$mQ6apj9GU3G9UffHxkS/puCraoRkswp1UzVn3Sxg9/cvugxxDBH/W,student,2026-06-08 19:35:37.442076
752,Henri,Sanchez,bertrand29@example.net,+33 (0)4 90 95 41 06,$2b$12$mQ6apj9GU3G9UffHxkS/puCraoRkswp1UzVn3Sxg9/cvugxxDBH/W,student,2026-06-08 19:35:37.442098
753,Laurence,Chauvet,kgrondin@example.com,0251573437,$2b$12$mQ6apj9GU3G9UffHxkS/puCraoRkswp1UzVn3Sxg9/cvugxxDBH/W,student,2026-06-08 19:35:37.442121
754,Nath,Peltier,capucine56@example.com,0636446115,$2b$12$mQ6apj9GU3G9UffHxkS/puCraoRkswp1UzVn3Sxg9/cvugxxDBH/W,student,2026-06-08 19:35:37.442143
755,Alexandrie,Hubert,slebon@example.net,+33 (0)2 58 93 12 59,$2b$12$mQ6apj9GU3G9UffHxkS/puCraoRkswp1UzVn3Sxg9/cvugxxDBH/W,student,2026-06-08 19:35:37.442166
756,Margaux,Fischer,laineeugene@example.org,+33 2 76 56 45 76,$2b$12$mQ6apj9GU3G9UffHxkS/puCraoRkswp1UzVn3Sxg9/cvugxxDBH/W,student,2026-06-08 19:35:37.442189
757,Alexandrie,Hervé,patrick41@example.org,04 15 73 12 20,$2b$12$mQ6apj9GU3G9UffHxkS/puCraoRkswp1UzVn3Sxg9/cvugxxDBH/W,student,2026-06-08 19:35:37.442212
758,Sylvie,Benoit,ymoreno@example.net,05 57 50 05 56,$2b$12$mQ6apj9GU3G9UffHxkS/puCraoRkswp1UzVn3Sxg9/cvugxxDBH/W,student,2026-06-08 19:35:37.442234
759,André,Girard,sebastienfischer@example.org,01 45 72 56 69,$2b$12$mQ6apj9GU3G9UffHxkS/puCraoRkswp1UzVn3Sxg9/cvugxxDBH/W,student,2026-06-08 19:35:37.442259
760,Audrey,Aubry,sophiemace@example.com,0323677554,$2b$12$mQ6apj9GU3G9UffHxkS/puCraoRkswp1UzVn3Sxg9/cvugxxDBH/W,student,2026-06-08 19:35:37.442282
761,Claudine,Guillou,bonnetmartin@example.com,+33 4 75 69 71 52,$2b$12$mQ6apj9GU3G9UffHxkS/puCraoRkswp1UzVn3Sxg9/cvugxxDBH/W,student,2026-06-08 19:35:37.442306
762,Édith,Dumont,josephine45@example.com,+33 1 78 70 05 97,$2b$12$mQ6apj9GU3G9UffHxkS/puCraoRkswp1UzVn3Sxg9/cvugxxDBH/W,student,2026-06-08 19:35:37.442332
763,Emmanuel,Dos Santos,fdubois@example.net,03 20 63 15 70,$2b$12$mQ6apj9GU3G9UffHxkS/puCraoRkswp1UzVn3Sxg9/cvugxxDBH/W,student,2026-06-08 19:35:37.442355
764,Gabriel,Arnaud,germainhortense@example.net,+33 2 49 66 98 21,$2b$12$mQ6apj9GU3G9UffHxkS/puCraoRkswp1UzVn3Sxg9/cvugxxDBH/W,student,2026-06-08 19:35:37.442379
765,Michel,Alexandre,pottiereugene@example.com,+33 (0)2 33 63 85 28,$2b$12$mQ6apj9GU3G9UffHxkS/puCraoRkswp1UzVn3Sxg9/cvugxxDBH/W,student,2026-06-08 19:35:37.442403
766,Julien,Robert,thomas67@example.org,0175798183,$2b$12$mQ6apj9GU3G9UffHxkS/puCraoRkswp1UzVn3Sxg9/cvugxxDBH/W,student,2026-06-08 19:35:37.442425
767,Louis,Allain,michaudpatrick@example.org,0657606069,$2b$12$mQ6apj9GU3G9UffHxkS/puCraoRkswp1UzVn3Sxg9/cvugxxDBH/W,student,2026-06-08 19:35:37.442452
768,François,Parent,bodintristan@example.org,+33 (0)5 94 49 56 37,$2b$12$mQ6apj9GU3G9UffHxkS/puCraoRkswp1UzVn3Sxg9/cvugxxDBH/W,student,2026-06-08 19:35:37.442476
769,Thierry,Teixeira,ruizisaac@example.org,+33 (0)4 22 28 51 61,$2b$12$mQ6apj9GU3G9UffHxkS/puCraoRkswp1UzVn3Sxg9/cvugxxDBH/W,student,2026-06-08 19:35:37.442499
770,Gilbert,Petitjean,guy67@example.org,02 22 05 17 32,$2b$12$mQ6apj9GU3G9UffHxkS/puCraoRkswp1UzVn3Sxg9/cvugxxDBH/W,student,2026-06-08 19:35:37.442521
771,Clémence,Lacombe,margauxmoreau@example.org,0325981505,$2b$12$mQ6apj9GU3G9UffHxkS/puCraoRkswp1UzVn3Sxg9/cvugxxDBH/W,student,2026-06-08 19:35:37.442545
772,Corinne,Pascal,moreljosephine@example.org,+33 2 48 18 88 38,$2b$12$mQ6apj9GU3G9UffHxkS/puCraoRkswp1UzVn3Sxg9/cvugxxDBH/W,student,2026-06-08 19:35:37.442568
773,Valérie,Leblanc,dominique55@example.org,+33 2 97 92 22 58,$2b$12$mQ6apj9GU3G9UffHxkS/puCraoRkswp1UzVn3Sxg9/cvugxxDBH/W,student,2026-06-08 19:35:37.442591
774,Marguerite,Blanc,david80@example.org,+33 (0)5 31 66 95 45,$2b$12$mQ6apj9GU3G9UffHxkS/puCraoRkswp1UzVn3Sxg9/cvugxxDBH/W,student,2026-06-08 19:35:37.442614
775,Franck,Bailly,theophile93@example.org,03 25 74 46 57,$2b$12$mQ6apj9GU3G9UffHxkS/puCraoRkswp1UzVn3Sxg9/cvugxxDBH/W,student,2026-06-08 19:35:37.442643
776,Laurence,Dubois,kbouvier@example.com,+33 (0)2 40 97 44 46,$2b$12$mQ6apj9GU3G9UffHxkS/puCraoRkswp1UzVn3Sxg9/cvugxxDBH/W,student,2026-06-08 19:35:37.442665
777,Danielle,Lefort,dos-santosnicole@example.com,+33 3 23 21 01 52,$2b$12$mQ6apj9GU3G9UffHxkS/puCraoRkswp1UzVn3Sxg9/cvugxxDBH/W,student,2026-06-08 19:35:37.442690
778,Inès,Lefebvre,suzannerichard@example.org,+33 5 45 55 67 24,$2b$12$mQ6apj9GU3G9UffHxkS/puCraoRkswp1UzVn3Sxg9/cvugxxDBH/W,student,2026-06-08 19:35:37.442714
779,Roger,Bailly,pauletteguyot@example.org,+33 4 93 17 05 39,$2b$12$mQ6apj9GU3G9UffHxkS/puCraoRkswp1UzVn3Sxg9/cvugxxDBH/W,student,2026-06-08 19:35:37.442738
780,Margaux,Gimenez,andree01@example.com,+33 5 49 65 55 05,$2b$12$mQ6apj9GU3G9UffHxkS/puCraoRkswp1UzVn3Sxg9/cvugxxDBH/W,student,2026-06-08 19:35:37.442761
781,Élodie,Petit,simonefernandez@example.org,02 78 50 52 02,$2b$12$mQ6apj9GU3G9UffHxkS/puCraoRkswp1UzVn3Sxg9/cvugxxDBH/W,student,2026-06-08 19:35:37.442785
782,Zoé,Blanchard,ribeiroanais@example.com,0456928714,$2b$12$mQ6apj9GU3G9UffHxkS/puCraoRkswp1UzVn3Sxg9/cvugxxDBH/W,student,2026-06-08 19:35:37.442809
783,Anouk,Hardy,andre76@example.com,06 01 72 63 55,$2b$12$mQ6apj9GU3G9UffHxkS/puCraoRkswp1UzVn3Sxg9/cvugxxDBH/W,student,2026-06-08 19:35:37.442832
784,Roger,Sanchez,loiseauauguste@example.com,+33 (0)1 43 04 93 95,$2b$12$mQ6apj9GU3G9UffHxkS/puCraoRkswp1UzVn3Sxg9/cvugxxDBH/W,student,2026-06-08 19:35:37.442856
785,Isabelle,Ledoux,bruneauelodie@example.org,+33 5 87 66 17 34,$2b$12$mQ6apj9GU3G9UffHxkS/puCraoRkswp1UzVn3Sxg9/cvugxxDBH/W,student,2026-06-08 19:35:37.442882
786,Henri,Denis,benoit96@example.net,0381503858,$2b$12$mQ6apj9GU3G9UffHxkS/puCraoRkswp1UzVn3Sxg9/cvugxxDBH/W,student,2026-06-08 19:35:37.442904
787,Suzanne,Fouquet,madeleine47@example.net,+33 5 40 50 55 19,$2b$12$mQ6apj9GU3G9UffHxkS/puCraoRkswp1UzVn3Sxg9/cvugxxDBH/W,student,2026-06-08 19:35:37.442927
788,Noël,Leconte,gaylucas@example.net,03 28 07 07 26,$2b$12$mQ6apj9GU3G9UffHxkS/puCraoRkswp1UzVn3Sxg9/cvugxxDBH/W,student,2026-06-08 19:35:37.442950
789,Audrey,Clerc,marinebruneau@example.com,0362249702,$2b$12$mQ6apj9GU3G9UffHxkS/puCraoRkswp1UzVn3Sxg9/cvugxxDBH/W,student,2026-06-08 19:35:37.442974
790,Michelle,Courtois,emile36@example.net,+33 1 79 00 47 44,$2b$12$mQ6apj9GU3G9UffHxkS/puCraoRkswp1UzVn3Sxg9/cvugxxDBH/W,student,2026-06-08 19:35:37.442996
791,Patricia,Joseph,marie98@example.net,+33 4 87 27 26 73,$2b$12$mQ6apj9GU3G9UffHxkS/puCraoRkswp1UzVn3Sxg9/cvugxxDBH/W,student,2026-06-08 19:35:37.443019
792,Joséphine,Didier,victorleroux@example.net,+33 (0)1 78 34 20 83,$2b$12$mQ6apj9GU3G9UffHxkS/puCraoRkswp1UzVn3Sxg9/cvugxxDBH/W,student,2026-06-08 19:35:37.443042
793,Michelle,Diallo,marytristan@example.org,0365549896,$2b$12$mQ6apj9GU3G9UffHxkS/puCraoRkswp1UzVn3Sxg9/cvugxxDBH/W,student,2026-06-08 19:35:37.443066
794,Henri,Perez,pascalagnes@example.net,+33 2 28 87 06 18,$2b$12$mQ6apj9GU3G9UffHxkS/puCraoRkswp1UzVn3Sxg9/cvugxxDBH/W,student,2026-06-08 19:35:37.443091
795,Raymond,Petit,gilleslefebvre@example.org,0276357587,$2b$12$mQ6apj9GU3G9UffHxkS/puCraoRkswp1UzVn3Sxg9/cvugxxDBH/W,student,2026-06-08 19:35:37.443115
796,Gilbert,Lemoine,benoitlucie@example.com,+33 3 84 99 97 19,$2b$12$mQ6apj9GU3G9UffHxkS/puCraoRkswp1UzVn3Sxg9/cvugxxDBH/W,student,2026-06-08 19:35:37.443139
797,Eugène,Georges,broy@example.org,03 52 83 30 55,$2b$12$mQ6apj9GU3G9UffHxkS/puCraoRkswp1UzVn3Sxg9/cvugxxDBH/W,student,2026-06-08 19:35:37.443162
798,Françoise,Roussel,jacquetmaurice@example.org,+33 (0)3 10 65 38 95,$2b$12$mQ6apj9GU3G9UffHxkS/puCraoRkswp1UzVn3Sxg9/cvugxxDBH/W,student,2026-06-08 19:35:37.443186
799,Danielle,Guillou,nathalierodrigues@example.org,+33 (0)1 83 39 96 04,$2b$12$mQ6apj9GU3G9UffHxkS/puCraoRkswp1UzVn3Sxg9/cvugxxDBH/W,student,2026-06-08 19:35:37.443210
800,Claudine,Perret,kschneider@example.net,+33 2 58 32 15 89,$2b$12$mQ6apj9GU3G9UffHxkS/puCraoRkswp1UzVn3Sxg9/cvugxxDBH/W,student,2026-06-08 19:35:37.443234
801,Michelle,Berger,bweber@example.com,02 14 37 23 19,$2b$12$mQ6apj9GU3G9UffHxkS/puCraoRkswp1UzVn3Sxg9/cvugxxDBH/W,student,2026-06-08 19:35:37.443256
802,Astrid,Ferrand,deschampsmonique@example.org,0188298950,$2b$12$mQ6apj9GU3G9UffHxkS/puCraoRkswp1UzVn3Sxg9/cvugxxDBH/W,student,2026-06-08 19:35:37.443280
803,Maurice,Monnier,pauline51@example.com,+33 (0)5 08 99 93 20,$2b$12$mQ6apj9GU3G9UffHxkS/puCraoRkswp1UzVn3Sxg9/cvugxxDBH/W,student,2026-06-08 19:35:37.443303
804,Maurice,Guibert,eleonore40@example.org,0476635192,$2b$12$mQ6apj9GU3G9UffHxkS/puCraoRkswp1UzVn3Sxg9/cvugxxDBH/W,student,2026-06-08 19:35:37.443326
805,Caroline,Fournier,margueritefrancois@example.net,+33 (0)1 44 13 66 61,$2b$12$mQ6apj9GU3G9UffHxkS/puCraoRkswp1UzVn3Sxg9/cvugxxDBH/W,student,2026-06-08 19:35:37.443352
806,Gilbert,Perrot,germainodette@example.net,+33 (0)3 58 27 35 61,$2b$12$mQ6apj9GU3G9UffHxkS/puCraoRkswp1UzVn3Sxg9/cvugxxDBH/W,student,2026-06-08 19:35:37.443376
807,Marc,Dufour,martinvincent@example.com,0299582678,$2b$12$mQ6apj9GU3G9UffHxkS/puCraoRkswp1UzVn3Sxg9/cvugxxDBH/W,student,2026-06-08 19:35:37.443400
808,Henriette,Guérin,marcellemartel@example.org,+33 3 52 18 56 41,$2b$12$mQ6apj9GU3G9UffHxkS/puCraoRkswp1UzVn3Sxg9/cvugxxDBH/W,student,2026-06-08 19:35:37.443424
809,Victor,Dupuy,lucas42@example.com,+33 (0)2 23 89 11 64,$2b$12$mQ6apj9GU3G9UffHxkS/puCraoRkswp1UzVn3Sxg9/cvugxxDBH/W,student,2026-06-08 19:35:37.443446
810,Christiane,Hoarau,paulettedevaux@example.org,+33 4 69 16 50 56,$2b$12$mQ6apj9GU3G9UffHxkS/puCraoRkswp1UzVn3Sxg9/cvugxxDBH/W,student,2026-06-08 19:35:37.443470
811,Aurélie,Schneider,ichauveau@example.net,0562790638,$2b$12$mQ6apj9GU3G9UffHxkS/puCraoRkswp1UzVn3Sxg9/cvugxxDBH/W,student,2026-06-08 19:35:37.443493
812,Dorothée,Carre,christophe06@example.com,08 07 11 30 67,$2b$12$mQ6apj9GU3G9UffHxkS/puCraoRkswp1UzVn3Sxg9/cvugxxDBH/W,student,2026-06-08 19:35:37.443516
813,Joseph,Giraud,pauletterobert@example.com,0438865289,$2b$12$mQ6apj9GU3G9UffHxkS/puCraoRkswp1UzVn3Sxg9/cvugxxDBH/W,student,2026-06-08 19:35:37.443540
814,Dorothée,Pelletier,marthe71@example.com,0376266788,$2b$12$mQ6apj9GU3G9UffHxkS/puCraoRkswp1UzVn3Sxg9/cvugxxDBH/W,student,2026-06-08 19:35:37.443562
815,Christiane,Peltier,louisemuller@example.com,+33 6 06 17 51 84,$2b$12$mQ6apj9GU3G9UffHxkS/puCraoRkswp1UzVn3Sxg9/cvugxxDBH/W,student,2026-06-08 19:35:37.443586
816,Thibault,Michaud,simonethibault@example.net,+33 2 31 05 43 66,$2b$12$mQ6apj9GU3G9UffHxkS/puCraoRkswp1UzVn3Sxg9/cvugxxDBH/W,student,2026-06-08 19:35:37.443610
817,Lucy,Bigot,julie77@example.com,+33 (0)1 76 95 64 10,$2b$12$mQ6apj9GU3G9UffHxkS/puCraoRkswp1UzVn3Sxg9/cvugxxDBH/W,student,2026-06-08 19:35:37.443632
818,Laurence,Weber,augusteguillaume@example.org,0519999712,$2b$12$mQ6apj9GU3G9UffHxkS/puCraoRkswp1UzVn3Sxg9/cvugxxDBH/W,student,2026-06-08 19:35:37.443656
819,Hugues,Perez,kledoux@example.com,+33 (0)3 28 88 24 84,$2b$12$mQ6apj9GU3G9UffHxkS/puCraoRkswp1UzVn3Sxg9/cvugxxDBH/W,student,2026-06-08 19:35:37.443679
820,Mathilde,Blondel,gillesdaniel@example.com,0536815052,$2b$12$mQ6apj9GU3G9UffHxkS/puCraoRkswp1UzVn3Sxg9/cvugxxDBH/W,student,2026-06-08 19:35:37.443702
821,Eugène,Rousseau,ytraore@example.com,04 63 99 48 29,$2b$12$mQ6apj9GU3G9UffHxkS/puCraoRkswp1UzVn3Sxg9/cvugxxDBH/W,student,2026-06-08 19:35:37.443725
822,Alex,Brunel,ftessier@example.net,0358498152,$2b$12$mQ6apj9GU3G9UffHxkS/puCraoRkswp1UzVn3Sxg9/cvugxxDBH/W,student,2026-06-08 19:35:37.443747
823,Lucie,Dupré,qdupre@example.net,+33 (0)2 14 84 04 99,$2b$12$mQ6apj9GU3G9UffHxkS/puCraoRkswp1UzVn3Sxg9/cvugxxDBH/W,student,2026-06-08 19:35:37.443770
824,Adrien,Perret,zacharie04@example.com,0246017272,$2b$12$mQ6apj9GU3G9UffHxkS/puCraoRkswp1UzVn3Sxg9/cvugxxDBH/W,student,2026-06-08 19:35:37.443793
825,Michelle,De Sousa,diallovirginie@example.net,0285827153,$2b$12$mQ6apj9GU3G9UffHxkS/puCraoRkswp1UzVn3Sxg9/cvugxxDBH/W,student,2026-06-08 19:35:37.443816
826,Georges,Rémy,uparis@example.com,+33 3 53 64 86 30,$2b$12$mQ6apj9GU3G9UffHxkS/puCraoRkswp1UzVn3Sxg9/cvugxxDBH/W,student,2026-06-08 19:35:37.443839
827,Dominique,Lemoine,cmarques@example.org,+33 5 19 46 47 29,$2b$12$mQ6apj9GU3G9UffHxkS/puCraoRkswp1UzVn3Sxg9/cvugxxDBH/W,student,2026-06-08 19:35:37.443865
828,Émilie,Jourdan,benardolivier@example.net,+33 (0)2 23 23 16 39,$2b$12$mQ6apj9GU3G9UffHxkS/puCraoRkswp1UzVn3Sxg9/cvugxxDBH/W,student,2026-06-08 19:35:37.443890
829,Zacharie,Morvan,susannegarcia@example.com,+33 (0)3 88 95 30 67,$2b$12$mQ6apj9GU3G9UffHxkS/puCraoRkswp1UzVn3Sxg9/cvugxxDBH/W,student,2026-06-08 19:35:37.443915
830,Laurence,Perrot,michel25@example.com,+33 (0)3 83 49 90 74,$2b$12$mQ6apj9GU3G9UffHxkS/puCraoRkswp1UzVn3Sxg9/cvugxxDBH/W,student,2026-06-08 19:35:37.443938
831,Thierry,Raynaud,madeleine32@example.com,0241768282,$2b$12$mQ6apj9GU3G9UffHxkS/puCraoRkswp1UzVn3Sxg9/cvugxxDBH/W,student,2026-06-08 19:35:37.443961
832,Nathalie,Blondel,blancandree@example.com,03 62 54 84 72,$2b$12$mQ6apj9GU3G9UffHxkS/puCraoRkswp1UzVn3Sxg9/cvugxxDBH/W,student,2026-06-08 19:35:37.443986
833,Astrid,Techer,marchalphilippine@example.org,07 96 35 36 45,$2b$12$mQ6apj9GU3G9UffHxkS/puCraoRkswp1UzVn3Sxg9/cvugxxDBH/W,student,2026-06-08 19:35:37.444011
834,Martine,Leblanc,godardnoel@example.org,+33 4 50 96 21 16,$2b$12$mQ6apj9GU3G9UffHxkS/puCraoRkswp1UzVn3Sxg9/cvugxxDBH/W,student,2026-06-08 19:35:37.444036
835,Noël,Richard,ubazin@example.com,0472529786,$2b$12$mQ6apj9GU3G9UffHxkS/puCraoRkswp1UzVn3Sxg9/cvugxxDBH/W,student,2026-06-08 19:35:37.444059
836,Adélaïde,Lebrun,simonedupuis@example.net,+33 (0)1 34 91 88 48,$2b$12$mQ6apj9GU3G9UffHxkS/puCraoRkswp1UzVn3Sxg9/cvugxxDBH/W,student,2026-06-08 19:35:37.444084
837,Alfred,Baron,jeanne01@example.org,+33 4 79 43 90 00,$2b$12$mQ6apj9GU3G9UffHxkS/puCraoRkswp1UzVn3Sxg9/cvugxxDBH/W,student,2026-06-08 19:35:37.444106
838,Constance,Hernandez,sophielecomte@example.com,06 32 30 76 89,$2b$12$mQ6apj9GU3G9UffHxkS/puCraoRkswp1UzVn3Sxg9/cvugxxDBH/W,student,2026-06-08 19:35:37.444130
839,Guillaume,Bruneau,astrid36@example.org,05 18 37 02 27,$2b$12$mQ6apj9GU3G9UffHxkS/puCraoRkswp1UzVn3Sxg9/cvugxxDBH/W,student,2026-06-08 19:35:37.444152
840,Pauline,Hubert,smarechal@example.org,04 42 07 33 25,$2b$12$mQ6apj9GU3G9UffHxkS/puCraoRkswp1UzVn3Sxg9/cvugxxDBH/W,student,2026-06-08 19:35:37.444175
841,Corinne,De Oliveira,ruizchristiane@example.org,+33 (0)3 64 49 38 16,$2b$12$mQ6apj9GU3G9UffHxkS/puCraoRkswp1UzVn3Sxg9/cvugxxDBH/W,student,2026-06-08 19:35:37.444199
842,Laurent,Martineau,fbrunel@example.com,0219669515,$2b$12$mQ6apj9GU3G9UffHxkS/puCraoRkswp1UzVn3Sxg9/cvugxxDBH/W,student,2026-06-08 19:35:37.444224
843,Guy,Imbert,antoine52@example.org,+33 3 82 10 32 67,$2b$12$mQ6apj9GU3G9UffHxkS/puCraoRkswp1UzVn3Sxg9/cvugxxDBH/W,student,2026-06-08 19:35:37.444247
844,Anouk,Petit,leon40@example.org,03 72 07 39 66,$2b$12$mQ6apj9GU3G9UffHxkS/puCraoRkswp1UzVn3Sxg9/cvugxxDBH/W,student,2026-06-08 19:35:37.444270
845,Marcelle,Hamon,margaudvaillant@example.net,+33 (0)4 56 51 02 17,$2b$12$mQ6apj9GU3G9UffHxkS/puCraoRkswp1UzVn3Sxg9/cvugxxDBH/W,student,2026-06-08 19:35:37.444295
846,Marcelle,Delattre,spasquier@example.net,03 25 13 54 13,$2b$12$mQ6apj9GU3G9UffHxkS/puCraoRkswp1UzVn3Sxg9/cvugxxDBH/W,student,2026-06-08 19:35:37.444318
847,Christine,Normand,ledouxguillaume@example.org,+33 (0)4 13 48 75 68,$2b$12$mQ6apj9GU3G9UffHxkS/puCraoRkswp1UzVn3Sxg9/cvugxxDBH/W,student,2026-06-08 19:35:37.444343
848,Adélaïde,Fabre,blondellucy@example.org,0177739605,$2b$12$mQ6apj9GU3G9UffHxkS/puCraoRkswp1UzVn3Sxg9/cvugxxDBH/W,student,2026-06-08 19:35:37.444367
849,Lucas,Giraud,delahayewilliam@example.net,+33 6 65 66 05 73,$2b$12$mQ6apj9GU3G9UffHxkS/puCraoRkswp1UzVn3Sxg9/cvugxxDBH/W,student,2026-06-08 19:35:37.444392
850,Gabrielle,Dupuis,alexblanc@example.com,+33 3 83 40 74 44,$2b$12$mQ6apj9GU3G9UffHxkS/puCraoRkswp1UzVn3Sxg9/cvugxxDBH/W,student,2026-06-08 19:35:37.444416
851,Laurence,Delorme,dlaunay@example.com,+33 6 23 94 46 61,$2b$12$mQ6apj9GU3G9UffHxkS/puCraoRkswp1UzVn3Sxg9/cvugxxDBH/W,student,2026-06-08 19:35:37.444439
852,André,Weber,lorrainehoareau@example.com,+33 3 28 22 74 94,$2b$12$mQ6apj9GU3G9UffHxkS/puCraoRkswp1UzVn3Sxg9/cvugxxDBH/W,student,2026-06-08 19:35:37.444463
853,Jeannine,Roy,lguilbert@example.org,06 37 91 82 81,$2b$12$mQ6apj9GU3G9UffHxkS/puCraoRkswp1UzVn3Sxg9/cvugxxDBH/W,student,2026-06-08 19:35:37.444488
854,Jacqueline,Martineau,frederiquelefebvre@example.com,0237965429,$2b$12$mQ6apj9GU3G9UffHxkS/puCraoRkswp1UzVn3Sxg9/cvugxxDBH/W,student,2026-06-08 19:35:37.444513
855,Jacqueline,Maillard,morelclaude@example.net,0371259393,$2b$12$mQ6apj9GU3G9UffHxkS/puCraoRkswp1UzVn3Sxg9/cvugxxDBH/W,student,2026-06-08 19:35:37.444545
856,Audrey,Goncalves,jeromecarpentier@example.com,+33 1 81 03 93 34,$2b$12$mQ6apj9GU3G9UffHxkS/puCraoRkswp1UzVn3Sxg9/cvugxxDBH/W,student,2026-06-08 19:35:37.444569
857,Cécile,Klein,rodriguezjoseph@example.org,+33 (0)3 26 75 02 23,$2b$12$mQ6apj9GU3G9UffHxkS/puCraoRkswp1UzVn3Sxg9/cvugxxDBH/W,student,2026-06-08 19:35:37.444593
858,Léon,Royer,jrenard@example.org,+33 3 90 49 47 00,$2b$12$mQ6apj9GU3G9UffHxkS/puCraoRkswp1UzVn3Sxg9/cvugxxDBH/W,student,2026-06-08 19:35:37.444616
859,Simone,Thierry,hugues92@example.net,+33 4 82 66 83 37,$2b$12$mQ6apj9GU3G9UffHxkS/puCraoRkswp1UzVn3Sxg9/cvugxxDBH/W,student,2026-06-08 19:35:37.444638
860,Louis,Devaux,lemonnierines@example.net,+33 3 62 12 28 38,$2b$12$mQ6apj9GU3G9UffHxkS/puCraoRkswp1UzVn3Sxg9/cvugxxDBH/W,student,2026-06-08 19:35:37.444662
861,Véronique,Diaz,olivie48@example.com,+33 (0)4 13 98 29 19,$2b$12$mQ6apj9GU3G9UffHxkS/puCraoRkswp1UzVn3Sxg9/cvugxxDBH/W,student,2026-06-08 19:35:37.444685
862,Tristan,Bousquet,alice44@example.org,03 71 47 86 46,$2b$12$mQ6apj9GU3G9UffHxkS/puCraoRkswp1UzVn3Sxg9/cvugxxDBH/W,student,2026-06-08 19:35:37.444709
863,Andrée,Rey,ydias@example.com,0497747784,$2b$12$mQ6apj9GU3G9UffHxkS/puCraoRkswp1UzVn3Sxg9/cvugxxDBH/W,student,2026-06-08 19:35:37.444731
864,Honoré,Louis,lorrainepeltier@example.net,+33 (0)4 90 08 50 26,$2b$12$mQ6apj9GU3G9UffHxkS/puCraoRkswp1UzVn3Sxg9/cvugxxDBH/W,student,2026-06-08 19:35:37.444755
865,Monique,Richard,cbarthelemy@example.net,0182812619,$2b$12$mQ6apj9GU3G9UffHxkS/puCraoRkswp1UzVn3Sxg9/cvugxxDBH/W,student,2026-06-08 19:35:37.444778
866,Anaïs,Camus,honoreaubert@example.com,04 37 78 08 57,$2b$12$mQ6apj9GU3G9UffHxkS/puCraoRkswp1UzVn3Sxg9/cvugxxDBH/W,student,2026-06-08 19:35:37.444802
867,Guillaume,Martins,tbonneau@example.com,0354163267,$2b$12$mQ6apj9GU3G9UffHxkS/puCraoRkswp1UzVn3Sxg9/cvugxxDBH/W,student,2026-06-08 19:35:37.444824
868,Alain,Seguin,pierre59@example.org,0175048225,$2b$12$mQ6apj9GU3G9UffHxkS/puCraoRkswp1UzVn3Sxg9/cvugxxDBH/W,student,2026-06-08 19:35:37.444846
869,Alex,Bousquet,ceciledufour@example.org,+33 (0)2 34 30 58 04,$2b$12$mQ6apj9GU3G9UffHxkS/puCraoRkswp1UzVn3Sxg9/cvugxxDBH/W,student,2026-06-08 19:35:37.444870
870,Noël,Lefebvre,laurentferreira@example.com,+33 (0)5 33 27 12 99,$2b$12$mQ6apj9GU3G9UffHxkS/puCraoRkswp1UzVn3Sxg9/cvugxxDBH/W,student,2026-06-08 19:35:37.444894
871,Colette,Foucher,celine95@example.org,0625498389,$2b$12$mQ6apj9GU3G9UffHxkS/puCraoRkswp1UzVn3Sxg9/cvugxxDBH/W,student,2026-06-08 19:35:37.444918
872,Claire,Germain,philippearnaud@example.net,+33 (0)3 44 16 44 94,$2b$12$mQ6apj9GU3G9UffHxkS/puCraoRkswp1UzVn3Sxg9/cvugxxDBH/W,student,2026-06-08 19:35:37.444941
873,Geneviève,Valentin,ocharles@example.org,+33 (0)1 44 08 45 51,$2b$12$mQ6apj9GU3G9UffHxkS/puCraoRkswp1UzVn3Sxg9/cvugxxDBH/W,student,2026-06-08 19:35:37.444964
874,Audrey,Delmas,jeannine20@example.org,+33 (0)3 83 97 59 79,$2b$12$mQ6apj9GU3G9UffHxkS/puCraoRkswp1UzVn3Sxg9/cvugxxDBH/W,student,2026-06-08 19:35:37.444986
875,Madeleine,Wagner,imberthortense@example.org,0532115712,$2b$12$mQ6apj9GU3G9UffHxkS/puCraoRkswp1UzVn3Sxg9/cvugxxDBH/W,student,2026-06-08 19:35:37.445010
876,Martine,Grenier,wbertin@example.com,05 45 64 42 67,$2b$12$mQ6apj9GU3G9UffHxkS/puCraoRkswp1UzVn3Sxg9/cvugxxDBH/W,student,2026-06-08 19:35:37.445032
877,Christophe,Vidal,theophile66@example.org,+33 (0)2 96 95 01 50,$2b$12$mQ6apj9GU3G9UffHxkS/puCraoRkswp1UzVn3Sxg9/cvugxxDBH/W,student,2026-06-08 19:35:37.445055
878,Claire,Bonneau,margot14@example.net,+33 6 33 08 49 14,$2b$12$mQ6apj9GU3G9UffHxkS/puCraoRkswp1UzVn3Sxg9/cvugxxDBH/W,student,2026-06-08 19:35:37.445077
879,Adrien,Marion,bramos@example.org,02 57 92 40 77,$2b$12$mQ6apj9GU3G9UffHxkS/puCraoRkswp1UzVn3Sxg9/cvugxxDBH/W,student,2026-06-08 19:35:37.445099
880,Thibault,Girard,oceanedupont@example.net,+33 (0)3 44 64 85 33,$2b$12$mQ6apj9GU3G9UffHxkS/puCraoRkswp1UzVn3Sxg9/cvugxxDBH/W,student,2026-06-08 19:35:37.445123
881,Eugène,Gimenez,gerardadrienne@example.net,04 22 79 68 64,$2b$12$mQ6apj9GU3G9UffHxkS/puCraoRkswp1UzVn3Sxg9/cvugxxDBH/W,student,2026-06-08 19:35:37.445147
882,Arnaude,Carlier,marc02@example.org,04 37 27 09 62,$2b$12$mQ6apj9GU3G9UffHxkS/puCraoRkswp1UzVn3Sxg9/cvugxxDBH/W,student,2026-06-08 19:35:37.445169
883,Philippe,Barbe,aimee79@example.net,+33 (0)2 14 26 20 08,$2b$12$mQ6apj9GU3G9UffHxkS/puCraoRkswp1UzVn3Sxg9/cvugxxDBH/W,student,2026-06-08 19:35:37.445192
884,Véronique,Maillet,margueritelemaitre@example.net,+33 4 65 53 40 23,$2b$12$mQ6apj9GU3G9UffHxkS/puCraoRkswp1UzVn3Sxg9/cvugxxDBH/W,student,2026-06-08 19:35:37.445217
885,Antoinette,Legros,gautierchristine@example.org,0370066869,$2b$12$mQ6apj9GU3G9UffHxkS/puCraoRkswp1UzVn3Sxg9/cvugxxDBH/W,student,2026-06-08 19:35:37.445241
886,Noël,Lacroix,margauxremy@example.org,+33 2 46 99 78 11,$2b$12$mQ6apj9GU3G9UffHxkS/puCraoRkswp1UzVn3Sxg9/cvugxxDBH/W,student,2026-06-08 19:35:37.445265
887,Matthieu,Laine,poirierhelene@example.org,+33 (0)3 83 66 24 32,$2b$12$mQ6apj9GU3G9UffHxkS/puCraoRkswp1UzVn3Sxg9/cvugxxDBH/W,student,2026-06-08 19:35:37.445289
888,Suzanne,Moreno,fde-oliveira@example.net,0237209906,$2b$12$mQ6apj9GU3G9UffHxkS/puCraoRkswp1UzVn3Sxg9/cvugxxDBH/W,student,2026-06-08 19:35:37.445313
889,Benjamin,Devaux,rouxlaetitia@example.net,01 74 32 82 55,$2b$12$mQ6apj9GU3G9UffHxkS/puCraoRkswp1UzVn3Sxg9/cvugxxDBH/W,student,2026-06-08 19:35:37.445336
890,Astrid,Clerc,clercnicolas@example.net,03 20 64 55 87,$2b$12$mQ6apj9GU3G9UffHxkS/puCraoRkswp1UzVn3Sxg9/cvugxxDBH/W,student,2026-06-08 19:35:37.445360
891,Audrey,Maurice,torresleon@example.org,05 49 33 12 81,$2b$12$mQ6apj9GU3G9UffHxkS/puCraoRkswp1UzVn3Sxg9/cvugxxDBH/W,student,2026-06-08 19:35:37.445383
892,Thierry,Renard,slacroix@example.net,0246441411,$2b$12$mQ6apj9GU3G9UffHxkS/puCraoRkswp1UzVn3Sxg9/cvugxxDBH/W,student,2026-06-08 19:35:37.445406
893,Charlotte,Berthelot,blecoq@example.com,02 46 09 20 42,$2b$12$mQ6apj9GU3G9UffHxkS/puCraoRkswp1UzVn3Sxg9/cvugxxDBH/W,student,2026-06-08 19:35:37.445429
894,Alix,Caron,flebon@example.org,0219895255,$2b$12$mQ6apj9GU3G9UffHxkS/puCraoRkswp1UzVn3Sxg9/cvugxxDBH/W,student,2026-06-08 19:35:37.445451
895,Élisabeth,Coste,laurentchevalier@example.org,+33 3 75 75 39 56,$2b$12$mQ6apj9GU3G9UffHxkS/puCraoRkswp1UzVn3Sxg9/cvugxxDBH/W,student,2026-06-08 19:35:37.445475
896,Monique,Hamon,paulmarianne@example.com,+33 (0)1 83 01 02 22,$2b$12$mQ6apj9GU3G9UffHxkS/puCraoRkswp1UzVn3Sxg9/cvugxxDBH/W,student,2026-06-08 19:35:37.445498
897,Hélène,Martin,valentinaurore@example.net,+33 (0)2 96 00 84 52,$2b$12$mQ6apj9GU3G9UffHxkS/puCraoRkswp1UzVn3Sxg9/cvugxxDBH/W,student,2026-06-08 19:35:37.445522
898,Audrey,Gilbert,danielramos@example.net,04 49 42 98 81,$2b$12$mQ6apj9GU3G9UffHxkS/puCraoRkswp1UzVn3Sxg9/cvugxxDBH/W,student,2026-06-08 19:35:37.445546
899,Nicolas,Clément,margarethuet@example.org,02 47 71 53 65,$2b$12$mQ6apj9GU3G9UffHxkS/puCraoRkswp1UzVn3Sxg9/cvugxxDBH/W,student,2026-06-08 19:35:37.445570
900,Martine,Pelletier,noel64@example.com,+33 3 44 57 85 64,$2b$12$mQ6apj9GU3G9UffHxkS/puCraoRkswp1UzVn3Sxg9/cvugxxDBH/W,student,2026-06-08 19:35:37.445593
901,Alix,Grondin,dleleu@example.com,06 95 83 06 56,$2b$12$mQ6apj9GU3G9UffHxkS/puCraoRkswp1UzVn3Sxg9/cvugxxDBH/W,student,2026-06-08 19:35:37.445615
902,Thierry,Morel,leducaime@example.net,+33 (0)5 56 28 12 66,$2b$12$mQ6apj9GU3G9UffHxkS/puCraoRkswp1UzVn3Sxg9/cvugxxDBH/W,student,2026-06-08 19:35:37.445639
903,Monique,Fleury,pineauemile@example.org,05 16 09 32 88,$2b$12$mQ6apj9GU3G9UffHxkS/puCraoRkswp1UzVn3Sxg9/cvugxxDBH/W,student,2026-06-08 19:35:37.445662
904,Zacharie,Merle,pagesdominique@example.com,+33 1 58 20 31 44,$2b$12$mQ6apj9GU3G9UffHxkS/puCraoRkswp1UzVn3Sxg9/cvugxxDBH/W,student,2026-06-08 19:35:37.445686
905,Yves,Lenoir,pintosylvie@example.com,0466055531,$2b$12$mQ6apj9GU3G9UffHxkS/puCraoRkswp1UzVn3Sxg9/cvugxxDBH/W,student,2026-06-08 19:35:37.445710
906,Thomas,Jacquet,kboulanger@example.com,+33 1 49 84 45 21,$2b$12$mQ6apj9GU3G9UffHxkS/puCraoRkswp1UzVn3Sxg9/cvugxxDBH/W,student,2026-06-08 19:35:37.445733
907,Gilbert,Barthelemy,lamygerard@example.com,+33 3 83 64 33 52,$2b$12$mQ6apj9GU3G9UffHxkS/puCraoRkswp1UzVn3Sxg9/cvugxxDBH/W,student,2026-06-08 19:35:37.445757
908,Brigitte,Delahaye,kvalette@example.org,+33 3 59 90 66 43,$2b$12$mQ6apj9GU3G9UffHxkS/puCraoRkswp1UzVn3Sxg9/cvugxxDBH/W,student,2026-06-08 19:35:37.445779
909,Éléonore,Georges,devauxagnes@example.com,0476592013,$2b$12$mQ6apj9GU3G9UffHxkS/puCraoRkswp1UzVn3Sxg9/cvugxxDBH/W,student,2026-06-08 19:35:37.445803
910,Joseph,Carlier,royereleonore@example.net,0372236033,$2b$12$mQ6apj9GU3G9UffHxkS/puCraoRkswp1UzVn3Sxg9/cvugxxDBH/W,student,2026-06-08 19:35:37.445826
911,Pierre,Lemoine,qroger@example.net,+33 (0)2 32 64 17 69,$2b$12$mQ6apj9GU3G9UffHxkS/puCraoRkswp1UzVn3Sxg9/cvugxxDBH/W,student,2026-06-08 19:35:37.445850
912,Christophe,Gilbert,bernardpetitjean@example.com,+33 (0)6 98 26 27 67,$2b$12$mQ6apj9GU3G9UffHxkS/puCraoRkswp1UzVn3Sxg9/cvugxxDBH/W,student,2026-06-08 19:35:37.445874
913,Christine,Lévêque,jleroy@example.net,0579393251,$2b$12$mQ6apj9GU3G9UffHxkS/puCraoRkswp1UzVn3Sxg9/cvugxxDBH/W,student,2026-06-08 19:35:37.445897
914,Pauline,Leroy,rdevaux@example.net,+33 (0)3 60 25 75 78,$2b$12$mQ6apj9GU3G9UffHxkS/puCraoRkswp1UzVn3Sxg9/cvugxxDBH/W,student,2026-06-08 19:35:37.445920
915,Alice,Camus,petitjeanfranck@example.net,+33 (0)4 22 10 73 84,$2b$12$mQ6apj9GU3G9UffHxkS/puCraoRkswp1UzVn3Sxg9/cvugxxDBH/W,student,2026-06-08 19:35:37.445944
916,Marguerite,Julien,michellepicard@example.org,+33 1 81 79 66 98,$2b$12$mQ6apj9GU3G9UffHxkS/puCraoRkswp1UzVn3Sxg9/cvugxxDBH/W,student,2026-06-08 19:35:37.445967
917,Camille,Camus,evrardarthur@example.net,0442319763,$2b$12$mQ6apj9GU3G9UffHxkS/puCraoRkswp1UzVn3Sxg9/cvugxxDBH/W,student,2026-06-08 19:35:37.445991
918,Michelle,De Sousa,emmanuelbouvier@example.com,0586183021,$2b$12$mQ6apj9GU3G9UffHxkS/puCraoRkswp1UzVn3Sxg9/cvugxxDBH/W,student,2026-06-08 19:35:37.446015
919,Gabriel,Brun,jolypatrick@example.net,02 19 31 86 93,$2b$12$mQ6apj9GU3G9UffHxkS/puCraoRkswp1UzVn3Sxg9/cvugxxDBH/W,student,2026-06-08 19:35:37.446038
920,Françoise,Lemaître,eimbert@example.com,+33 (0)4 87 19 71 90,$2b$12$mQ6apj9GU3G9UffHxkS/puCraoRkswp1UzVn3Sxg9/cvugxxDBH/W,student,2026-06-08 19:35:37.446060
921,Émilie,Weber,fvalette@example.net,+33 (0)3 70 81 36 21,$2b$12$mQ6apj9GU3G9UffHxkS/puCraoRkswp1UzVn3Sxg9/cvugxxDBH/W,student,2026-06-08 19:35:37.446083
922,Louise,Lévêque,charlottehoarau@example.org,04 65 49 91 14,$2b$12$mQ6apj9GU3G9UffHxkS/puCraoRkswp1UzVn3Sxg9/cvugxxDBH/W,student,2026-06-08 19:35:37.446107
923,Noémi,Guillot,wnavarro@example.net,+33 2 69 01 95 97,$2b$12$mQ6apj9GU3G9UffHxkS/puCraoRkswp1UzVn3Sxg9/cvugxxDBH/W,student,2026-06-08 19:35:37.446130
924,Denise,Masse,alphonse49@example.net,0320970864,$2b$12$mQ6apj9GU3G9UffHxkS/puCraoRkswp1UzVn3Sxg9/cvugxxDBH/W,student,2026-06-08 19:35:37.446152
925,Nathalie,Marion,oroger@example.net,+33 3 69 25 40 91,$2b$12$mQ6apj9GU3G9UffHxkS/puCraoRkswp1UzVn3Sxg9/cvugxxDBH/W,student,2026-06-08 19:35:37.446178
926,Auguste,Laine,fredericpaul@example.com,0561695619,$2b$12$mQ6apj9GU3G9UffHxkS/puCraoRkswp1UzVn3Sxg9/cvugxxDBH/W,student,2026-06-08 19:35:37.446202
927,Alexandria,Toussaint,barrecolette@example.com,+33 6 09 40 37 26,$2b$12$mQ6apj9GU3G9UffHxkS/puCraoRkswp1UzVn3Sxg9/cvugxxDBH/W,student,2026-06-08 19:35:37.446227
928,Laurent,Jean,rroux@example.org,0466022611,$2b$12$mQ6apj9GU3G9UffHxkS/puCraoRkswp1UzVn3Sxg9/cvugxxDBH/W,student,2026-06-08 19:35:37.446250
929,Alphonse,Gimenez,alaindupont@example.org,+33 (0)7 84 75 07 41,$2b$12$mQ6apj9GU3G9UffHxkS/puCraoRkswp1UzVn3Sxg9/cvugxxDBH/W,student,2026-06-08 19:35:37.446273
930,Éléonore,Cousin,meyerrichard@example.net,0490151404,$2b$12$mQ6apj9GU3G9UffHxkS/puCraoRkswp1UzVn3Sxg9/cvugxxDBH/W,student,2026-06-08 19:35:37.446297
931,Henriette,Cousin,mmartel@example.org,+33 (0)4 93 09 33 00,$2b$12$mQ6apj9GU3G9UffHxkS/puCraoRkswp1UzVn3Sxg9/cvugxxDBH/W,student,2026-06-08 19:35:37.446321
932,Adrienne,Perret,tristan78@example.org,+33 (0)3 79 54 03 86,$2b$12$mQ6apj9GU3G9UffHxkS/puCraoRkswp1UzVn3Sxg9/cvugxxDBH/W,student,2026-06-08 19:35:37.446345
933,Célina,Godard,meuniermargot@example.net,+33 (0)4 79 73 59 58,$2b$12$mQ6apj9GU3G9UffHxkS/puCraoRkswp1UzVn3Sxg9/cvugxxDBH/W,student,2026-06-08 19:35:37.446369
934,Margaud,Deschamps,leducphilippine@example.com,+33 (0)2 69 48 93 93,$2b$12$mQ6apj9GU3G9UffHxkS/puCraoRkswp1UzVn3Sxg9/cvugxxDBH/W,student,2026-06-08 19:35:37.446392
935,Dominique,Chauveau,rjacquot@example.com,02 14 43 17 19,$2b$12$mQ6apj9GU3G9UffHxkS/puCraoRkswp1UzVn3Sxg9/cvugxxDBH/W,student,2026-06-08 19:35:37.446415
936,Zoé,Bourgeois,brigitte30@example.com,0353345584,$2b$12$mQ6apj9GU3G9UffHxkS/puCraoRkswp1UzVn3Sxg9/cvugxxDBH/W,student,2026-06-08 19:35:37.446438
937,Hortense,Louis,lmarin@example.com,+33 6 95 58 58 50,$2b$12$mQ6apj9GU3G9UffHxkS/puCraoRkswp1UzVn3Sxg9/cvugxxDBH/W,student,2026-06-08 19:35:37.446461
938,Thibault,Muller,alicebigot@example.org,0492831584,$2b$12$mQ6apj9GU3G9UffHxkS/puCraoRkswp1UzVn3Sxg9/cvugxxDBH/W,student,2026-06-08 19:35:37.446484
939,Martine,Gilles,therese91@example.net,+33 5 40 68 52 39,$2b$12$mQ6apj9GU3G9UffHxkS/puCraoRkswp1UzVn3Sxg9/cvugxxDBH/W,student,2026-06-08 19:35:37.446507
940,Thierry,Courtois,jacqueline53@example.org,0480000432,$2b$12$mQ6apj9GU3G9UffHxkS/puCraoRkswp1UzVn3Sxg9/cvugxxDBH/W,student,2026-06-08 19:35:37.446530
941,Olivie,Guillaume,imillet@example.com,05 08 93 10 56,$2b$12$mQ6apj9GU3G9UffHxkS/puCraoRkswp1UzVn3Sxg9/cvugxxDBH/W,student,2026-06-08 19:35:37.446553
942,Marianne,Muller,charlesmeunier@example.com,02 53 79 82 05,$2b$12$mQ6apj9GU3G9UffHxkS/puCraoRkswp1UzVn3Sxg9/cvugxxDBH/W,student,2026-06-08 19:35:37.446577
943,Inès,Alves,pariselodie@example.com,05 65 73 23 47,$2b$12$mQ6apj9GU3G9UffHxkS/puCraoRkswp1UzVn3Sxg9/cvugxxDBH/W,student,2026-06-08 19:35:37.446601
944,Robert,Chevallier,wremy@example.com,+33 (0)3 56 79 50 66,$2b$12$mQ6apj9GU3G9UffHxkS/puCraoRkswp1UzVn3Sxg9/cvugxxDBH/W,student,2026-06-08 19:35:37.446624
945,Chantal,Leleu,raynaudmarine@example.org,+33 (0)2 51 85 20 10,$2b$12$mQ6apj9GU3G9UffHxkS/puCraoRkswp1UzVn3Sxg9/cvugxxDBH/W,student,2026-06-08 19:35:37.446647
946,Corinne,Nicolas,marinemallet@example.org,+33 3 76 37 01 80,$2b$12$mQ6apj9GU3G9UffHxkS/puCraoRkswp1UzVn3Sxg9/cvugxxDBH/W,student,2026-06-08 19:35:37.446671
947,Margaux,Schmitt,philippeluc@example.net,0487391068,$2b$12$mQ6apj9GU3G9UffHxkS/puCraoRkswp1UzVn3Sxg9/cvugxxDBH/W,student,2026-06-08 19:35:37.446695
948,Noël,Diallo,laetitia85@example.org,+33 1 49 05 43 07,$2b$12$mQ6apj9GU3G9UffHxkS/puCraoRkswp1UzVn3Sxg9/cvugxxDBH/W,student,2026-06-08 19:35:37.446717
949,Benoît,Paul,jean57@example.org,+33 (0)3 65 22 63 27,$2b$12$mQ6apj9GU3G9UffHxkS/puCraoRkswp1UzVn3Sxg9/cvugxxDBH/W,student,2026-06-08 19:35:37.446740
950,Anastasie,Peron,jerome66@example.com,+33 1 72 57 31 69,$2b$12$mQ6apj9GU3G9UffHxkS/puCraoRkswp1UzVn3Sxg9/cvugxxDBH/W,student,2026-06-08 19:35:37.446762
951,Dominique,François,kweber@example.net,01 40 54 55 06,$2b$12$mQ6apj9GU3G9UffHxkS/puCraoRkswp1UzVn3Sxg9/cvugxxDBH/W,student,2026-06-08 19:35:37.446785
952,Gabrielle,Boyer,tduval@example.com,+33 4 73 54 77 01,$2b$12$mQ6apj9GU3G9UffHxkS/puCraoRkswp1UzVn3Sxg9/cvugxxDBH/W,student,2026-06-08 19:35:37.446808
953,Aurélie,Mallet,hgimenez@example.org,0594663901,$2b$12$mQ6apj9GU3G9UffHxkS/puCraoRkswp1UzVn3Sxg9/cvugxxDBH/W,student,2026-06-08 19:35:37.446831
954,Eugène,Courtois,marie28@example.com,+33 5 19 35 09 34,$2b$12$mQ6apj9GU3G9UffHxkS/puCraoRkswp1UzVn3Sxg9/cvugxxDBH/W,student,2026-06-08 19:35:37.446853
955,Lucy,Costa,gilletrene@example.org,+33 6 35 54 73 22,$2b$12$mQ6apj9GU3G9UffHxkS/puCraoRkswp1UzVn3Sxg9/cvugxxDBH/W,student,2026-06-08 19:35:37.446877
956,Alain,Aubry,maryse05@example.com,+33 (0)7 44 13 53 85,$2b$12$mQ6apj9GU3G9UffHxkS/puCraoRkswp1UzVn3Sxg9/cvugxxDBH/W,student,2026-06-08 19:35:37.446900
957,Henri,Delorme,benjaminandre@example.org,+33 6 01 90 31 10,$2b$12$mQ6apj9GU3G9UffHxkS/puCraoRkswp1UzVn3Sxg9/cvugxxDBH/W,student,2026-06-08 19:35:37.446924
958,Pierre,Rousset,alix44@example.net,07 85 99 67 68,$2b$12$mQ6apj9GU3G9UffHxkS/puCraoRkswp1UzVn3Sxg9/cvugxxDBH/W,student,2026-06-08 19:35:37.446946
959,Renée,Barthelemy,wklein@example.net,0251683334,$2b$12$mQ6apj9GU3G9UffHxkS/puCraoRkswp1UzVn3Sxg9/cvugxxDBH/W,student,2026-06-08 19:35:37.446968
960,Michelle,Launay,colletconstance@example.org,+33 2 47 05 24 61,$2b$12$mQ6apj9GU3G9UffHxkS/puCraoRkswp1UzVn3Sxg9/cvugxxDBH/W,student,2026-06-08 19:35:37.446992
961,William,Pelletier,besnardarthur@example.com,+33 (0)2 19 98 04 27,$2b$12$mQ6apj9GU3G9UffHxkS/puCraoRkswp1UzVn3Sxg9/cvugxxDBH/W,student,2026-06-08 19:35:37.447016
962,Clémence,Ruiz,martine36@example.com,0493048301,$2b$12$mQ6apj9GU3G9UffHxkS/puCraoRkswp1UzVn3Sxg9/cvugxxDBH/W,student,2026-06-08 19:35:37.447039
963,Charlotte,Dias,drossi@example.net,+33 (0)4 32 95 15 39,$2b$12$mQ6apj9GU3G9UffHxkS/puCraoRkswp1UzVn3Sxg9/cvugxxDBH/W,student,2026-06-08 19:35:37.447062
964,Clémence,Lelièvre,jacques38@example.org,0634751388,$2b$12$mQ6apj9GU3G9UffHxkS/puCraoRkswp1UzVn3Sxg9/cvugxxDBH/W,student,2026-06-08 19:35:37.447084
965,Alexandre,Giraud,moniquebonnet@example.org,0261651421,$2b$12$mQ6apj9GU3G9UffHxkS/puCraoRkswp1UzVn3Sxg9/cvugxxDBH/W,student,2026-06-08 19:35:37.447108
966,Gilles,Robert,tjoseph@example.com,+33 (0)3 28 30 98 27,$2b$12$mQ6apj9GU3G9UffHxkS/puCraoRkswp1UzVn3Sxg9/cvugxxDBH/W,student,2026-06-08 19:35:37.447131
967,Maggie,Lecoq,aledoux@example.com,+33 7 78 38 28 50,$2b$12$mQ6apj9GU3G9UffHxkS/puCraoRkswp1UzVn3Sxg9/cvugxxDBH/W,student,2026-06-08 19:35:37.447154
968,Guillaume,Hamel,alix39@example.com,+33 (0)4 89 11 59 30,$2b$12$mQ6apj9GU3G9UffHxkS/puCraoRkswp1UzVn3Sxg9/cvugxxDBH/W,student,2026-06-08 19:35:37.447176
969,Virginie,Perrin,xpages@example.net,0345968429,$2b$12$mQ6apj9GU3G9UffHxkS/puCraoRkswp1UzVn3Sxg9/cvugxxDBH/W,student,2026-06-08 19:35:37.447198
970,Dominique,Lévêque,lbonneau@example.org,+33 5 24 12 40 12,$2b$12$mQ6apj9GU3G9UffHxkS/puCraoRkswp1UzVn3Sxg9/cvugxxDBH/W,student,2026-06-08 19:35:37.447221
971,Noémi,Leroux,hortense23@example.org,+33 (0)2 56 50 40 07,$2b$12$mQ6apj9GU3G9UffHxkS/puCraoRkswp1UzVn3Sxg9/cvugxxDBH/W,student,2026-06-08 19:35:37.447244
972,Renée,Gilbert,dupuisnicolas@example.com,0366706095,$2b$12$mQ6apj9GU3G9UffHxkS/puCraoRkswp1UzVn3Sxg9/cvugxxDBH/W,student,2026-06-08 19:35:37.447267
973,Thierry,Roux,alexandriecollet@example.org,04 57 77 29 92,$2b$12$mQ6apj9GU3G9UffHxkS/puCraoRkswp1UzVn3Sxg9/cvugxxDBH/W,student,2026-06-08 19:35:37.447292
974,Sébastien,Renard,capucinelouis@example.org,0177493048,$2b$12$mQ6apj9GU3G9UffHxkS/puCraoRkswp1UzVn3Sxg9/cvugxxDBH/W,student,2026-06-08 19:35:37.447317
975,Bernard,Vaillant,begueeugene@example.org,+33 (0)2 48 10 12 28,$2b$12$mQ6apj9GU3G9UffHxkS/puCraoRkswp1UzVn3Sxg9/cvugxxDBH/W,student,2026-06-08 19:35:37.447342
976,Pierre,Grégoire,dphilippe@example.org,0450785820,$2b$12$mQ6apj9GU3G9UffHxkS/puCraoRkswp1UzVn3Sxg9/cvugxxDBH/W,student,2026-06-08 19:35:37.447365
977,Catherine,Albert,claireherve@example.net,+33 (0)1 42 09 93 27,$2b$12$mQ6apj9GU3G9UffHxkS/puCraoRkswp1UzVn3Sxg9/cvugxxDBH/W,student,2026-06-08 19:35:37.447389
978,Maggie,Antoine,marienoel@example.org,+33 (0)2 29 13 18 72,$2b$12$mQ6apj9GU3G9UffHxkS/puCraoRkswp1UzVn3Sxg9/cvugxxDBH/W,student,2026-06-08 19:35:37.447412
979,William,Adam,robert94@example.org,0662927963,$2b$12$mQ6apj9GU3G9UffHxkS/puCraoRkswp1UzVn3Sxg9/cvugxxDBH/W,student,2026-06-08 19:35:37.447435
980,Colette,Guillet,dos-santospatrick@example.com,0478061417,$2b$12$mQ6apj9GU3G9UffHxkS/puCraoRkswp1UzVn3Sxg9/cvugxxDBH/W,student,2026-06-08 19:35:37.447460
981,Agnès,Voisin,alvesfranck@example.org,+33 4 75 01 72 81,$2b$12$mQ6apj9GU3G9UffHxkS/puCraoRkswp1UzVn3Sxg9/cvugxxDBH/W,student,2026-06-08 19:35:37.447483
982,Franck,Payet,helenecolin@example.net,+33 5 35 11 20 86,$2b$12$mQ6apj9GU3G9UffHxkS/puCraoRkswp1UzVn3Sxg9/cvugxxDBH/W,student,2026-06-08 19:35:37.447507
983,Pierre,Roux,barthelemymartin@example.com,0545449437,$2b$12$mQ6apj9GU3G9UffHxkS/puCraoRkswp1UzVn3Sxg9/cvugxxDBH/W,student,2026-06-08 19:35:37.447531
984,Philippe,Sauvage,charpentiergerard@example.com,03 20 95 29 16,$2b$12$mQ6apj9GU3G9UffHxkS/puCraoRkswp1UzVn3Sxg9/cvugxxDBH/W,student,2026-06-08 19:35:37.447556
985,Mathilde,Rivière,marysecollet@example.com,+33 (0)5 35 82 32 34,$2b$12$mQ6apj9GU3G9UffHxkS/puCraoRkswp1UzVn3Sxg9/cvugxxDBH/W,student,2026-06-08 19:35:37.447579
986,Michel,Monnier,alexandre42@example.com,03 86 86 62 62,$2b$12$mQ6apj9GU3G9UffHxkS/puCraoRkswp1UzVn3Sxg9/cvugxxDBH/W,student,2026-06-08 19:35:37.447602
987,Laurence,Boutin,stephane52@example.com,02 50 57 04 42,$2b$12$mQ6apj9GU3G9UffHxkS/puCraoRkswp1UzVn3Sxg9/cvugxxDBH/W,student,2026-06-08 19:35:37.447628
988,Timothée,Grenier,baudrymargot@example.org,+33 4 42 02 37 88,$2b$12$mQ6apj9GU3G9UffHxkS/puCraoRkswp1UzVn3Sxg9/cvugxxDBH/W,student,2026-06-08 19:35:37.447652
989,Honoré,Carpentier,laetitia07@example.org,05 33 53 92 70,$2b$12$mQ6apj9GU3G9UffHxkS/puCraoRkswp1UzVn3Sxg9/cvugxxDBH/W,student,2026-06-08 19:35:37.447675
990,Audrey,Lamy,marine56@example.com,0465938740,$2b$12$mQ6apj9GU3G9UffHxkS/puCraoRkswp1UzVn3Sxg9/cvugxxDBH/W,student,2026-06-08 19:35:37.447698
991,Amélie,Bonneau,moniquelebon@example.net,0354012839,$2b$12$mQ6apj9GU3G9UffHxkS/puCraoRkswp1UzVn3Sxg9/cvugxxDBH/W,student,2026-06-08 19:35:37.447721
992,Danielle,Techer,zblot@example.org,02 43 73 57 93,$2b$12$mQ6apj9GU3G9UffHxkS/puCraoRkswp1UzVn3Sxg9/cvugxxDBH/W,student,2026-06-08 19:35:37.447744
993,Olivier,Lelièvre,remyedith@example.org,+33 5 18 20 31 96,$2b$12$mQ6apj9GU3G9UffHxkS/puCraoRkswp1UzVn3Sxg9/cvugxxDBH/W,student,2026-06-08 19:35:37.447768
994,Antoine,Carre,kferrand@example.com,0233856841,$2b$12$mQ6apj9GU3G9UffHxkS/puCraoRkswp1UzVn3Sxg9/cvugxxDBH/W,student,2026-06-08 19:35:37.447790
995,Michèle,Bourdon,ivoisin@example.com,+33 (0)4 37 73 79 20,$2b$12$mQ6apj9GU3G9UffHxkS/puCraoRkswp1UzVn3Sxg9/cvugxxDBH/W,student,2026-06-08 19:35:37.447813
996,Christiane,Lamy,benoit99@example.com,+33 (0)3 58 41 49 33,$2b$12$mQ6apj9GU3G9UffHxkS/puCraoRkswp1UzVn3Sxg9/cvugxxDBH/W,student,2026-06-08 19:35:37.447837
997,Luce,Weber,dupreraymond@example.net,01 76 45 60 10,$2b$12$mQ6apj9GU3G9UffHxkS/puCraoRkswp1UzVn3Sxg9/cvugxxDBH/W,student,2026-06-08 19:35:37.447861
998,Jean,Dos Santos,claudine44@example.org,03 57 58 17 84,$2b$12$mQ6apj9GU3G9UffHxkS/puCraoRkswp1UzVn3Sxg9/cvugxxDBH/W,student,2026-06-08 19:35:37.447884
999,Patricia,Chauveau,juliefaivre@example.com,+33 3 80 39 32 44,$2b$12$mQ6apj9GU3G9UffHxkS/puCraoRkswp1UzVn3Sxg9/cvugxxDBH/W,student,2026-06-08 19:35:37.447907
1000,Colette,Valette,broux@example.net,05 94 52 03 29,$2b$12$mQ6apj9GU3G9UffHxkS/puCraoRkswp1UzVn3Sxg9/cvugxxDBH/W,student,2026-06-08 19:35:37.447930
1001,Pauline,Chrétien,lorraine79@example.com,0732390414,$2b$12$mQ6apj9GU3G9UffHxkS/puCraoRkswp1UzVn3Sxg9/cvugxxDBH/W,teacher,2026-06-08 19:35:37.447954
1002,Marguerite,Noël,sebastienbrun@example.org,0492615726,$2b$12$mQ6apj9GU3G9UffHxkS/puCraoRkswp1UzVn3Sxg9/cvugxxDBH/W,teacher,2026-06-08 19:35:37.447978
1003,Zacharie,Lopes,cecilerichard@example.com,05 62 66 80 66,$2b$12$mQ6apj9GU3G9UffHxkS/puCraoRkswp1UzVn3Sxg9/cvugxxDBH/W,teacher,2026-06-08 19:35:37.448002
1004,Benoît,Guillot,gomezaime@example.org,04 30 49 57 18,$2b$12$mQ6apj9GU3G9UffHxkS/puCraoRkswp1UzVn3Sxg9/cvugxxDBH/W,teacher,2026-06-08 19:35:37.448025
1005,Vincent,Mallet,juliede-sousa@example.org,06 43 50 81 62,$2b$12$mQ6apj9GU3G9UffHxkS/puCraoRkswp1UzVn3Sxg9/cvugxxDBH/W,teacher,2026-06-08 19:35:37.448098
1006,Henri,Thomas,hortense72@example.net,0495706302,$2b$12$mQ6apj9GU3G9UffHxkS/puCraoRkswp1UzVn3Sxg9/cvugxxDBH/W,teacher,2026-06-08 19:35:37.448164
1007,Gérard,Allain,veroniquebouvet@example.net,+33 4 76 86 87 15,$2b$12$mQ6apj9GU3G9UffHxkS/puCraoRkswp1UzVn3Sxg9/cvugxxDBH/W,teacher,2026-06-08 19:35:37.448200
1008,Corinne,Renault,christelleparis@example.org,0387685825,$2b$12$mQ6apj9GU3G9UffHxkS/puCraoRkswp1UzVn3Sxg9/cvugxxDBH/W,teacher,2026-06-08 19:35:37.448231
1009,Maggie,Mercier,noelmorvan@example.net,01 42 68 29 66,$2b$12$mQ6apj9GU3G9UffHxkS/puCraoRkswp1UzVn3Sxg9/cvugxxDBH/W,teacher,2026-06-08 19:35:37.448268
1010,Alexandre,Durand,lelievrejulien@example.org,0339332283,$2b$12$mQ6apj9GU3G9UffHxkS/puCraoRkswp1UzVn3Sxg9/cvugxxDBH/W,teacher,2026-06-08 19:35:37.448296
1011,Célina,Dubois,gonzalezpauline@example.net,+33 (0)2 62 26 58 56,$2b$12$mQ6apj9GU3G9UffHxkS/puCraoRkswp1UzVn3Sxg9/cvugxxDBH/W,teacher,2026-06-08 19:35:37.448326
1012,Suzanne,Roger,leblancdaniel@example.net,06 34 46 03 06,$2b$12$mQ6apj9GU3G9UffHxkS/puCraoRkswp1UzVn3Sxg9/cvugxxDBH/W,teacher,2026-06-08 19:35:37.448355
1013,Inès,Masson,fsanchez@example.net,+33 (0)2 54 36 81 51,$2b$12$mQ6apj9GU3G9UffHxkS/puCraoRkswp1UzVn3Sxg9/cvugxxDBH/W,teacher,2026-06-08 19:35:37.448383
1014,Adélaïde,Hebert,qlacroix@example.org,01 81 29 95 14,$2b$12$mQ6apj9GU3G9UffHxkS/puCraoRkswp1UzVn3Sxg9/cvugxxDBH/W,teacher,2026-06-08 19:35:37.448416
1015,Marcel,Garcia,honore91@example.com,06 60 51 44 40,$2b$12$mQ6apj9GU3G9UffHxkS/puCraoRkswp1UzVn3Sxg9/cvugxxDBH/W,teacher,2026-06-08 19:35:37.448444
1016,Michelle,Rousset,dcoulon@example.org,0641366139,$2b$12$mQ6apj9GU3G9UffHxkS/puCraoRkswp1UzVn3Sxg9/cvugxxDBH/W,admin,2026-06-08 19:35:37.448471
1017,Maurice,Marty,danielcarlier@example.org,03 61 83 62 75,$2b$12$mQ6apj9GU3G9UffHxkS/puCraoRkswp1UzVn3Sxg9/cvugxxDBH/W,admin,2026-06-08 19:35:37.448499
1018,Antoinette,Mary,dmarchand@example.org,0587045735,$2b$12$mQ6apj9GU3G9UffHxkS/puCraoRkswp1UzVn3Sxg9/cvugxxDBH/W,admin,2026-06-08 19:35:37.448526
1019,Céline,Allain,duhamelvalentine@example.com,+33 (0)6 58 61 25 49,$2b$12$mQ6apj9GU3G9UffHxkS/puCraoRkswp1UzVn3Sxg9/cvugxxDBH/W,admin,2026-06-08 19:35:37.448556
1020,William,Chevalier,suzanne62@example.org,0254941949,$2b$12$mQ6apj9GU3G9UffHxkS/puCraoRkswp1UzVn3Sxg9/cvugxxDBH/W,admin,2026-06-08 19:35:37.448581
